source_har,search_query,page,rank_in_page,record_kind,source_object,rc_type,content_type,content_id,uuid,title,content,content_chars,author_id,author_nickname,create_time_utc,show_time_utc,source_url,entity_data_id,dedupe_key
www.nowcoder.com.har,数据分析面经,2,1,POST,contentData,207,250,353157170986426368,3b308ddc2c1d47db888b239b2dcd89ec,猿辅导 数据分析 面经,社招 一面面经 写点面经攒点好运[面试必过][来个offer] 问简历，两个经验很细致的问一点点的问，讲的50分钟，最后还因为经历过程中有点争议，这点处理的不好 然后给了4道题做笔试 1.常规的sql,100,9709519,垚垚垚垚垚垚,2020-10-18 04:43:04 UTC,2020-10-18 04:45:47 UTC,https://www.nowcoder.com/feed/main/detail/3b308ddc2c1d47db888b239b2dcd89ec,542391,uuid:3b308ddc2c1d47db888b239b2dcd89ec
www.nowcoder.com.har,数据分析面经,2,2,POST,contentData,207,250,929182181329506304,9a8eca724b494b65944e67e836fb1add,拼多多面经 拼多多运营岗面经-03,数据分析工具（如Excel，SQL等）的熟悉程度 对多多买菜业务的未来发展有什么想法，...你会如何搭建分析框架，来系统性地探究问题根源？ 针对上述那款“滞销品”，你会制定什么样的“老品管理计划”？是建议通过大促活动清仓，还是尝试重新定位包装进行推广，或是直接淘汰？...平台出现商品缺货、断货，如何协调供应链，减少对消费者的影响 如何利用社交媒体等渠道，在下沉市场开展针对性的用户拉新活动 简单谈谈该活动的策划（注意说清核心要素） 在产品选品、品牌定位和营销推广方面的经历 如何运用数据助力商家打造爆款...25 日 说一下东南亚、美国、沙特、欧洲这些市场的区别 沙特市场的消费者有什么篇好吗（直言不太了解） 怎么看待中东市场的发展 东南亚市场的消费者有什么偏好 如何打造钩子商品 如何打造爆品 如何进行竞品分析...面经 06 面试岗位：拼多多 运营岗 ｜ 面试时间：2025 年 9 月 7 日 为什么本科选了英语专业，为什么转专业？...社区团购市场开拓，怎样吸引和增加团长数量 怎样有效管理和激励团长，提升其业绩与活跃度 讲述一次在困难状况下坚持并对,480,646661816,林小白zii,2026-09-14 17:18:15 UTC,2026-09-14 17:18:15 UTC,https://www.nowcoder.com/feed/main/detail/9a8eca724b494b65944e67e836fb1add,1675692,uuid:9a8eca724b494b65944e67e836fb1add
www.nowcoder.com.har,数据分析面经,2,3,POST,contentData,207,250,353156438564478976,0bfb3cd9c22b49dc9fd6c6149da1cded,字节跳动数据分析面经,日常实习一面 觉得凉了还是来许个愿 中午要睡觉的时候接到hr电话，约下午四点视频面 1.三到五分钟自我介绍 2.五分钟介绍简历上的项目 3.会用python sql VBA吗（讲实话VBA不好只有了解） 4.口算一道题 5.有什么问题,117,427381733,bretha,2020-05-15 08:29:54 UTC,2020-05-15 09:05:11 UTC,https://www.nowcoder.com/feed/main/detail/0bfb3cd9c22b49dc9fd6c6149da1cded,427539,uuid:0bfb3cd9c22b49dc9fd6c6149da1cded
www.nowcoder.com.har,数据分析面经,2,4,POST,contentData,207,250,364157932844449792,c84b2cb55e5a460b96629035fcaadbf9,网易数据分析面经,回馈牛客~面的是传媒技术部的数据分析，对接的是网易新闻 一面35分钟 1.简历深挖。挖得太细了，很多角度都是从未设想过的，不得不说业务做的多的人看细节真的很独到 2.机器学习相关。...随机森林、逻辑回归原理，如何做特征筛选，评价指标 3.口述三道SQL 4.一道python数据清洗的题目，屏幕共享直接写 5.反问，介绍业务，然后给我提了点二面的建议 二面 主管面20分钟 1.AB实验样本不平衡怎么办,202,188970659,你们数理基础也太扎实了吧,2022-06-08 13:13:36 UTC,2022-07-02 07:16:43 UTC,https://www.nowcoder.com/feed/main/detail/c84b2cb55e5a460b96629035fcaadbf9,966230,uuid:c84b2cb55e5a460b96629035fcaadbf9
www.nowcoder.com.har,数据分析面经,2,5,POST,contentData,207,250,353158486315966464,8bc9afb27568412caa08a9cc85831dc2,转转 数据分析 面经,数据指标体系 4. 数据分析方法 5. 假设检验 6. 部门间如何协调 7. 反问 当天晚上收到二面通知，周六不休息嘛！！！ 二面：9.12 后续随缘，有面试再进行补充~,85,354886389,牛客354886389号,2021-09-11 08:49:52 UTC,2021-09-11 13:43:18 UTC,https://www.nowcoder.com/feed/main/detail/8bc9afb27568412caa08a9cc85831dc2,740233,uuid:8bc9afb27568412caa08a9cc85831dc2
www.nowcoder.com.har,数据分析面经,2,6,POST,contentData,207,250,353157652731600896,d17ca372ae15491c859fe18facd17550,滴滴数据分析实习面经,给需要应聘数据分析的小伙伴一点参考吧...还没有消息，但是我感觉是凉了 以下是一些问题 自我介绍 指标异动分析 机器学习算法对于数据分析的应用理解 sql题，就是说了说，但是自己答的太差了 个人项目的问题，基本就是细节处理 AB test 随机森林,124,917632816,牛客917632816号,2021-03-15 08:12:16 UTC,2021-03-15 08:15:03 UTC,https://www.nowcoder.com/feed/main/detail/d17ca372ae15491c859fe18facd17550,614345,uuid:d17ca372ae15491c859fe18facd17550
www.nowcoder.com.har,数据分析面经,2,7,POST,contentData,207,250,930241772976951296,f951b3716bb44cc1a2b7fd588ab9dbbd,携程面经 携程运营岗面经-01,收获最大的是什么 介绍自己简历项目，强调数据分析的提问 为什么从上一段实习离职了 自己更喜欢哪个方向:市场还是数据分析 面经 17 面试岗位：携程 运营岗 ｜ 面试时间：2025 年 3 月 25 日...如果一篇精心准备的攻略数据很差，你会如何分析并优化? 你如何通过数据分析来指导内容运营策略? 请列举几个你认为做得好的旅游类竞争对手账号，并说明原因 如何通过内容运营提升用户的粘性和复访率?...面经 06 面试岗位：携程 运营岗 ｜ 面试时间：2025 年 9 月 18 日 请先做一个简短自我介绍，突出与你业务运营/数据分析/项目协同相关的经历 你对携程（Trip.com Group）整体业务版图...为什么 面经 08 面试岗位：携程 运营岗 ｜ 面试时间：2025 年 9 月 18 日 请先做一个简短自我介绍，突出与你产品运营/数据分析/活动或内容项目相关的实践 结合你对携程（Trip.com Group...说一次你在校园或实习中用数据推动方案被采纳的经历：背景、分析逻辑、结果 假如节前黄金周库存紧张，你如何设计一套“库存预警+动态补货”简易流程？,486,646661816,林小白zii,2026-09-17 15:28:42 UTC,2026-09-17 15:28:42 UTC,https://www.nowcoder.com/feed/main/detail/f951b3716bb44cc1a2b7fd588ab9dbbd,1676547,uuid:f951b3716bb44cc1a2b7fd588ab9dbbd
www.nowcoder.com.har,数据分析面经,2,8,POST,contentData,207,250,353157331225616384,f560b88294044376adb25bf72fe7a59e,拼多多数据分析面经,如何分析dau突然下降 7、你认为的对于电商而言最重要的一个指标 8、未来职业规划...一面 1、自我介绍 2、介绍实习所做内容及收获 3、两道sql 4、估算武汉市一共有多少红绿灯 5、ABtest和假设检验 6、,108,549311495,圈啊圈,2020-11-14 16:29:14 UTC,2020-11-19 08:30:12 UTC,https://www.nowcoder.com/feed/main/detail/f560b88294044376adb25bf72fe7a59e,564800,uuid:f560b88294044376adb25bf72fe7a59e
www.nowcoder.com.har,数据分析面经,2,9,POST,contentData,207,250,353157183468675072,2bcdaf2aa6d64a0d959e56aaa40960e7,美团-数据分析-面经,选做数据分析（3分钟） 4. 问了一个简单的编程题（3分钟） 5. ...深挖简历 大学和研究生期间的学生干部经历（5分钟） 实习期间参与的项目（10分钟） 为什么没留在京东转正（3分钟） 为什么没做开发，,103,873552841,Michael234,2020-10-20 07:06:24 UTC,2020-10-20 07:14:09 UTC,https://www.nowcoder.com/feed/main/detail/2bcdaf2aa6d64a0d959e56aaa40960e7,544307,uuid:2bcdaf2aa6d64a0d959e56aaa40960e7
www.nowcoder.com.har,数据分析面经,2,10,POST,contentData,207,250,353157041428570112,e119d3fce81342b7839a4797f679cace,贝壳 数据分析 面经,反问：数据分析岗是如何分配到各业务线的？ 马上进入业务二面： 问了下为什么来北京、为什么不留在香港、职业规划等等。,57,288998179,Echo张,2020-09-23 02:13:30 UTC,2020-09-23 02:13:53 UTC,https://www.nowcoder.com/feed/main/detail/e119d3fce81342b7839a4797f679cace,521769,uuid:e119d3fce81342b7839a4797f679cace
www.nowcoder.com.har,数据分析面经,2,11,POST,contentData,207,250,355655240769695744,6bada0eadfd74465990385a8e8aa1f7b,美的-数据分析面经,美的-数据分析（2021秋招） 美的一面（群面）： 1.每人两分钟简单自我介绍 2.情景业务题，无领导小组讨论 3.推举一人总结复盘 4.面试官提问 美的二面： 1.实习简单介绍，核心指标有哪些，统计日报的维度,105,288446377,sf冲冲冲,2022-05-16 02:06:57 UTC,2022-05-16 02:06:57 UTC,https://www.nowcoder.com/feed/main/detail/6bada0eadfd74465990385a8e8aa1f7b,953420,uuid:6bada0eadfd74465990385a8e8aa1f7b
www.nowcoder.com.har,数据分析面经,2,12,POST,contentData,207,250,929910854944849920,de32ab2a97a3480a8851e63a6e7272dd,携程面经 携程产品经理岗面经-01,通过数据分析来辅助决策或发现问题的经历。你当时的目标是什么?分析了哪些数据?得出了什么结论? 你当时使用的数据分析方法或工具有哪些?...你会如何着手分析这个问题? 你会从哪些维度去收集信息和数据来更全面地理解这个问题?(例如用户行为数据、用户访谈、竞品分析等) 基于你的初步分析，你会提出哪些可能的产品优化方向?...(需要具体说明分析维度、可能用到的数据、研究方法等 针对可能的若干原因，请分别提出至少一个产品层面的解决方案，并天内一述你的设计逻辑和预期效果 面经 09 面试岗位：携程 产品经理岗 ｜ 面试时间：2025...你会设计一个怎样的用户研究和数据分析方案来深挖背后的原因?...相较他人，你在数据产品领域有哪些突出优势？请举例说明 面经 13 面试岗位：携程 产品经理岗 ｜ 面试时间：2025 年 8 月 19 日 看你之前的实习是数据产品，你有了解过其他产品经理的类型吗？...并说明你为什么会优先考虑某个方向 请分享一个你在实习或项目中，,431,646661816,林小白zii,2026-09-16 17:33:45 UTC,2026-09-16 17:33:45 UTC,https://www.nowcoder.com/feed/main/detail/de32ab2a97a3480a8851e63a6e7272dd,1676223,uuid:de32ab2a97a3480a8851e63a6e7272dd
www.nowcoder.com.har,数据分析面经,2,13,POST,contentData,207,250,353158403138723840,cc14663318d94a219b85615c5e19dc04,腾讯数据分析,腾讯数据分析真的招人吗。。。为什么看了一圈都没有什么面经啊，8.9被捞了一次后面再也没有消息了。。。。,51,623591389,周蜀杰,2021-09-02 08:40:49 UTC,2021-09-02 08:40:49 UTC,https://www.nowcoder.com/feed/main/detail/cc14663318d94a219b85615c5e19dc04,728809,uuid:cc14663318d94a219b85615c5e19dc04
www.nowcoder.com.har,数据分析面经,2,14,MOMENT,momentData,201,74,1631737,d2480fbf7166457c8de46030d97f90ae,美的数据分析岗笔试面经,#软件开发2023笔面经# 这个谈不上面经吧，毕竟当时抱着试一试的心态投的，然后笔试以为是考行测的内容，结果考了三个还是四个sql的代码题，因为我自己主要用python。,85,825138842,小汤圆erʚྀིɞ,,2023-03-16 14:38:54 UTC,https://www.nowcoder.com/feed/main/detail/d2480fbf7166457c8de46030d97f90ae,1631737,uuid:d2480fbf7166457c8de46030d97f90ae
www.nowcoder.com.har,数据分析面经,2,15,POST,contentData,207,250,353156321958633472,c9a53b46e7d44d67929d10e4d5ba3952,网易严选 数据分析 面经,.电商的最重要的指标 6.什么时候能实习、对数据分析岗的期望等一些个人情况了解 反问的时候忘记问一下面试官超级会员到底应该怎么定价，感觉答得不太好，求大佬们出来指点一下 许愿二面...1.介绍项目，介绍实习 2.对数据分析岗位的了解 3.超级会员目的，怎么定价，怎么衡量收益 （这不就是笔试问答题吗……） 4.问了一下我对SQL的了解情况（自学，没实际操作过），口头上问了两道SQL 5,193,218644038,牛客218644038号,2020-04-15 06:46:49 UTC,2020-04-15 07:50:23 UTC,https://www.nowcoder.com/feed/main/detail/c9a53b46e7d44d67929d10e4d5ba3952,408720,uuid:c9a53b46e7d44d67929d10e4d5ba3952
www.nowcoder.com.har,数据分析面经,2,16,POST,contentData,207,250,353158311207968768,af44f0713e8b431f86b8af58872b20df,思特奇数据分析面经,数据分析岗 通过 一面 7.29 二面 8.2 后面还做了笔试题，不难 一面 差不多20min 有没有实习过 为什么不找自己项目方向的工作 可视化：柱形图和直方图的区别 散点图的作用，什么时候用 数据库...：自连接和外连接的区别 in和exists的区别 机器学习：介绍一下线性回归 反问 二面 30min 自我介绍 做过的项目 项目中遇到的困难，怎么解决的 最近让自己有成就感的一件事 为什么想做数据分析,204,606766571,Danah,2021-08-21 14:13:49 UTC,2021-08-21 14:13:49 UTC,https://www.nowcoder.com/feed/main/detail/af44f0713e8b431f86b8af58872b20df,715377,uuid:af44f0713e8b431f86b8af58872b20df
www.nowcoder.com.har,数据分析面经,2,17,POST,contentData,207,250,928257290623254528,b402eaf6c0024320acdc4317b627c0b0,美团面经-美团算法岗面经-06,假设某品类交易规模增长停滞，你会如何通过数据分析找到原因并提出解决方案?...项目中的指令数据是你自己构造的吗？是否自己尝试过对指令数据做修改？ 有没有尝试修改项目中的Prompt？Prompt的准确度如何评估？ Prompt调试有做过吗？ 模型压缩这一块知道哪些具体的方法？...模型训练过程中出现部分节点失活的情况，数据应该怎么处理？ 了解哪些强化学习算法？off-policy的举几个例子。 讲讲PPO和GRPO 看过什么论文？...链表hot100变形题 能实习多久 什么时候入职 面经 05 面试岗位：算法岗 ｜ 面试时间：2025 年 10 月 29 日 讲一下最近很火的onerec吧？...手撕：二叉树中序遍历非递归 面经 12 面试岗位：算法岗 ｜ 面试时间：2025 年 10 月 15 日 问实习项目 softmax中的温度系数有什么用？,380,646661816,林小白zii,2026-09-12 04:03:04 UTC,2026-09-12 04:03:04 UTC,https://www.nowcoder.com/feed/main/detail/b402eaf6c0024320acdc4317b627c0b0,1675260,uuid:b402eaf6c0024320acdc4317b627c0b0
www.nowcoder.com.har,数据分析面经,2,18,POST,contentData,207,250,353158647083638784,74eaec5ef1164c8ba62c260b26981690,老板电器 数据分析 面经,4、数据干扰会怎么处理？ 5、自己有什么特质，能够胜任这份工作？ 6、期望薪资,39,82233553,Angel_WU,2021-09-29 12:05:49 UTC,2021-09-29 12:51:21 UTC,https://www.nowcoder.com/feed/main/detail/74eaec5ef1164c8ba62c260b26981690,762492,uuid:74eaec5ef1164c8ba62c260b26981690
www.nowcoder.com.har,数据分析面经,2,19,MOMENT,momentData,201,74,1631707,3425487d7d0c46fc912683ab4f13799c,4399数据分析岗笔试面经,#软件开发2023笔面经# 前段时间投了4399数据分析方向，本来是15号晚上七点的笔试，忘记参加了顺延到了16号上午九点，内容比想象的多，有十个选择题，涉及面很广，数据结构问时间复杂度的,94,825138842,小汤圆erʚྀིɞ,,2023-03-16 14:16:24 UTC,https://www.nowcoder.com/feed/main/detail/3425487d7d0c46fc912683ab4f13799c,1631707,uuid:3425487d7d0c46fc912683ab4f13799c
www.nowcoder.com.har,数据分析面经,2,20,POST,contentData,207,250,353156203863810048,014b9e10b8ff41e9b966743888a581e0,数据分析专员面经,发帖分享面经求offer！！！ 公司：三七互娱 一面 问题： 1. 自我介绍 2. 为什么不找英语相关的工作（本科商英专业，英语专八） 3. 从校内经历中学到了什么 4.,85,905750088,吃不饱的杰克很喜欢走神,2020-03-24 10:33:31 UTC,2020-03-26 12:02:36 UTC,https://www.nowcoder.com/feed/main/detail/014b9e10b8ff41e9b966743888a581e0,390567,uuid:014b9e10b8ff41e9b966743888a581e0
www.nowcoder.com.har,数据分析面经,1,1,MOMENT,momentData,201,74,2912829,26145c8aa8e443f0a259340e7381c260,海信—大数据开发—面经,AI基础薄弱，希望引入人才把总部AI能力落地本地业务，分析生产效率、设备预警、人员配比合理性。入职后对接总部AI团队，评估AI成熟度，筛选可落地场景复制到本地，这块业务目前还未开展。...我们团队没有专职数据岗位，需要复合型人才，既要做业务功能开发，也要做数据梳理、接口调用。第三组是硬件相关业务。 #秋招面试记录# ...A：IT小团队整体规模多大，人员构成如何，专职做数据有多少人？...面试时间：9.18 面试公司：海信 面试岗位：大数据开发 Q：请做一下自我介绍。 Q：秋招情况？ Q：学业情况？ Q：实习或者在校期间，你遇到最有挑战性的一件事是什么？...Q：你们的数据，服务对象是谁，用来做什么？ Q：有没有参与AI模型、AI功能本身的开发？ Q：你有没有实际参与数仓分层的设计？ Q：简历提到大表Join打散优化治理，该工作主要解决哪些问题？,378,403525033,AAA野生原子弹批发,,2026-09-18 07:37:46 UTC,https://www.nowcoder.com/feed/main/detail/26145c8aa8e443f0a259340e7381c260,2912829,uuid:26145c8aa8e443f0a259340e7381c260
www.nowcoder.com.har,数据分析面经,1,2,POST,contentData,207,250,929910054369624064,33ac89fe6325442fb2dd87be74c38606,米哈游面经 米哈游数据开发与数据分析岗面经-01,面经 01 面试岗位：米哈游 数据开发与数据分析岗 ｜ 面试时间：2025 年 10 月 25 日 搭建用户增长分析模型时，你认为宏观趋势视角下哪些关键因素需重点关注?...面经 05 面试岗位：米哈游 数据开发与数据分析岗 ｜ 面试时间：2025 年 10 月 15 日 请先做个简单的自我介绍？...面经 06 面试岗位：米哈游 数据开发与数据分析岗 ｜ 面试时间：2025 年 10 月 15 日 请先做个简单的自我介绍？...面经 08 面试岗位：米哈游 数据开发与数据分析岗 ｜ 面试时间：2025 年 9 月 16 日 请简单介绍一下自己，包括专业背景和数据分析相关的项目经历 你为什么想申请米哈游的用户增长数据分析实习岗位...面经 02 面试岗位：米哈游 数据开发与数据分析岗 ｜ 面试时间：2025 年 10 月 25 日 在迭代游戏经济数值时，需要考虑哪些关键因素?,393,646661816,林小白zii,2026-09-16 17:30:34 UTC,2026-09-16 17:30:34 UTC,https://www.nowcoder.com/feed/main/detail/33ac89fe6325442fb2dd87be74c38606,1676221,uuid:33ac89fe6325442fb2dd87be74c38606
www.nowcoder.com.har,数据分析面经,1,3,MOMENT,momentData,201,74,2911220,4ba1476a1cfb4e58bb8c1d3cdd4667bd,量化面经,追问了memory order这个场景怎么分析，锁的公平性怎么优化 我没看过glibc pthread的实现，这个方式比较糊弄（两状态lock/unlocked）...第一次面量化方向的岗位，记录一下面试经历 我面的岗是qd/交易系统开发/infra 主要是传统私募量化，明泓，佳琪，一个币圈量化avenir 其他的都得笔试，九坤非凸啥的，不想做所以一直拖 量化不怎么问项目，所以面经我觉得比较有代表性...追问了rcu怎么平滑回收，塞队列里后台异步消费 仲阳天王星问的 一个单线程dag调度器，给一个线程池，如果并行化这个dag调度器..入度=0做bulk，对一些数据结构加锁 佳期问的 用futex_wait_private,314,128263122,rfoe,,2026-09-19 13:15:30 UTC,https://www.nowcoder.com/feed/main/detail/4ba1476a1cfb4e58bb8c1d3cdd4667bd,2911220,uuid:4ba1476a1cfb4e58bb8c1d3cdd4667bd
www.nowcoder.com.har,数据分析面经,1,4,POST,contentData,207,250,929731959624859648,baa6bead830a48ff823fcc2a1e12e89d,嵌入式大厂面经汇总100+大厂面经总结,长稳数据） 面经里反复出现的...DMA 开了 D-Cache 之后数据为什么偶发错？...RTOS：只会 xTaskCreate、发个队列、点个灯 算会用：能按优先级拆任务，知道 ISR 里能调什么、不能调什么 算熟悉：能讲清抢占、同优先级时间片、临界区、队列/信号量/互斥量选型 算真正理解：能分析优先级反转...主线清楚了，面经才会从“信息焦虑”变成“可执行的准备清单”。.../RTOS 或 Linux/驱动，二选一做深，另一条保持能对话 再打穿 C 基础与调试：指针/内存、中断并发、HardFault/死机/通信异常三类排障故事 只深挖 1 个能扛追问的项目：准备架构图、数据流...） 关键设计与取舍（为什么选 DMA / RTOS 任务拆分 / 驱动框架） 至少一个故障闭环（现象 → 假设 → 证据 → 修复 → 回归） 结果可验证（log、波形、压力测试、,388,441351987,嵌进现实的大厂梦,2026-09-16 05:42:53 UTC,2026-09-16 05:42:53 UTC,https://www.nowcoder.com/feed/main/detail/baa6bead830a48ff823fcc2a1e12e89d,1675998,uuid:baa6bead830a48ff823fcc2a1e12e89d
www.nowcoder.com.har,数据分析面经,1,5,POST,contentData,207,250,930467268939481088,d4bddc02d51c4fa999f65c5a2bed9989,腾讯内推腾讯面经,分享一些面经： 第一轮技术面 闭包作用及实际应用场景 HTTP/1.1、HTTP/2、HTTP/3的核心差异 实现红绿灯控制效果（异步时序逻辑） React Hooks的设计动机与类组件对比 浏览器事件代理原理及实际应用...3-5年技术深耕方向 对腾讯业务生态的理解与岗位匹配度 团队冲突解决案例与反思 高强度工作下的抗压与时间管理方法 技术影响力构建路径（开源、技术分享） 职业规划与长期发展目标 离职原因与岗位期望匹配度分析...复杂项目技术选型标准（框架对比、工具链评估） 设计一个通用组件库的架构方案 微前端实现原理与落地场景 手写队列数据结构及线程安全实现 超大字符串存储与高效查询方案 前端监控系统设计（埋点、异常捕获）...） 浏览器渲染流程与重排/重绘优化 跨域解决方案（JSONP、CORS、代理） 第二轮技术面 低代码平台技术难点与扩展性设计 首屏加载性能优化策略（SSR、CDN、缓存） WebSocket断线重连与数据一致性保障,427,371509618,腾讯内推小能手,2026-09-18 06:24:44 UTC,2026-09-18 06:24:44 UTC,https://www.nowcoder.com/feed/main/detail/d4bddc02d51c4fa999f65c5a2bed9989,1676647,uuid:d4bddc02d51c4fa999f65c5a2bed9989
www.nowcoder.com.har,数据分析面经,1,6,MOMENT,momentData,201,74,2777281,be80030d412d463982e05b286aadffea,小米数据分析校招面经,1.了解埋点吗 2.sql: 次日留存率七日留存率 每个科目排行前三用户 3.怎么体现你的沟通能力(跨部门沟通 4.硕士研究方向 5.实习经历/比赛经历 6.职业规划 7.随即森林，时序，逻辑回归介绍，随机森林如何调参 8.能不能介绍一个从头到尾的机器学习工作 9.特征工程怎么做，流程 10.11、12正则化 11.kmeans调整k值如何调整 12.卡方检验 13.ab实验中的辛普森悖论如何避免 业务题: 1.围绕拉新活动构建数据指标体系,222,290231273,BellezzaBianca,,2026-01-03 14:30:00 UTC,https://www.nowcoder.com/feed/main/detail/be80030d412d463982e05b286aadffea,2777281,uuid:be80030d412d463982e05b286aadffea
www.nowcoder.com.har,数据分析面经,1,7,POST,contentData,207,250,929180674542563328,67a3fade3f704245ad6fb944347e47b9,拼多多面经 拼多多数据开发与数据分析岗面经-01,面经 01 面试岗位：拼多多 数据开发与数据分析岗 ｜ 面试时间：2025 年 12 月 25 日 A品类首次购买后 30 天内复购率 各复购间隔的用户分布 异动分析项目 AB 实验项目 回归分析项目...面经 05 面试岗位：拼多多 数据开发与数据分析岗 ｜ 面试时间：2025 年 10 月 10 日 请做一个简短的自我介绍，重点说明与数据分析、统计建模或业务分析相关的学习/实践经历 你为什么应聘拼多多数据分析师岗位...请举例说明常用统计方法（如假设检验、回归分析）的应用场景 面经 06 面试岗位：拼多多 数据开发与数据分析岗 ｜ 面试时间：2025 年 9 月 26 日 平时做分析，主要会用到哪些数据表？...面经 14 面试岗位：拼多多 数据开发与数据分析岗 ｜ 面试时间：2025 年 8 月 8 日 数据分析能力咋样，会重点关注什么数据 你认为作为产品经理要具备最重要的软能力和硬能力是什么？...用好 面经 08 面试岗位：拼多多 数据开发与数据分析岗 ｜ 面试时间：2025 年 9 月 21 日 sql要提升。有关**率，窗口函数要提升 简历。,485,646661816,林小白zii,2026-09-14 17:12:16 UTC,2026-09-14 17:12:16 UTC,https://www.nowcoder.com/feed/main/detail/67a3fade3f704245ad6fb944347e47b9,1675687,uuid:67a3fade3f704245ad6fb944347e47b9
www.nowcoder.com.har,数据分析面经,1,8,POST,contentData,207,250,799697787196538880,8067045a6c4f4a92876b7b04e3d5a7f7,滴滴数据分析面经,一面：重SQL1. 简历深挖（问项目的背景，方法，遇到的困难）2. 假如某一天某一地区的滴滴乘客用户急剧下降，你应该如何分析3. 介绍一下自己熟悉的模型评价指标4. SQL熟练度5. 两道SQL题：（max、窗口函数）6. 平常使用什么打车软件：滴滴和高德打车的区别在哪里二面：重思想1. 简历深挖（涉及python）2. 简单介绍一下GBDT和随机森林的区别3. AB实验了解么？干什么的？能使用到任何场景么？4. 估算一下楼下咖啡店的销售额（费米问题）5. 你对数据分析岗位的理解和未来职业规划？,250,623980821,AranciaSucrosa,2025-09-22 09:53:30 UTC,2025-09-22 09:53:30 UTC,https://www.nowcoder.com/feed/main/detail/8067045a6c4f4a92876b7b04e3d5a7f7,1560904,uuid:8067045a6c4f4a92876b7b04e3d5a7f7
www.nowcoder.com.har,数据分析面经,1,9,MOMENT,momentData,201,74,2819290,8e1f8ce6c39546bfb6126ace65d1e408,途游数据分析面经,📍面试公司：途游 💻面试岗位：数据分析 ❓面试问题：一轮面试官自我介绍是部门面，面试官挺健谈的。 第一个问题：深挖实习/项目经历，让我自己挑选两个去介绍，我介绍了一段实习一段竞赛项目，面试官展开了追问，大致问题就是模型是怎么选择的，难点是什么，数据是怎么清洗的。 第二个问题：玩什么游戏，分享一下，然后进而引申到如何评估游戏的不平衡性，和问我如何评估我现在玩的这个游戏的不平衡性和排位机制的不平衡性上。 第三个问题：有没有对ai的使用和探索，我展示了我一个cursor搓的网页，并展示了我如同小作文一般的提示词，面试官说现在都是探索阶段，ai确实能替代一些dw 总的来讲就这三个大问题，但是总体面试了四十多分钟，和面试官交流也比较充分，在我回答完问题之后面试官也会发表一些看法并追问。 4/1 update一下，应该是挂了，没收到拒信但是从面试到现在已经五天了没消息，回想了一下应该是排位机制平衡性这里回答的不好，只说了我对elo机制的思考和我自己认为的改进方法，可能太片面了毕竟排位平衡的方法有很多。主包本身很少玩游戏，打游戏也是单机偏多很少玩要排位上分的（太累了），对这个的了解确实不多,495,36479805,想奋斗的勇士在攒经验,,2026-04-02 05:34:26 UTC,https://www.nowcoder.com/feed/main/detail/8e1f8ce6c39546bfb6126ace65d1e408,2819290,uuid:8e1f8ce6c39546bfb6126ace65d1e408
www.nowcoder.com.har,数据分析面经,1,10,MOMENT,momentData,201,74,2841142,c46a935d2efc4f788e903690644c1fe1,美的美少年数据分析终面面经,1.自我介绍。 2.作为应届毕业生，应聘数据分析师岗位的优势和不足分别是什么？ 3.针对不足，入职后打算如何补足业务思维？ 4.分享一个从 0 到 1 学习新环境 / 新技能 / 新知识的完整案例。 追问：上述学习过程中遇到了什么困难，如何解决？这次技术迭代的学习过程中，对你后续工作技能提升有哪些影响？整个学习过程大概花费了多长时间？ 5.日常使用的数据分析工具有哪些？ 追问：Power BI 的使用场景与用途是什么？ 6.数据清洗 / 预处理通常做哪些工作？缺失值、异常值如何处理？ 追问：重要数据无法直接删除或简单填充时，怎么解决？ 7.分享一个你作为项目负责人 / 组长的数据相关项目（背景、职责、分工、工具、成果）。 追问：该项目上线后是否做过效果追踪与复盘分析？这个项目对你个人最大提升是什么？团队成员工作延期时，你如何沟通解决？ 8.未来 1-3 年职业规划是什么？想成为什么样的数据分析师？ 9.除基础能力外，你有哪些特质适合带领小组、推动工作？ 10.你沟通能力不错的底层原因是什么（换位思考 / 说服影响他人）？ 11.反问,473,815334182,谦虚的莲雾在写周报,,2026-04-23 07:54:33 UTC,https://www.nowcoder.com/feed/main/detail/c46a935d2efc4f788e903690644c1fe1,2841142,uuid:c46a935d2efc4f788e903690644c1fe1
www.nowcoder.com.har,数据分析面经,1,11,MOMENT,momentData,201,74,2777221,0d16451410894d0fbe6326490edf67b7,美团数据分析一面 实习面经 20min,"1. 实习介绍 2. [SQL] t(student_id, course_id, grade) - 查找每个学生最高成绩及其对应的课程，如果最高成绩并列，取course_id小的 - Output(student_id, course_id, grade) 3. 大众点评笔记软件优缺点 4. 行为问题 5. 反问",158,380863801,LuceLuna,,2026-01-03 09:20:00 UTC,https://www.nowcoder.com/feed/main/detail/0d16451410894d0fbe6326490edf67b7,2777221,uuid:0d16451410894d0fbe6326490edf67b7
www.nowcoder.com.har,数据分析面经,1,12,POST,contentData,207,250,928259054831431680,812e9950dd5149a6a47d2ef637ba5498,美团面经-美团数据开发与数据分析岗面经-05,面经 06 面试岗位：数据开发与数据分析岗 ｜ 面试时间：2025 年 9 月 14 日 上一段实习项目的背景、工作内容、结论 具体策略的考量分析 数据分析相关的一些工作，针对于类似于某指标降低这种问题的话...面经 01 面试岗位：数据开发与数据分析岗 ｜ 面试时间：2025 年 2 月 5 日 看你本硕都是计算机，计算机网络这块应该学过吧，能描述一下HTTP请求的整个过程吗？...SQL，不用敲，说思路就好 面经 09 面试岗位：数据开发与数据分析岗 ｜ 面试时间：2025 年 9 月 9 日 请介绍实习经历中偏数据处理的主要工作内容。...SQL每日阅读次数超过2的人 链表重新排列 面经 02 面试岗位：美团 数据开发与数据分析岗 ｜ 面试时间：2025 年 11 月 8 日 实习项目主要内容是什么? 会Java吗?...面经 04 面试岗位：美团 数据开发与数据分析岗 ｜ 面试时间：2025 年 3 月 24 日 说说实习，中间遇到了什么困难，是怎么解决的 数据库隔离级别，脏读幻读不可重复读 数据库索引有哪些类型，索引的底层数据结构是什么,480,646661816,林小白zii,2026-09-12 04:10:05 UTC,2026-09-12 04:10:05 UTC,https://www.nowcoder.com/feed/main/detail/812e9950dd5149a6a47d2ef637ba5498,1675267,uuid:812e9950dd5149a6a47d2ef637ba5498
www.nowcoder.com.har,数据分析面经,1,13,MOMENT,momentData,201,74,2902070,ea412d0d063544caa685d02057a73ec1,字节跳动 数据挖掘实习 一面面经,8.27一面，岗位base北京 面试官人超级好，虽然我超级菜，但是面试官一直在引导我，面试到二十几分钟的时候，面试官反问我有什么问题可以问他，还分享了自己的从业心得🥹 一、自我介绍&背景经历部分 1. 简单做一下自我介绍，讲一下最近一段时间做的事情。 2. 讲一讲追觅这段实习，挑一个相对深入的项目展开讲：负责什么、解决什么问题、怎么解决、拿到什么效果。 3. 有没有和数据分析密切相关的项目/实习经历，展开介绍。 4. 数学建模竞赛项目：解决什么问题，个人分工，团队情况。 5. ARIMA模型大概解决什么问题，原理是什么？ 6. 除ARIMA之外，还接触过哪些时序预测模型？ 7. Time‑MOE模型大概的结构、思路是什么？ 8. MOE多专家网络对比普通单专家结构，优势是什么，为什么专家是很好的结构？ 9. MOE训练出现单专家主导、部分专家得不到有效训练，该如何优化？ 10. MOE和MMOE之间有什么区别？ 二、机器学习&深度学习基础 11. 传统机器学习模型（决策树、随机森林、XGBoost等），了解到什么程度，是否清楚原理结构？ 12. RNN、LSTM这类模型了解吗，讲下原理以及两者区别？ 13. 讲下你学到的激活函数，不同激活函数的区别、适用场景。 14. Sigmoid函数公式是什么，曲线形态是什么样？ 15. 神经网络里面激活函数承担什么作用，为什么需要激活函数？ 三、AB实验、因果推断 16. 有没有储备AB实验、因果推断相关知识？ 17. 随机对照实验的核心设计标准/设计原则是什么？ 18. 倾向得分匹配、工具变量、双重差分法是否了解？ 四、代码SQL实操 19. 平时写代码多吗，Python、SQL掌握情况如何？ 20. SQL编码题：orders订单表，查询每个客户的最近一次订单信息。（先写代码，写不出就讲实现思路） 21. 是否接触过窗口函数？ 五、候选人反问环节（候选人提问，面试官作答） > 这部分是候选人主动提问，面试官做解答，不属于技术提问 第一次面试字节，完全没有时间准备好深度学习、机器学习的这些内容，速成了一天SQL，在正式手撕代码时候做得磕磕绊绊的。本人管科硕士，希望转技术岗，希望各位大佬们能够带一带我，可付💰咨询🥹,943,82367411,我想找agent开发实习有偿求辅导,,2026-09-02 15:32:41 UTC,https://www.nowcoder.com/feed/main/detail/ea412d0d063544caa685d02057a73ec1,2902070,uuid:ea412d0d063544caa685d02057a73ec1
www.nowcoder.com.har,数据分析面经,1,14,MOMENT,momentData,201,74,2859097,9b45497cd94b46729033f4a17b3e9fc9,好丽友 数据分析助理✨,分享一下我本科超干货的一段实习——好丽友 数据分析助理 作为数据方向的在校生，这段线下实习真的让我从只会课本知识，真正落地掌握了业务数据分析、数据清洗、异常排查的实操能力！ 📌 主要工作内容 日常核心对接门店运营与人事基础数据工作，全程独立处理、核对、整理各类业务数据。 1⃣ 门店运营数据分析 &amp; 异常值处理 这是我占比最高的工作内容。 每日汇总全国线下门店的经营数据、销售流水、门店台账等原始数据， 通过Excel进行批量整理、数据对齐、字段筛查，重点排查数据异常值、缺失值、逻辑冲突数据。 遇到数据跳变、数值异常、数据不匹配的情况，会逐一溯源核对，区分是门店填报误差、系统数据延迟还是录入错误，整理异常清单同步给运营同事，辅助业务修正数据、复盘门店经营问题。 2⃣ 员工考勤数据整理汇总 负责公司一线及办公人员的考勤数据统计工作， 整合打卡原始记录、补卡申请、请假记录，统一规整考勤台账。 核对每日、月度考勤异常（漏打卡、迟到、缺卡、异常考勤），标准化整理考勤报表，协助人事完成月度考勤核算，保证数据准确、无遗漏。 📈 实习收获 ▪️彻底熟练Excel高阶数据处理，透视表、函数、数据清洗、批量规整信手拈来 ▪️学会用业务视角看数据，不只是单纯做表格，懂得识别数据异常背后的业务问题 ▪️养成严谨、细致的数据思维，对数据敏感度和纠错能力提升非常大 ▪️熟悉快消行业门店运营、人事基础数据的工作逻辑 这段快消数据分析实习，含金量真的很高，非常适合想投递数据分析、运营、数据专员岗位的同学，简历和面试都非常加分！✨,662,113348723,找不到工作不焦虑,,2026-05-31 14:55:03 UTC,https://www.nowcoder.com/feed/main/detail/9b45497cd94b46729033f4a17b3e9fc9,2859097,uuid:9b45497cd94b46729033f4a17b3e9fc9
www.nowcoder.com.har,数据分析面经,1,15,MOMENT,momentData,201,74,2828886,2bf77097e4c64d018338c999112a7f4a,小象超市数据运营二面面经,一面在前面写的帖子里面，二面的话是mentor面，也是电话面，mentor人也特别好，交流起来很开心～ 1.自我介绍 2.介绍一下之前的实习经历，深挖更偏向哪个方向，由于这份jd是和数据打交道，楼主答得更多是关于数据分析和可视化 3.我的三份实习不是很垂直，传统券商也有，新兴ai公众号也有，问了我关于三份实习偏向不同方向，我回答了一下每份不同实习对于我职业选择的影响 4.历史单独做过的项目深挖，star法则，讲了一下自己产出深度报告的过程 5.券商实习中，对于客户进行投资评估得思路，落地的结果，以及后续的推进，是否实际上有成功地做这个投资，对不同客户不同的方案，报价更新之类的问题深挖，就是实习经历深挖 6.大数据，ai对数据分析的冲击和影响 7.要求一周五天到岗能接受吗，其实已经就算下口头offer乐 松了口气哈哈 希望大家都有自己满意的offer，第一次写面经可能不太好，发面经攒人品，牛客网真是个好平台！！！之前也是看网站上别人的面经，自己有准备才能面试顺利的～,438,825332698,淋雨也得走,,2026-04-07 04:05:12 UTC,https://www.nowcoder.com/feed/main/detail/2bf77097e4c64d018338c999112a7f4a,2828886,uuid:2bf77097e4c64d018338c999112a7f4a
www.nowcoder.com.har,数据分析面经,1,16,POST,contentData,207,250,917471293589446656,1c4c58fc567b4e85b8e037aa3e331079,面经,这份面经的含金量非常高，几乎涵盖了大模型算法工程师在工业界落地的所有核心考点：RAG检索增强、大模型底层架构、微调与强化学习对齐、以及工程化推理加速。 为了便于你系统性地学习和理解，我将这两面中出现的技术和问题重新划分为五大硬核技术模块，为你逐一详细拆解。 模块一：RAG（检索增强生成）与信息检索 1. 工业界文本语义切分技术（Chunking） 规则切分： 最基础的方案，基于特定的标识符（如换行符 \n、句号等）结合最大长度（Max Token Length）进行切分。通常会设置 Overlap（重叠度，如前后保留50个字符）以防止句子从中间断开导致语义丢失。 语义切分： 利用小参数量的 ...,302,270628197,Kcsciso,2026-08-13 09:43:22 UTC,2026-08-13 09:43:22 UTC,https://www.nowcoder.com/feed/main/detail/1c4c58fc567b4e85b8e037aa3e331079,1666449,uuid:1c4c58fc567b4e85b8e037aa3e331079
www.nowcoder.com.har,数据分析面经,1,17,POST,contentData,207,250,930296131064430592,cc23d711f8984346b963831f128f8681,字节面经 字节跳动后端开发岗面经-16,稳定性方面：消息堆积了怎么处理 mysql的慢查询是什么分析的 安全限流算法：令牌桶原理是什么 滑动窗口怎么实现比较好 监控体系了解嘛？ 一般系统监控有哪些？...面经 01 面试岗位：抖音电商开发岗 ｜ 面试时间：2026 年 8 月 26 日 请做一下自我介绍 介绍实习项目中最有代表性的工作和技术难点 系统设计：面向亿级数据设计关注系统，如何考虑存储、分库分表和性能...面经 07 面试岗位：后端开发岗 ｜ 面试时间：2026 年 8 月 13 日 自我介绍 网络空间安全学的什么 harness理解，核心职责是什么 agent项目用了什么中间件和数据库 知识库里面如何切分的...面经 09 面试岗位：后端开发岗 ｜ 面试时间：2026 年 7 月 30 日 自我介绍 手撕链表倒数第k个元素 后端实习拷打，难点在哪 设计一个关注api接口你该如何设计 数据库表如何设计 面对十亿级用户的关注关系...面经 02 面试岗位：后端开发岗 ｜ 面试时间：2026 年 8 月 25 日 实习内容叙述 golang的slice、channel、map用法 map是线程安全的吗 算法：二叉树的第二大节点 面经,506,646661816,林小白zii,2026-09-17 19:04:42 UTC,2026-09-17 19:04:42 UTC,https://www.nowcoder.com/feed/main/detail/cc23d711f8984346b963831f128f8681,1676555,uuid:cc23d711f8984346b963831f128f8681
www.nowcoder.com.har,数据分析面经,1,18,POST,contentData,207,250,920634427871371264,a5078f5fcbbe454ca171acb34117f1eb,数据运营 - 上海KJ科技 - 一面面经,我能先了解一下你之前的一些工作经历和一些工作情况吗你这个是个 211 还是个 985 的学校？ 您能举几个例子吗？比如说你在之前做的一些具体的 AI 的一些提效的一些案例吗？所以你的工作就基本上都是教培这一类的对吗我问一下你的工作还会有一些数据分析的对吗关于工作内容这块你还有啥问题吗,142,100957974,糖醋_诗酒,2026-08-22 03:12:32 UTC,2026-08-22 03:12:32 UTC,https://www.nowcoder.com/feed/main/detail/a5078f5fcbbe454ca171acb34117f1eb,1669016,uuid:a5078f5fcbbe454ca171acb34117f1eb
www.nowcoder.com.har,数据分析面经,1,19,MOMENT,momentData,201,74,2905180,ecf4dded919c48928c3192532c58647d,卓驭【秋招】后端[静态数据处理]面经,#面试问题记录# #求职# #面经# #面经记录# #秋招面试记录# ...Q27：业务CPU负载过高，如何分析和解决？ Q28：进程和线程的区别？ Q29：不依赖Spark框架，如何用Python实现百万级文件大小统计的多核并行计算？...Q6：互联网数据开发与智能驾驶行业数据岗位有何区别？倾向哪个行业发展？ Q7：求职主要投递哪些行业、企业类型？ Q8：对智能驾驶行业的发展前景有什么认知？...Q13：你所说的传统数据仓库具体指什么？和湖仓一体差异？ Q14：湖仓一体如何保障数据一致性与可靠性？ Q15：Iceberg底层存储原理是什么？ Q16：Iceberg是否支持事务？...Q23：数据看板的服务对象有哪些？ Q24：项目推进中遇到的核心难点及解决方案？ Q25：（数据处理）除了拆分链路，还有哪些落地优化手段？ Q26：计算机基础掌握情况，是否自主补充学习？,389,403525033,AAA野生原子弹批发,,2026-09-09 04:21:38 UTC,https://www.nowcoder.com/feed/main/detail/ecf4dded919c48928c3192532c58647d,2905180,uuid:ecf4dded919c48928c3192532c58647d
www.nowcoder.com.har,数据分析面经,1,20,POST,contentData,207,250,873597725214789632,379e62b7da5f4f4bad36d33e51198205,面经,通过ai分析双方最佳的进攻防守的策略。怎么做， 全球近五年的温度的增删改查，找数据设计数据库表，同时要求有些没有地名的地方，鼠标移动到该地表点获取该地表点的温度信息如何实现。,87,786632235,不吃红苹果,2026-04-14 08:05:28 UTC,2026-04-14 08:05:28 UTC,https://www.nowcoder.com/feed/main/detail/379e62b7da5f4f4bad36d33e51198205,1631069,uuid:379e62b7da5f4f4bad36d33e51198205
www.nowcoder.com.har,数据分析面经,3,1,POST,contentData,207,250,353154679536295936,736137889f3341e09da0a1822d53c539,好未来数据分析面经,1自我介绍 2项目介绍 3图像识别算法（本来要求手写代码，项目说太多没时间了就只说说思路） 4手写C语言，判断文本大小，分配合适的缓存 5手写C，实现堆排 6为什么找这个工作,87,709603737,HinaY,2018-10-16 05:43:43 UTC,2018-10-16 08:07:11 UTC,https://www.nowcoder.com/feed/main/detail/736137889f3341e09da0a1822d53c539,129811,uuid:736137889f3341e09da0a1822d53c539
www.nowcoder.com.har,数据分析面经,3,2,POST,contentData,207,250,929183608349130752,d575b938ce21445c91d1c9e32ab1c2ff,米哈游面经 米哈游产品经理岗面经-01,面经 07 面试岗位：米哈游 产品经理岗 ｜ 面试时间：2025 年 9 月 16 日 请做自我介绍，突出与数据产品相关的优势（如AI项目经验、需求分析能力、原型设计案例等） 为什么申请米哈游数据产品实习...当面对复杂的数据和用户信息时，怎样进行有效的梳理和分析?...（如AI辅助决策、实时数据看板等） 面对游戏玩家的多样化数据需求（如行为分析、留存预警），你会如何设计产品功能？ 如何通过用户调研挖掘游戏平台的数据痛点？...人群模块优化工作中，怎样利用数据分析来细化用户画像? 跨部门沟通协调中，如何处理不同部门对项目目标的不同理解? 从业务流程抽象产品功能模块，怎样保证功能的实用性和可扩展性?...如何快速适应团队的工具链（如Axure、SQL分析工具、AI模型平台等）？,342,646661816,林小白zii,2026-09-14 17:23:56 UTC,2026-09-14 17:23:56 UTC,https://www.nowcoder.com/feed/main/detail/d575b938ce21445c91d1c9e32ab1c2ff,1675695,uuid:d575b938ce21445c91d1c9e32ab1c2ff
www.nowcoder.com.har,数据分析面经,3,3,POST,contentData,207,250,353157710222925824,b849ea2cbb1c4c19a900a5279a345e7a,阿里数据分析面经,为什么想要去数据分析...9.数据预处理时，利用散点图等观察到了离群点之后怎么删除的呢 …差不多是这些 挖的不是很深，主要是针对模型原理...4.有哪些回归模型 5.分类模型用了什么，挑一个最熟悉的说一下原理 6.PCA的原理（因为我前面提到了特征提取） 7.对聚类模型 除了K-means还知道其他的吗 8.也做过开发类项目，,164,825350355,小小小小小12,2021-03-25 04:14:01 UTC,2021-04-19 02:52:14 UTC,https://www.nowcoder.com/feed/main/detail/b849ea2cbb1c4c19a900a5279a345e7a,623395,uuid:b849ea2cbb1c4c19a900a5279a345e7a
www.nowcoder.com.har,数据分析面经,3,4,POST,contentData,207,250,361148737471754240,a853cf275432453c84d6a83897aa4ddb,蔚来数据分析实习面经,第一面 是直属mentor ，主要围绕简历深挖问了上段实习数据分析的case 和可视化的工作经历，并且问了对于BI的理解 。 做了一道SQL笔试， 中等难度，主要用了累计求和的窗口。...第二面 是leader面， 问了SQL优化以及数据平台的理解； 又做了SQL 。 两轮SQL题难度中等 。...已拿到offer， 是自动驾驶云端部的数据平台的实习岗位； 整体蔚来的面试流程还是比较高效的，一共面了三轮，每轮间隔一天。,211,213445391,mmk必翻身！,2022-05-31 05:56:08 UTC,2022-06-01 03:08:44 UTC,https://www.nowcoder.com/feed/main/detail/a853cf275432453c84d6a83897aa4ddb,962229,uuid:a853cf275432453c84d6a83897aa4ddb
www.nowcoder.com.har,数据分析面经,3,5,POST,contentData,207,250,353157994097614848,47645fb1e3814dcbabfb535e93494cdc,哈啰 数据分析实习面经,还有呢 6.介绍哈啰目前的业务 7.问数据分析岗位倾向～职业规划 8.有什么想问的 感觉回答的还可以，面试官也说问题5回答的不错，就是多久出结果说是大概1～2周，又方了...,87,334211868,『晓丹』,2021-06-04 03:27:49 UTC,2021-06-04 03:27:49 UTC,https://www.nowcoder.com/feed/main/detail/47645fb1e3814dcbabfb535e93494cdc,668721,uuid:47645fb1e3814dcbabfb535e93494cdc
www.nowcoder.com.har,数据分析面经,3,6,POST,contentData,207,250,353155196542984192,d21cd1713cd1422bbbea551c3fb3c4a6,顺丰大数据挖掘与分析 面经,刚面试好...来发面经攒人品 自我介绍 kmeans算法 哪些预测算法 会不会python 会不会hive/Hadoop sigmoid的用法 一道业务分析题 还有什么问题要问的吗 整个过程非常尴尬..,101,447455933,柯元芳,2019-08-06 06:29:23 UTC,2019-08-06 06:49:34 UTC,https://www.nowcoder.com/feed/main/detail/d21cd1713cd1422bbbea551c3fb3c4a6,217819,uuid:d21cd1713cd1422bbbea551c3fb3c4a6
www.nowcoder.com.har,数据分析面经,3,7,POST,contentData,207,250,929911908306550784,42e33e6fbd724c519f78884562a7893b,携程面经 携程后端开发岗面经-03,服务端主动推送任务和执行器主动拉取的优缺点分析？ 分布式锁在项目里怎么用的？ 分布式锁解决多机竞争方面，作为一个分布式框架，性能可能受限，你还有什么别的解决办法吗？...线程安全的有哪些集合，有没有对fail-fast有了解 对死锁有没有了解，怎么排查死锁（使用工具，哪一个线程造成的死锁） 对JVM有没有了解 如何判断对象是否已经死亡，能被垃圾回收机制进行回收（可达性分析...此外，你可以认为原始数据不包含数字，所有的数字只表示重复的次数 k ，例如 面经 03 面试岗位：携程 后端开发岗 ｜ 面试时间：2025 年 9 月 21 日 拷打项目（rag技术的理解，lua脚本原理...redis 面经 22 面试岗位：携程 后端开发岗 ｜ 面试时间：2025 年 3 月 5 日 缓存击穿已经发生了怎么办：用互斥锁只允许一个请求去访问数据库（评论区两个热评更全面） 静态变量什么时候赋值...面经 09 面试岗位：携程 后端开发岗 ｜ 面试时间：2025 年 9 月 13 日 实习相关项目介绍 数据库慢查询，如果走了索引还慢是什么原因 B+树的优缺点 缓存如何实现一致性的 介绍限流方法和如何压力测试的,505,646661816,林小白zii,2026-09-16 17:37:56 UTC,2026-09-16 17:37:56 UTC,https://www.nowcoder.com/feed/main/detail/42e33e6fbd724c519f78884562a7893b,1676227,uuid:42e33e6fbd724c519f78884562a7893b
www.nowcoder.com.har,数据分析面经,3,8,POST,contentData,207,250,353158616284864512,e559dd49187849c49adbf023d08b46fd,携程商业数据分析校招面经,约的是视频会议，我大概提前三分钟进去的，面试官已经在了，是一个很友善的姐姐，部门的领导。全程都是笑眯眯的，说话也特别客气。问了一些我个人的问题，以及怎么处理和其他部门同事意见不同，怎么证明降低投诉率可以提升收益，如何评估新客价值，选择公司的标准是什么，这个岗位是做质量管理的，问我了解程度学习意愿等，目前就记得这些了。最后几分钟我也问了她几个问题。今天面的，国庆出结果，这次面试感觉还是很不错的。,198,434811435,MightyOwl,2021-09-26 11:27:40 UTC,2021-09-26 11:39:48 UTC,https://www.nowcoder.com/feed/main/detail/e559dd49187849c49adbf023d08b46fd,758007,uuid:e559dd49187849c49adbf023d08b46fd
www.nowcoder.com.har,数据分析面经,3,9,POST,contentData,207,250,353154865146830848,1bd7727377174f37aa6f8a0e648728ff,vivo数据分析面经,一面： 1、AB两人投硬币吃苹果，A先投，A吃到苹果的概率多少 2、大楼里中午吃饭，外卖员不让上楼，电梯又很拥挤，想对策 3、介绍一下项目 4、家庭情况 5、为什么觉得适合这个岗位 二面： 1、自我介绍 2、有无对象 3、家庭情况 4、考研了吗？考得怎么样 5、缺点 6、三个词语概括自己 7、有什么想问我的,154,921743341,"zXCVBnm,./",2019-03-10 06:58:57 UTC,2019-03-10 14:14:04 UTC,https://www.nowcoder.com/feed/main/detail/1bd7727377174f37aa6f8a0e648728ff,160549,uuid:1bd7727377174f37aa6f8a0e648728ff
www.nowcoder.com.har,数据分析面经,3,10,POST,contentData,207,250,353157870650859520,0fdfeb7b6415407b81992b26e4752a68,阿里 数据分析暑期实习 面经,分析理解...部门是阿里健康 自我介绍 详细问上一次实习情况 了解互联网医疗吗 如何评价互联网诊疗的某业务是否健康 如何评价去机场的红绿灯是否合理 总体偏业务，没有问很多技术的东西 4.26 HR面 自身情况 职业规划 对商业,113,927544096,牛客927544096号,2021-04-26 07:07:09 UTC,2021-05-06 12:38:34 UTC,https://www.nowcoder.com/feed/main/detail/0fdfeb7b6415407b81992b26e4752a68,649484,uuid:0fdfeb7b6415407b81992b26e4752a68
www.nowcoder.com.har,数据分析面经,3,11,POST,contentData,207,250,353157972203347968,66376a08857549eb861e11d322524e8a,阿里数据分析面经,你还能怎样分析呢？ 软实力 说一件你觉得后来居上的事情 你觉得别人的批评会对你造成怎样的影响？...很多记不清了 流程始终显示进行中，却不给通知，后来就弃了 笔试 给你四五道题目，涉及SQL、统计和业务，两天内做完 面试 1 Python实现一组sql查询手撕代码 中位数，众数的特点和用途 除了方差分析,152,641519939,小nino,2021-05-27 08:28:30 UTC,2021-05-28 02:22:36 UTC,https://www.nowcoder.com/feed/main/detail/66376a08857549eb861e11d322524e8a,665465,uuid:66376a08857549eb861e11d322524e8a
www.nowcoder.com.har,数据分析面经,3,12,POST,contentData,207,250,929911457448230912,009c9a066a494b5bbecebdbf14627a5b,携程面经 携程后端开发岗面经-01,去得到更好的结果 面经 02 面试岗位：携程 后端开发岗 ｜ 面试时间：2026 年 8 月 18 日 针对项目中的技术难点进行展开，你是如何分析和解决问题的？ Java中常见的数据结构有哪些？...这边的词法分析器有想过用ai来做嘛，ai的能力边界在哪 买票如果有黄牛恶意下单，应该怎么办 同一时刻秒杀请求太多，你该如何去限流 高并发场景下的订单未支付超时怎么做更合适，那订单取消了库存应该怎么办 使用过哪些...面经 07 面试岗位：携程 后端开发岗 ｜ 面试时间：2026 年 5 月 1 日 介绍实习项目 为什么使用ES存储日志，有做过别的方案和调研吗 有了解过别的存储媒介吗 监控告警是如何生成告警的 告警异常数据分为什么类型如何监控...数据库调优，索引优化 讲一下数据库的undolog，redolog，binlog。...redis有哪些数据类型？Zset的底层数据结构，跳表的原理 redis存储时内存不够了怎么办？,417,646661816,林小白zii,2026-09-16 17:36:08 UTC,2026-09-16 17:36:08 UTC,https://www.nowcoder.com/feed/main/detail/009c9a066a494b5bbecebdbf14627a5b,1676225,uuid:009c9a066a494b5bbecebdbf14627a5b
www.nowcoder.com.har,数据分析面经,3,13,POST,contentData,207,250,401417465035603968,70d465ae2efe4650ae37c445ae755dbc,vivo数据分析面经,测评 8.25 一面 9.19 进来常规互相自我介绍。然后面试官说，我先问你三个和简历无关的问题，顿时我心凉了半截。第一道SQL，考窗口函数，很简单。第二道考统计，问卡方分布原理，还给两分钟让去查我都没查出来。第三道考概率论，五分钟时间看着你做，彻底凉凉。不过面试小哥哥人很好，全程微笑，看我不会还给我提示，在线给我解题，我只觉得自己很没用很丢人呜呜呜。 然后简历部分就是挑一段印象最深的实习经历展开说说，从中学到了什么，以及你所在行业的发展前景，和竞品的区别。我没用过我们的产品，更没用过竞品，这里也没说出啥。,256,208138150,牛客208138150号,2022-09-19 08:49:41 UTC,2022-09-19 15:52:53 UTC,https://www.nowcoder.com/feed/main/detail/70d465ae2efe4650ae37c445ae755dbc,1056952,uuid:70d465ae2efe4650ae37c445ae755dbc
www.nowcoder.com.har,数据分析面经,3,14,POST,contentData,207,250,353155505298284544,82778d5c14e841309fe62baecbc60f0f,京东hr面完成 数据分析面经,数据分析师有什么重要的特点，你又是怎样匹配的 你的实习经历最重要的体验是什么 你生活中遇到最困难的事，怎么解决 对京东的看法...北京的电话 12分钟 我是电商的数分 base上海 自我介绍 哪里人 你认为,103,902732960,凡所有发生必有恩典,2019-09-20 07:43:45 UTC,2019-09-20 09:34:28 UTC,https://www.nowcoder.com/feed/main/detail/82778d5c14e841309fe62baecbc60f0f,270531,uuid:82778d5c14e841309fe62baecbc60f0f
www.nowcoder.com.har,数据分析面经,3,15,POST,contentData,207,250,353157148765003776,221f17a3ab404193b76d3d10a02b2589,快手数据分析实习面经,1 概率题 2 项目介绍 要有特***r>3 SQL 好像是牛客 原题 刷过也忘了 emmm 太菜于是就这样结束了,57,58945919,菜鸡6666,2020-10-14 09:42:31 UTC,2020-10-14 09:44:24 UTC,https://www.nowcoder.com/feed/main/detail/221f17a3ab404193b76d3d10a02b2589,538870,uuid:221f17a3ab404193b76d3d10a02b2589
www.nowcoder.com.har,数据分析面经,3,16,POST,contentData,207,250,353155562084966400,58983ba419be4521875484d79fc7bbf1,58数据分析面经,Base成都 一面： 1.自我介绍 2.你之前在数据分析实习中对产品或业务有什么产出 3.如果让你给产品提建议，你会从哪些方面进行分析 4.你在产品的实习中，做了哪些数据分析 然后告诉我今天就他一人，叫我先面...…… 发面经攒rp～～～...hr面，后面会有数据团队的远程面 hr面： 问了简历上一些东西 手里几个offer 想去哪个城市 有什么问我 然后依然告诉我后面数据团队的会另外约时间来远程面 面试官面前的牌子写的产品2，估计是产品来面的吧,225,4411325,x个offer就好呜呜呜,2019-09-24 15:29:52 UTC,2019-09-24 15:54:27 UTC,https://www.nowcoder.com/feed/main/detail/58983ba419be4521875484d79fc7bbf1,280322,uuid:58983ba419be4521875484d79fc7bbf1
www.nowcoder.com.har,数据分析面经,3,17,POST,contentData,207,250,929911647974543360,46b26dfbef41406180df6b64a97016ae,携程面经 携程后端开发岗面经-02,也有市场研究和数据分析经验，为什么最终选择聚焦在后端开发方向？...JVM内存优化 携程APP首页服务频繁OOM，堆内存占用持续攀升，如何通过内存分析和参数调优解决? 分布式锁实现 多服务实例并发修改同一酒店房价，如何保证价格更新的准确性?...事务的特性，分别怎么理解 innodb的索引 非叶子节点不存数据的好处是什么 数据库的隔离级别 MySQL在可重复读级别下会出现幻读吗 简单问了实习 面经 18 面试岗位：携程 后端开发岗 ｜ 面试时间...怎么加锁 手撕：爬楼梯 面经 14 面试岗位：携程 后端开发岗 ｜ 面试时间：2025 年 11 月 23 日 数据同步链路是怎么的?为什么要用 mongodb?...面经 11 面试岗位：携程 后端开发岗 ｜ 面试时间：2025 年 11 月 28 日 Go的垃圾回收机制。如何知道线上垃圾回收出现问题，使用什么工具查看 数据库的ACID以及如何实现。...：2025 年 12 月 4 日 你既有互联网大厂后端开发经历，,439,646661816,林小白zii,2026-09-16 17:36:54 UTC,2026-09-16 17:36:54 UTC,https://www.nowcoder.com/feed/main/detail/46b26dfbef41406180df6b64a97016ae,1676226,uuid:46b26dfbef41406180df6b64a97016ae
www.nowcoder.com.har,数据分析面经,3,18,POST,contentData,207,250,353155363484672000,72e11807c8974fda951d8cc1627f6d9b,新东方数据分析面经,二分查找 说出5种数据结构...自我介绍 问项目 数据库 索引、主键、外键的区别； 各种join的区别； 大表A和小表b，A join b 还是b join A的效率高； 计算机网络 http和https的区别 三次握手四次挥手...死锁发生的条件 算法 kmeans及对应的优缺点； ID3、C4.5、CART的区别； 快速排序、,166,5341055,hualala~,2019-09-05 03:47:00 UTC,2019-09-05 03:51:54 UTC,https://www.nowcoder.com/feed/main/detail/72e11807c8974fda951d8cc1627f6d9b,245834,uuid:72e11807c8974fda951d8cc1627f6d9b
www.nowcoder.com.har,数据分析面经,3,19,POST,contentData,207,250,353159451018469376,387311aa480c44f99190f67f9fad677c,数据分析师 面经,寻找面试互助小伙伴，希望你是有3-5年数据分析工作经验，目前正在看新的机会。已经开始投简历或者面试了。...(上海的小伙伴更佳) 互助内容: 1.面经交流 2.简历修改 3.模拟面试 4.情感慰藉，经历比惨。,104,617790885,妲己dajjjjj,2022-03-30 14:49:02 UTC,2022-03-30 14:49:02 UTC,https://www.nowcoder.com/feed/main/detail/387311aa480c44f99190f67f9fad677c,919209,uuid:387311aa480c44f99190f67f9fad677c
www.nowcoder.com.har,数据分析面经,3,20,POST,contentData,207,250,477513667563560960,2c81a933ad99448abb7e78e575ed6fa3,京东物流数据分析面经,一面 （4.7） 简历面，问了问项目和实习，聊了聊意向，对岗位的情况作介绍 二面（4.11） 问一些诸如过往经历中遇到的问题？如何解决的？项目团队中承担什么角色？怎么和团队协作的？之类的hr面会问的问题 4.17官网显示转推荐 一面的小姐姐感觉挺热情挺贴心的，面了有半小时； 二面感觉面试官全程没什么热情，问题都是走流程，面了十几分钟就结束了。,172,870117096,匿名牛油,2023-04-17 08:28:50 UTC,2023-04-17 08:28:50 UTC,https://www.nowcoder.com/feed/main/detail/2c81a933ad99448abb7e78e575ed6fa3,1150770,uuid:2c81a933ad99448abb7e78e575ed6fa3
www.nowcoder.com.har,数据分析面经,4,1,POST,contentData,207,250,353157766787309568,cc70843342f249fe887677320c96ed34,兴业数金数据分析实习面经,3.具体问了简历其中一个研究项目，问了两三个问题，包括数据获取方式，内容，及结论，结论对企业有何意义？ 4.何时可以开始实习，实习时间，每周出勤天数，地点。,78,842762129,牛客842762129号,2021-04-06 03:13:06 UTC,2021-04-06 03:35:44 UTC,https://www.nowcoder.com/feed/main/detail/cc70843342f249fe887677320c96ed34,632738,uuid:cc70843342f249fe887677320c96ed34
www.nowcoder.com.har,数据分析面经,4,2,POST,contentData,207,250,929181913313472512,b4166ca5ad29448c8de9eb1220b53f45,拼多多面经 拼多多运营岗面经-02,你有没有通过数据分析解决问题的经历？请说明数据来源和分析过程 你如何看待“快节奏、多变化的互联网运营工作”？有什么适应准备？...面经 01 面试岗位：拼多多 运营岗 ｜ 面试时间：2025 年 9 月 17 日 请做一个简短的自我介绍，重点说明与数据分析、用户洞察或团队协作相关的学习/实践经历 你为什么应聘拼多多运营管培生岗位？...面经 02 面试岗位：拼多多 运营岗 ｜ 面试时间：2025 年 9 月 17 日 请做一个简短的自我介绍，重点说明你的多语种能力及与商家运营、数据分析相关的学习/实践经历 你为什么应聘拼多多商家运营（...请说明沟通中的挑战与解决方法 你如何通过数据洞察用户体验痛点？请举例说明分析思路 面经 05 面试岗位：拼多多 运营岗 ｜ 面试时间：2025 年 9 月 15 日 三段实习经历当中哪一段收获最大？...面经 13 面试岗位：拼多多 运营岗 ｜ 面试时间：2025 年 9 月 14 日 你对temu的了解 深挖上一段电商经历，这里聊了很久很久面试官还强调了在回答分析框架的时候要讲每一个点的数据指标 说一个实习过程中通过思考提出不同方案最后如何决策的例子,501,646661816,林小白zii,2026-09-14 17:17:11 UTC,2026-09-14 17:17:11 UTC,https://www.nowcoder.com/feed/main/detail/b4166ca5ad29448c8de9eb1220b53f45,1675691,uuid:b4166ca5ad29448c8de9eb1220b53f45
www.nowcoder.com.har,数据分析面经,4,3,POST,contentData,207,250,353157442504695808,86c2b53aed0149e196d6a9454723e523,vivo 数据分析 面经,"1.自我介绍 2.实习经历 3.我国排名前五的手机 4.小米手机出了新品销量增了,怎么确定是新品造成的? 5.华为被美国制裁,vivo如何抢占华为市场? 还有的不太记得清了... 攒人品~",94,951015914,牛客951015914号,2020-12-24 08:17:58 UTC,2020-12-24 08:18:44 UTC,https://www.nowcoder.com/feed/main/detail/86c2b53aed0149e196d6a9454723e523,582901,uuid:86c2b53aed0149e196d6a9454723e523
www.nowcoder.com.har,数据分析面经,4,4,MOMENT,momentData,201,74,1762150,695144af89e042daa2ec4f8fc494b46b,北京移动——IT开发与数据分析面经,13：00时间，一个人大概8分钟，进去的时候我面带微笑，面试官问我怎么这么开心，接下来自我介绍，问我偏算法还是开发，介绍一下自己的项目，在做项目过程中有没有遇到什么困难，项目是虚拟的还是已经上线？接不接受转营销岗（说我更适合做营销[笑cry]，东城区或者通州区倾向哪），感觉技术已经无了，还是要好好挖项目[牛泪],156,648644383,什么都easy,,2023-05-29 07:58:09 UTC,https://www.nowcoder.com/feed/main/detail/695144af89e042daa2ec4f8fc494b46b,1762150,uuid:695144af89e042daa2ec4f8fc494b46b
www.nowcoder.com.har,数据分析面经,4,5,MOMENT,momentData,201,74,1577125,8f25e46b9261415985155ebf48cad95d,快手数据分析电商面经,一面 留存率 活跃前十 性别留存率 销售额下降分析 直播间重要指标 罗永浩加盟抖音 分析效益值不值得 用户体验是什么 抖音和快手对比体验 二面 介绍项目 创新点 自己有成就感的事情 个人优势 职业规划,100,663596454,螺蛳粉也要找实习,,2022-12-27 14:10:54 UTC,https://www.nowcoder.com/feed/main/detail/8f25e46b9261415985155ebf48cad95d,1577125,uuid:8f25e46b9261415985155ebf48cad95d
www.nowcoder.com.har,数据分析面经,4,6,MOMENT,momentData,201,74,2722097,a02626798b0e46f2a52cd5868abda15e,云览科技数据分析面经,总体时长半小时左右 1.问简历中收获比较大的项目，项目的最大挑战是什么，如何解决以及结果是什么 2.简述一个因果推断模型，及其在实验中的应用 3.随机森林，xgboost和随机森林区别 4.用sql和python写移动平均的diff消除 5.sql写 #牛客AI配图神器# 5天连续购买的用户,146,255547874,PatrickX,,2025-10-21 07:47:55 UTC,https://www.nowcoder.com/feed/main/detail/a02626798b0e46f2a52cd5868abda15e,2722097,uuid:a02626798b0e46f2a52cd5868abda15e
www.nowcoder.com.har,数据分析面经,4,7,POST,contentData,207,250,928796778600624128,e2ae07b9bfc549a4a2e6889cd409f57b,拼多多面经 拼多多产品经理岗面经-01,你在拼多多实习时，领导要求分析“某品类商品的转化率波动”，但导出的数据中“用户浏览时长”与“加购行为”字段缺失，需当天提交分析。你无数据清洗经验，会如何联系数据团队补全字段？...如何基于现有数据（如点击量/下单量）推测波动原因？如何在报告中说明分析局限性？...请用具体事例说明 您是如何理解“用户需求分析和拆解”的？...数据显示，偏远地区的农产品因“物流成本高”“包装易损坏”导致退货率高达20%。你会从哪些环节入手优化？如何协调供应链团队、物流团队降低成本和损耗？...请以拼多多平台上的一个具体功能（例如“百亿补贴”或“砍价免费拿”）为例，说明您会如何分析其用户需求 您认为拼多多在满足用户“低价高质”需求方面，有哪些值得称道的产品策略？,324,646661816,林小白zii,2026-09-13 15:46:48 UTC,2026-09-13 15:46:48 UTC,https://www.nowcoder.com/feed/main/detail/e2ae07b9bfc549a4a2e6889cd409f57b,1675415,uuid:e2ae07b9bfc549a4a2e6889cd409f57b
www.nowcoder.com.har,数据分析面经,4,8,POST,contentData,207,250,353157729369923584,a817f27dc14042cc87bc0291fdf18ca5,字节-数据分析-面经,分享一下面经~ 岗位：数据分析-产品 主要是场景题深挖和sql 场景题 1.介绍一个最近的数据分析项目，项目中用到了哪些指标？有没有什么结论？,71,523924833,lipophilic,2021-03-29 02:52:28 UTC,2021-04-12 10:34:18 UTC,https://www.nowcoder.com/feed/main/detail/a817f27dc14042cc87bc0291fdf18ca5,626574,uuid:a817f27dc14042cc87bc0291fdf18ca5
www.nowcoder.com.har,数据分析面经,4,9,POST,contentData,207,250,353159104233414656,bcf6af30635948f988380eae540da523,唱吧 数据分析实习 面经,，都在做什么工作 6、问我认为数据分析师要有哪些能力 7、问如果工作了一段时间发现全是sql和python之类的代码工作，我怎么看/怎么继续提高自己 8、问如果业务方不认可我做的分析，我会怎么做 9、问对自己的职业规划...笔试 相当简单的sql题，刷过题应该都没问题 面试 1、自我介绍 2、介绍简历上的项目 3、因为没有实习经历，问期望从这份实习收获什么 4、怎么想到投唱吧的，对未来工作行业怎么看/选 5、问我对数据分析岗位的了解...10、能否接受工作重心在取数这样的基础工作 11、反问 // 后续：反馈缺实践经历，数据逻辑需要加强,271,180353789,JumpyzZ,2022-01-13 08:49:01 UTC,2022-01-20 07:59:27 UTC,https://www.nowcoder.com/feed/main/detail/bcf6af30635948f988380eae540da523,830200,uuid:bcf6af30635948f988380eae540da523
www.nowcoder.com.har,数据分析面经,4,10,POST,contentData,207,250,353158155813199872,dce61345baeb4f9ab1479c0cb0967f8e,中邮信科面经 数据分析岗,投的是数据分析岗，一上来抓着开发的问题问10分钟，wtm？？？ 然后问之前用过的GitHub的开源框架里的细节。 有点像互联网那种树形面试，一直往深了问。,77,52174546,牛客52174546号,2021-07-29 05:26:04 UTC,2021-07-29 05:26:04 UTC,https://www.nowcoder.com/feed/main/detail/dce61345baeb4f9ab1479c0cb0967f8e,693104,uuid:dce61345baeb4f9ab1479c0cb0967f8e
www.nowcoder.com.har,数据分析面经,4,11,POST,contentData,207,250,404320622061404160,b62540a4770b465ea736890918b3d5e6,诗悦网络数据分析面经,选一款最常玩的 分析一下...给自己攒攒运气 希望可以收到下一面的邀请吧 1.基本介绍 2.简历内容 哪个实习或项目对自己的帮助最大，有哪些方面的提升 详细讲一个实习项目有什么产出 3.常玩的游戏 以及时长 4.,106,317951209,牛客317951209号,2022-09-27 09:05:48 UTC,2022-09-27 09:05:48 UTC,https://www.nowcoder.com/feed/main/detail/b62540a4770b465ea736890918b3d5e6,1065688,uuid:b62540a4770b465ea736890918b3d5e6
www.nowcoder.com.har,数据分析面经,4,12,POST,contentData,207,250,928797546325999616,19c139bedab84b13b51aad951449a7a4,拼多多面经 拼多多后端开发岗面经-01,算法题：爬楼梯问题，要求分析时间和空间复杂度 面经 07 面试岗位：拼多多 后端开发岗 ｜ 面试时间：2026 年 8 月 13 日 线上请求量级最大的平台服务请求量级、QPS、延时是多少？...面经 04 面试岗位：拼多多 后端开发岗 ｜ 面试时间：2026 年 9 月 6 日 redis内存淘汰策略，淘汰产生的内存碎片怎么处理 设计数据结构，这个数据结构是一个标签组，包括七种不同的int标签...面经 09 面试岗位：拼多多 后端开发岗 ｜ 面试时间：2026 年 8 月 13 日 项目深挖： 挑一个亮点项目，重点讲难点及最终解决方案 Java基础： HashMap 底层数据结构？...分析一下走索引的过程 RDB和AOF的优缺点。AOF重写期间如果有新命令进来怎么处理？ 缓存击穿的解决方案。单机版互斥锁怎么实现？ 数组中的第K个最大元素。...要求写出最优解（最小堆或分治），并分析时间复杂度 拼多多的面试非常扎实，不问那些偏门冷僻的八股，但会把常规问题往深了问。面试官很看重你是否真的理解了底层原理，而不是死记硬背。,467,646661816,林小白zii,2026-09-13 15:49:51 UTC,2026-09-13 15:49:51 UTC,https://www.nowcoder.com/feed/main/detail/19c139bedab84b13b51aad951449a7a4,1675417,uuid:19c139bedab84b13b51aad951449a7a4
www.nowcoder.com.har,数据分析面经,4,13,POST,contentData,207,250,353154642567700480,66a50af2d98d41fa85375b69937e270b,vivo数据分析经理杭州面经,作为微信的数据分析师，如何推荐好友 5. 如何验证中医的有效性 6. 公司只有两部电梯，下班时过于拥挤如何解决 7. 要赢一场篮球比赛的重点是什么？...从相关性分析、回归、分类、聚类中选择一个阐述,99,331046257,Leeyx03,2018-10-08 02:51:53 UTC,2018-10-08 05:59:08 UTC,https://www.nowcoder.com/feed/main/detail/66a50af2d98d41fa85375b69937e270b,124108,uuid:66a50af2d98d41fa85375b69937e270b
www.nowcoder.com.har,数据分析面经,4,14,POST,contentData,207,250,353158854101901312,bbd47c25d44c4e54b78f530cb21497e8,字节跳动数据分析实习面经,两个sql三个业务题，想问一下大家这种业务题应该怎么分析~ sql：一个联结一个窗口函数 业务： 指标异动分析(广告收入环比下降)？...广告收入拆解，如果收入和客户数都在上涨但是客单价在下降，问怎么分析，如何确定？ 另一个如何预测今年的收入？ 有没有朋友可以分享一下业务的解题思路呀~,143,614192230,今天我找到工作了吗,2021-11-01 07:05:07 UTC,2021-11-01 07:05:07 UTC,https://www.nowcoder.com/feed/main/detail/bbd47c25d44c4e54b78f530cb21497e8,793353,uuid:bbd47c25d44c4e54b78f530cb21497e8
www.nowcoder.com.har,数据分析面经,4,15,POST,contentData,207,250,353154603472592896,1178482075014c48804ee0de2c7053db,Vivo数据分析面经,就让这个作为一个ending吧 面经 一面（大概一个多小时） 自我介绍 k-means原理及优缺点 logstic回归原理 xgboost...虽然面试官最后给我过了，但我…… 我的秋招结束了，我不会再投了，,104,8064263,我做和尚那些年,2018-09-25 10:04:52 UTC,2018-11-01 07:58:52 UTC,https://www.nowcoder.com/feed/main/detail/1178482075014c48804ee0de2c7053db,117739,uuid:1178482075014c48804ee0de2c7053db
www.nowcoder.com.har,数据分析面经,4,16,POST,contentData,207,250,353158557925318656,cb564deff99640fe97a6d468a7b4be9d,Soul 校招-数据分析 面经,正态分布和非正态分布用什么检验方法 9. python 数据透视表用什么函数 10. 遇到不熟悉的模型你会怎么进行学习 反问 感觉做的业务比较茶树菇…….,77,310233732,小鱼儿Fischer,2021-09-18 06:21:57 UTC,2021-09-19 02:12:01 UTC,https://www.nowcoder.com/feed/main/detail/cb564deff99640fe97a6d468a7b4be9d,749697,uuid:cb564deff99640fe97a6d468a7b4be9d
www.nowcoder.com.har,数据分析面经,4,17,POST,contentData,207,250,928797940854849536,e3ca187a970f4dd19a8c87a1299001a8,拼多多面经 拼多多后端开发岗面经-03,你怎么分析 问一下ivm里面的问题，CMS 和 G1 之间的核心区别是哪柴 有个问题啊，像你用线程池去异步处理业务时，有时候要传递上下文信息，那ThreadLocal怎么传进线程池里?...面经 02 面试岗位：拼多多 后端开发岗 ｜ 面试时间：2025 年 11 月 18 日 介绍一下项目经历和设计以及你负责的工作 工作过程中涉及到数据的流入和流出吗？...面经 03 面试岗位：拼多多 后端开发岗 ｜ 面试时间：2025 年 11 月 16 日 实习介绍，看机会原因，项目 redis常用的数据结构，项目中用过哪几种，业务中使用的场景 redis的hash怎么实现的...）：数据结构与 get/put 设计 面经 20 面试岗位：拼多多 后端开发岗 ｜ 面试时间：2025 年 9 月 2 日 聊学校学习情况 问一些大学里的课程，邻接矩阵正交矩阵的一些基础问题，有点回忆不起来了...数据库底层存储原理了解过吗？ 说说Redis的数据结构以及他们一般的使用场景 Redis集群的可用性有了解过吗？ Redis的Cluster有了解过吗？,472,646661816,林小白zii,2026-09-13 15:51:25 UTC,2026-09-13 15:51:25 UTC,https://www.nowcoder.com/feed/main/detail/e3ca187a970f4dd19a8c87a1299001a8,1675419,uuid:e3ca187a970f4dd19a8c87a1299001a8
www.nowcoder.com.har,数据分析面经,4,18,POST,contentData,207,250,353159091436593152,6fe26428fed94ca1b58d94f99c8eef13,paypal数据分析面经,看表解读数据case+概率题+统计知识 二面 共三轮 第一轮： business case netflix原来会员15 元美元...考察risk case较多，有想法的朋友们可以一起讨论一下 一面：两道sql+,105,523307208,牛客523307208号,2022-01-06 06:22:01 UTC,2022-01-06 06:22:23 UTC,https://www.nowcoder.com/feed/main/detail/6fe26428fed94ca1b58d94f99c8eef13,828436,uuid:6fe26428fed94ca1b58d94f99c8eef13
www.nowcoder.com.har,数据分析面经,4,19,POST,contentData,207,250,353157153248714752,10a9bbfd20e34060b5ddbcd139f1dc69,快手 数据分析 校招面试面经,如何分析 面试： 自我介绍 一直挖实习...是之前的岗位挂了重新投了一遍，没有笔试 一上来笔试了4题，2sql， 一道是 AB测试某的实验组点击率涨了0.1%，是否认为是正向的 一道是 视频卡顿率上涨0.5%，,105,435695125,Jayway,2020-10-15 05:12:15 UTC,2020-10-15 05:22:03 UTC,https://www.nowcoder.com/feed/main/detail/10a9bbfd20e34060b5ddbcd139f1dc69,539631,uuid:10a9bbfd20e34060b5ddbcd139f1dc69
www.nowcoder.com.har,数据分析面经,4,20,POST,contentData,207,250,764453558094704640,55b4d187565846549dbabbea6ac93989,哈啰数据分析暑期面经,名为数据分析实际上是要去做数据产品...超绝timeline，5.22boss投递5.23接收简历，6.16通知面试，感情排序终于到我了是吧，真亏hr还能在boss里面找到和我的聊天记录 一面6.18 自我介绍 实习项目 岗位介绍（,116,775612647,Everyday_one_bug,2025-06-17 03:45:31 UTC,2025-06-19 07:42:05 UTC,https://www.nowcoder.com/feed/main/detail/55b4d187565846549dbabbea6ac93989,1514161,uuid:55b4d187565846549dbabbea6ac93989
www.nowcoder.com.har,数据分析面经,5,1,POST,contentData,207,250,353158115610796032,3acfa2fc81e1491a91f168fca868dd45,数据分析实习面经,"4、指标A和指标B发生了数据的变化，你这个分析的框架是什么，你会从哪些方面、哪些角度来解析这个变化。...你会从哪些角度来思考、解释这个数据的变化，比如说它的同比上升了10%，那你就要来解释一下为什么上升了，这个的思考框架是什么？...有自研也有腾讯联运的，包括会有转播 3、日常工作时间的划分占比，写sql需求xx%,写报告xx%，详细抛一个分析的example，在这个case中用的方法论，结果是什么？",203,783432509,Aurora__,2021-07-20 06:15:52 UTC,2021-07-20 06:15:52 UTC,https://www.nowcoder.com/feed/main/detail/3acfa2fc81e1491a91f168fca868dd45,687250,uuid:3acfa2fc81e1491a91f168fca868dd45
www.nowcoder.com.har,数据分析面经,5,2,POST,contentData,207,250,924087235316588544,f3e6128248aa41b2a5ae0ab931b5f9ff,字节面经-字节数据开发与数据分析岗面经-02,面经 01 面试岗位：数据开发与数据分析岗 ｜ 面试时间：2025 年 12 月 1 日 DAU下降，如果各个维度和漏斗分析发现所有用户群里都有DAU缓慢下降的现象，如何分析原因？...数仓业务域和主题域的区别 面经 03 面试岗位：数据开发与数据分析岗 ｜ 面试时间：2025 年 11 月 13 日 实时数据加工:你们会做实时数据加工吗?...面经 10 面试岗位：数据开发与数据分析岗 ｜ 面试时间：2025 年 10 月 26 日 介绍货拉拉的数据分析项目 体验过抖音搜索吗？ 有通过搜索购买过东西吗？ 怎么样刻画用户每次搜索是否满意？...面经 11 面试岗位：数据开发与数据分析岗 ｜ 面试时间：2025 年 10 月 23 日 男女指标（如点击率）都上升，总的一定上升吗？...数据域和主题域的区别（主题域：自上向下，从分析的角度划分） 严格漏斗和非严格漏斗的区别（准确性和计算量之间的取舍） 面经 21 面试岗位：数据开发与数据分析岗 ｜ 面试时间：2025 年 1 月 6 日,447,646661816,林小白zii,2026-08-31 15:52:46 UTC,2026-08-31 15:52:46 UTC,https://www.nowcoder.com/feed/main/detail/f3e6128248aa41b2a5ae0ab931b5f9ff,1671880,uuid:f3e6128248aa41b2a5ae0ab931b5f9ff
www.nowcoder.com.har,数据分析面经,5,3,POST,contentData,207,250,613398027348307968,1f754cc3bbdd4932944bc658a43acccf,初创公司数据分析面经,熟悉吗 主要专业课 反问 介绍内容 主要做python数据处理...建模与一等奖的差距 如何分配团队工作 其中最大的困难 通过什么认为自己做的还不错 整个过程用时 为什么报名竞赛 还有面其他公司吗，什么类型，什么岗位 偏向什么岗位，有无拿到offer，面了多久 有无分析什么原因...性格 性格中的劣势 之前面试了几次，地点，行业 比赛等级 建模比赛最终的目标 具体建模细节拷打（逻辑回归，聚类etc） 过拟合/欠拟合，怎么处理 梯度下降 可视化仪表板做过的图表 平时用的数据库 SQL,243,156087996,努力的Mattttt,2024-04-26 07:44:46 UTC,2024-04-26 07:44:46 UTC,https://www.nowcoder.com/feed/main/detail/1f754cc3bbdd4932944bc658a43acccf,1298450,uuid:1f754cc3bbdd4932944bc658a43acccf
www.nowcoder.com.har,数据分析面经,5,4,POST,contentData,207,250,353157161675071488,252fc18f0022418f85a0ffd75488d176,当当数据分析面经,好久没写面经了，很多一面挂了就没有心情写了，写一个极其简单的当当面经，基本就问了一下实习做了哪些事情就没了😂 二面 好像时间更短了，自我介绍+实习内容（主要工作板块+占比）+反问，反问时间占了一大截，,100,485383553,菜狗不配offer,2020-10-16 07:07:06 UTC,2020-10-28 15:52:55 UTC,https://www.nowcoder.com/feed/main/detail/252fc18f0022418f85a0ffd75488d176,540937,uuid:252fc18f0022418f85a0ffd75488d176
www.nowcoder.com.har,数据分析面经,5,5,POST,contentData,207,250,387265756004720640,faafb1c0d1704c09bba88d8f8fd8496d,快手 数据分析实习 面经 （凉）,有啥想问的 分析题准备的太少，问到就是啊吧啊吧 :(...有没有用啥模型之类 4.因为上家实习是电商公司，问：假如我是大boss想关注GMV，会设计哪些指标放到看板上去 5.假如有两个开屏页，现在发现 展现到的人群基本一致，但是ctr等一些指标会有明显不一样，问怎么分析...6.想看快手内容生产者的繁荣度，怎么设计指标 7.,163,180353789,JumpyzZ,2022-08-11 07:35:51 UTC,2022-08-18 06:18:53 UTC,https://www.nowcoder.com/feed/main/detail/faafb1c0d1704c09bba88d8f8fd8496d,1011664,uuid:faafb1c0d1704c09bba88d8f8fd8496d
www.nowcoder.com.har,数据分析面经,5,6,POST,contentData,207,250,628640713567236096,a01123535336490a95deab0d6aa0325e,滴滴信贷风控数据分析面经,一面比较基础，问题不算多 自我介绍 项目经理（基于简历） 能接受的工作强度 与老板的意见不合时如何处理 上个月每个部门异常打卡的员工数 举例几个pandas中的常见函数及作用，怎样实现聚合 英语能力 哈啰上个月在上海的使用量下降了10%，你怎么看,123,1030056645,flash*1231,2024-06-07 09:13:46 UTC,2024-06-07 09:13:46 UTC,https://www.nowcoder.com/feed/main/detail/a01123535336490a95deab0d6aa0325e,1316645,uuid:a01123535336490a95deab0d6aa0325e
www.nowcoder.com.har,数据分析面经,5,7,POST,contentData,207,250,924086991656845312,7fdf9e5393b646a890e7a236ee3d5c8d,字节面经-字节数据开发与数据分析岗面经-01,面经 20 面试岗位：数据开发与数据分析岗 ｜ 面试时间：2025 年 9 月 15 日 假设你是抖音用户增长产品团队的PM，而我是你的数据分析师。...面经 22 面试岗位：数据开发与数据分析岗 ｜ 面试时间：2025 年 9 月 14 日 实习和你日常的课程怎么安排？...面经 01 面试岗位：汽水音乐数据分析 ｜ 面试时间：2026 年 6 月 27 日 如何分析一次 AB 实验？ 不同类型歌曲在用户生命周期中有什么作用？ 如何处理实验结果不理想？...面经 27 面试岗位：数据开发与数据分析岗 ｜ 面试时间：2025 年 8 月 25 日 过往经历集中在数据分析，如何看待自己的职业发展，对数仓这个岗位如何能确定自己是能长期做下去的 介绍一下过往项目，...数据分析都是怎么做的 一段sql提交到客户端后是怎么执行的 面经 06 面试岗位：数据开发与数据分析岗 ｜ 面试时间：2026 年 1 月 5 日 介绍在之前实习中做过的一个项目 拷打上面项目的细节，例如为什么要这么分层,446,646661816,林小白zii,2026-08-31 15:51:48 UTC,2026-08-31 15:51:48 UTC,https://www.nowcoder.com/feed/main/detail/7fdf9e5393b646a890e7a236ee3d5c8d,1671879,uuid:7fdf9e5393b646a890e7a236ee3d5c8d
www.nowcoder.com.har,数据分析面经,5,8,MOMENT,momentData,201,74,1512753,4e20ccbbd74d4e429ff09a59aedda2b6,苏小研 数据运营 面经,本来以为是偏运营 没想到是偏数据。感觉凉了 面试官迟到了三十分钟！！！ 问了对数据运营的理解 数据分析项目深挖 sql 数据库知识 然后是你觉得自身的优势 两个面试官都很冷漠 对我不是很感兴趣😂,97,806977943,懵芃,,2022-10-18 10:02:06 UTC,https://www.nowcoder.com/feed/main/detail/4e20ccbbd74d4e429ff09a59aedda2b6,1512753,uuid:4e20ccbbd74d4e429ff09a59aedda2b6
www.nowcoder.com.har,数据分析面经,5,9,POST,contentData,207,250,355301519133081600,d197e257b21a47c69aa5908717dff140,顺丰-大数据挖掘与分析面经,顺丰-大数据挖掘与分析（2021秋招） 顺丰一面： 1.深挖实习，指标体系如何建立，各项指标的权重如何确定 2.逻辑回归算法的原理 3.谈谈对ABtest的认识 4.sql排序窗口函数的区别 顺丰二面：...了解哪些机器学习算法 4.反问 顺丰hr面 1.实习中遇到的困难，如何解决 2.过往经历中，你认为最困难的问题，你是如何解决的 3.你是北方人，为什么会选择深圳，以及还投了深圳其他企业吗 4.为何选择顺丰科技大数据挖掘与分析岗位,218,288446377,sf冲冲冲,2022-05-15 02:41:23 UTC,2022-05-15 02:41:23 UTC,https://www.nowcoder.com/feed/main/detail/d197e257b21a47c69aa5908717dff140,953070,uuid:d197e257b21a47c69aa5908717dff140
www.nowcoder.com.har,数据分析面经,5,10,POST,contentData,207,250,353159131580276736,07ef7925af9c4d1682b525b067deb1ad,神策数据分析 面经（校招）,数据分析和商业分析最大的区别 3.为什么第三段实习会做一个产品的实习 4.怎样确定一个数据的异常 5.介绍一下埋点的过程 6.如何看待甲方和乙方的公司...公司员工给自己的定位是互联网数据头部公司。 听说终面要去现场，不知是否真实，有一点点不懂。...一面后大概两三天收到二面邀约 问题： 1.详细的自我介绍 2.,157,925379758,奥力给1196,2022-01-26 11:33:42 UTC,2022-01-26 11:33:42 UTC,https://www.nowcoder.com/feed/main/detail/07ef7925af9c4d1682b525b067deb1ad,833918,uuid:07ef7925af9c4d1682b525b067deb1ad
www.nowcoder.com.har,数据分析面经,5,11,POST,contentData,207,250,353158012984565760,5f60fef58b06433fb451ec311429132e,顺丰大数据挖掘与分析面经,gmv如何分析。 二面：实习工作与收获，什么时候能来。...timeline:5.15测评，5.26一面，6.1二面，6.9offer 一面：sql题，斐波那契数列，中心极限定理，,90,94238398,冲冲冲123456,2021-06-12 02:21:21 UTC,2021-06-12 15:41:34 UTC,https://www.nowcoder.com/feed/main/detail/5f60fef58b06433fb451ec311429132e,671623,uuid:5f60fef58b06433fb451ec311429132e
www.nowcoder.com.har,数据分析面经,5,12,POST,contentData,207,250,923721957571301376,ebe6588559724924a874f974ad5f4c32,阿里面经-阿里数据开发与数据分析岗面经-01,面经 03 面试岗位：数据分析师 ｜ 面试时间：2025 年 9 月 4 日 如何量化直播带货的 ROI？ 若某日订单量骤降 20%，分析思路是什么？...离职原因 面经 02 面试岗位：数据分析 ｜ 面试时间：2025 年 9 月 20 日 在大学课程设计中，你曾做过「校园快递点取件效率分析」，需处理 3000 条取件记录。...面经 01 面试岗位：大数据开发 ｜ 面试时间：2026 年 5 月 24 日 第一轮（技术面） 自我介绍 数仓分层思路与实际落地经验 介绍一个最近做的核心项目（业务背景、个人负责的部分） 手撕：直播间最大在线人数...需要补充哪些数据？ 描述一次通过数据分析解决校园实际问题的经历（如图书馆座位利用率低、校园巴士班次不合理等）。如何确定分析目标？收集了哪些数据？用了什么工具？结论如何帮助改善问题？...入职后参与「天猫双 11 美妆类目」复盘，分析「某爆款口红销量未达预期」的原因。手头有浏览量、加购数、支付数、用户评价关键词等数据，按什么步骤展开分析？,446,646661816,林小白zii,2026-08-30 15:41:17 UTC,2026-08-30 15:41:17 UTC,https://www.nowcoder.com/feed/main/detail/ebe6588559724924a874f974ad5f4c32,1671614,uuid:ebe6588559724924a874f974ad5f4c32
www.nowcoder.com.har,数据分析面经,5,13,MOMENT,momentData,201,74,1553336,b161b71b146f4facb01fb933653e059a,蓝月亮数据分析,蓝月亮数据分析岗咋样，有没有uu对蓝月亮比较了解的？ #关于秋招我想说# #校招# #秋招# #蓝月亮面经#,54,661154599,牛客661154599号,,2022-11-18 09:07:56 UTC,https://www.nowcoder.com/feed/main/detail/b161b71b146f4facb01fb933653e059a,1553336,uuid:b161b71b146f4facb01fb933653e059a
www.nowcoder.com.har,数据分析面经,5,14,POST,contentData,207,250,353155467155283968,7db679db735b471784b316094c490c33,vivo！～数据分析面经，攒人品,希望可以拿到offer 9.17成都 vivo数据分析经理 很温柔的面试官 面试形式:单面+HR 1.自我介绍 2.实习 3.项目经历 4.统计学知识，比如相关分析 5.K均值聚类讲一下 6.数据挖掘算法知道的有哪些,108,904006579,yebao,2019-09-17 12:53:10 UTC,2019-09-17 14:09:12 UTC,https://www.nowcoder.com/feed/main/detail/7db679db735b471784b316094c490c33,263861,uuid:7db679db735b471784b316094c490c33
www.nowcoder.com.har,数据分析面经,5,15,MOMENT,momentData,201,74,2724054,74935c5840cb4d7fa15bfb3c331eb510,字节数据分析面经,非统计出身，做数据分析的动机是什么？每段实习的成长是什么？,29,1030058967,OwlHoot,,2025-10-23 03:09:29 UTC,https://www.nowcoder.com/feed/main/detail/74935c5840cb4d7fa15bfb3c331eb510,2724054,uuid:74935c5840cb4d7fa15bfb3c331eb510
www.nowcoder.com.har,数据分析面经,5,16,POST,contentData,207,250,353150680158380032,6346a1fa33334e37b84226255579cbdc,数据分析面经,"1.CSDN 4.21 自我介绍 简历项目 SQL问答：UNION 与UNION ALL 区别；count（1）、count（*）、count（列）的区别；row_number、rank、dense_rank区别；列举常用的窗口函数和聚合函数 手写两道SQL，一道查询是销量前十的商品id；另一道是查询出连续7天登录的人 业务题：网站注册率下降，找原因 已过，迟迟不发offer, 到岗时间接受不了，拒了 2.一点资讯 笔试好多到SQL，面试又问SQL，一听到是北京师范大学珠海校区的就没兴趣了，感觉受到了歧视。 3.百融云创（深圳）4.28 自我介绍 深挖项目：问机器学习模型、梯度提升，逻辑回归多种共线性检测",306,137245684,牛客137245684号,2022-04-21 07:13:48 UTC,2022-05-10 06:34:16 UTC,https://www.nowcoder.com/feed/main/detail/6346a1fa33334e37b84226255579cbdc,324033,uuid:6346a1fa33334e37b84226255579cbdc
www.nowcoder.com.har,数据分析面经,5,17,POST,contentData,207,250,924087465567080448,cc6d058fb655495796ce195f6661716c,字节面经-字节数据开发与数据分析岗面经-03,面经 02 面试岗位：数据开发与数据分析岗 ｜ 面试时间：2025 年 10 月 28 日 数据模型有哪些？...面经 10 面试岗位：数据开发与数据分析岗 ｜ 面试时间：2026 年 2 月 3 日 之前实习的小组在整个部门扮演的是什么角色，你在其中扮演什么角色，你们的kpi是什么 你是如何结合业务进行数据分析的...，谈一谈具体的指标 面经 13 面试岗位：数据开发与数据分析岗 ｜ 面试时间：2025 年 9 月 12 日 追问：具体调研如何设计？...为什么要有DWD层 如何构建的，有没有进行一些指标的分析 DWS层作用，如何进行构建的，建表依据 面经 24 面试岗位：数据开发与数据分析岗 ｜ 面试时间：2025 年 4 月 29 日 项目中小文件问题为什么出现...面经 14 面试岗位：数据开发与数据分析岗 ｜ 面试时间：2025 年 3 月 25 日 先那就挑一个你觉得做的最好的一个入仓的离线数仓的项目，具体讲一讲。,419,646661816,林小白zii,2026-08-31 15:53:41 UTC,2026-08-31 15:53:41 UTC,https://www.nowcoder.com/feed/main/detail/cc6d058fb655495796ce195f6661716c,1671881,uuid:cc6d058fb655495796ce195f6661716c
www.nowcoder.com.har,数据分析面经,5,18,POST,contentData,207,250,353156198566404096,1506ab6887194d619c797e8e91f0f207,三七互娱数据分析专员面经,为什么想做数据分析（lz半路转行），所有投的岗位里数据分析排第几（意思是有没有投原专业的岗位） 3. 实习过程中比较有成就感的事 4. 实习过程中遇到的有挑战的事 5. 三个词描述自己的优点 6....下午刚面完业务面，面试官是业务经理，全程15min，写写面经攒人品QAQ （以下问题顺序可能跟面试过程有出入，尽量回忆了） 1. 自我介绍 2.,173,334462711,Liu小鸭,2020-03-23 15:41:22 UTC,2020-03-23 19:59:29 UTC,https://www.nowcoder.com/feed/main/detail/1506ab6887194d619c797e8e91f0f207,389852,uuid:1506ab6887194d619c797e8e91f0f207
www.nowcoder.com.har,数据分析面经,5,19,MOMENT,momentData,201,74,2726471,011c4425c3b3439499c91e309e934bae,税友软件集团数据分析面经,1.给了两个场景，异动分析和搭建指标 2.手撕两道sql 3.手撕排序算法 4.项目机器学习拷打 面试一直在拷打之前面试从来没被问到的项目(涉及到很多机器学习模型，和业务关联不大），狠狠被拷打了，面前就很强烈的觉得会比较看重算法和机器学习,119,925452805,GattoBianco,,2025-10-26 02:04:59 UTC,https://www.nowcoder.com/feed/main/detail/011c4425c3b3439499c91e309e934bae,2726471,uuid:011c4425c3b3439499c91e309e934bae
www.nowcoder.com.har,数据分析面经,5,20,MOMENT,momentData,201,74,2511246,8b406ecf2335474298494258a7945e69,快手数据产品面经,数据产品的理解 4. 假设场景：快手的电商交易额出现下降，分析下降原因？分析思路 5. sql的水平如何？ 业务场景回答的不好，一周后直接挂了,71,431393410,番茄酱配薯条,,2024-12-30 06:22:22 UTC,https://www.nowcoder.com/feed/main/detail/8b406ecf2335474298494258a7945e69,2511246,uuid:8b406ecf2335474298494258a7945e69
www.nowcoder.com.har,数据分析面经,6,1,POST,contentData,207,250,353157445251964928,2028e086093d47ceb769cf4ea82d37c2,OPPO数据分析面经,OPPO数据分析面经（实习生） 1. 自我介绍 2. 简历问答 3. 现场写一道SQL：给定用户表，求用户的次日留存率 4....心目中的数据科学家是什么样子的 10. 为什么要去深圳实习？ 11. 反问环节,104,8420567,Howell.Wang,2020-12-25 13:09:16 UTC,2020-12-25 13:09:16 UTC,https://www.nowcoder.com/feed/main/detail/2028e086093d47ceb769cf4ea82d37c2,583359,uuid:2028e086093d47ceb769cf4ea82d37c2
www.nowcoder.com.har,数据分析面经,6,2,POST,contentData,207,250,927380289666453504,8ecb7c6a3a634400a0eb3e153ec1e592,美团面经-美团测试开发岗面经-05,面经 10 面试岗位：测试开发岗 ｜ 面试时间：2025 年 9 月 7 日 为什么从景观设计转到交互设计？ 请介绍一个你最满意的项目 你在项目中的分工是什么？ 在前期分析中为什么分出了两类人群？...+ 编程题+ 场景测试分析+ 指针和引用的区别。...面经 05 面试岗位：测试开发岗 ｜ 面试时间：2025 年 9 月 8 日 介绍实习经历 cpp八股 大模型相关应用，RAG，智能体等 设计测试用例 数据库八股 手撕：LRU 面经 06 面试岗位：测试开发岗...Redis 底层有哪些数据结构？原理是啥？ 怎么保证 MySQL 和 Redis 的数据一致性？ 如果不用事务，怎么维护数据一致性？ Redis 有哪些缓存淘汰策略？...面经 01 面试岗位：测试开发岗 ｜ 面试时间：2025 年 9 月 12 日 说说三次挥手和四次握手 为什么在秋招的时候找日常实习 面经 02 面试岗位：测试开发岗 ｜ 面试时间：2025 年 9 月,423,646661816,林小白zii,2026-09-09 17:58:11 UTC,2026-09-09 17:58:11 UTC,https://www.nowcoder.com/feed/main/detail/8ecb7c6a3a634400a0eb3e153ec1e592,1674645,uuid:8ecb7c6a3a634400a0eb3e153ec1e592
www.nowcoder.com.har,数据分析面经,6,3,POST,contentData,207,250,353158372730019840,e96b83921d594d76a1b33dcb793d457a,数据分析-面经,，数据分析的价值 6.梳理一个回答问题的框架（这点谁有好的框架，可以扣在评论区）...首先这个部门是偏向业务的，没有问我技术问题，有很多开放性问题 一面： 1.自我介绍 2.介绍实习中比较能代表我能力的例子（上一份实习是数据分析，但不接触核心业务，大概讲了我指标监控 和 开发部门表的一个过程....详细梳理项目/实习的经历，自己在这个过程中的角色，准备一两个体现能力的例子 2.异动指标的思路，看你对问题拆解的能力 3.统计学问题和sql 4.个人的优劣势、职业规划（短期&长期） 5.为什么想做数据分析...10点 hr通知面试（说是免笔试了） 8.28 16:30 一面 8.27 11:15 二面（hr说二面表现OK，会在下午安排三面，一下午没有消息，大概就是止步于二面了） 我也是在牛客网上查看了过往的面经...提到小红书缺少一些功能，并问道怎么判断用户需要这个功能，接下来一番battle 我：可以三点：用户调研/访谈、行业内竞品是否由该功能，上线功能ab测 面试官：用户调研有时候会得到于预期相反的结果、行业找不到竞品数据,468,353559151,牛客353559151号,2021-08-30 02:07:49 UTC,2021-08-30 02:07:49 UTC,https://www.nowcoder.com/feed/main/detail/e96b83921d594d76a1b33dcb793d457a,724397,uuid:e96b83921d594d76a1b33dcb793d457a
www.nowcoder.com.har,数据分析面经,6,4,MOMENT,momentData,201,74,1854293,64c6171d011c4ddf96eb7cd246505c5e,快手数据分析校招面经分享,数据异动问题：假如一直关心的指标在某个时间点下跌很多，怎么分析呢？...分享一下去年成功面试进快手的面试经验，希望对大家有帮助[好无辜] 1）自我介绍 2）深挖过往实习经历： 1.,90,737607586,haus瓦福,,2023-08-25 09:14:20 UTC,https://www.nowcoder.com/feed/main/detail/64c6171d011c4ddf96eb7cd246505c5e,1854293,uuid:64c6171d011c4ddf96eb7cd246505c5e
www.nowcoder.com.har,数据分析面经,6,5,MOMENT,momentData,201,74,2576997,20c7816fbeb1487fbc007bff039677ac,海思科数据治理面经,反问 1.您对这您从事的这行数据分析的行业看法是什么？...奔着瞎投刷面试经历去的 面试官人挺好，答题过程中sql第一个还错了😓我真菜，最后面试官说这个岗位主要做数据平台的支撑数据统计还有写数据质量报告 #数据人的面试交流地#,113,302571113,白色猕猴桃,,2025-04-07 06:44:23 UTC,https://www.nowcoder.com/feed/main/detail/20c7816fbeb1487fbc007bff039677ac,2576997,uuid:20c7816fbeb1487fbc007bff039677ac
www.nowcoder.com.har,数据分析面经,6,6,MOMENT,momentData,201,74,1654844,e7649330feea490fbc514d34f1686425,面经|滴滴运营分析专家,扣车项目中怎么用到数据分析 5.扣车项目中有没有涉及到策略相关...整体时间大概30m-40m 1.自我介绍 2.最重要的一个项目，说一下项目背景、目标及怎么做的 3.目前公司策略岗位的组织架构，个人的工作职责范围 4.,110,442974965,除了学习无所事事,,2023-04-05 13:30:24 UTC,https://www.nowcoder.com/feed/main/detail/e7649330feea490fbc514d34f1686425,1654844,uuid:e7649330feea490fbc514d34f1686425
www.nowcoder.com.har,数据分析面经,6,7,POST,contentData,207,250,927375314198499328,228280a2adb4496b8942dce3df14e17d,华为面经-华为产品经理岗面经-01,从“用户隐私、设备安全、数据互通”分析鸿蒙生态的长期发展挑战及应对思路。...面对项目进度滞后的情况，你会如何分析原因并调整计划? 你认为跨文化沟通在全球项目中重要吗?请举例说明可能的挑战及应对方法。 你过往项目中遇到的最大困难是什么?如何克服的?...面经 01 面试岗位：华为 产品经理岗 ｜ 面试时间：2025 年 10 月 17 日 你有没有组织社团活动或社会实践的经历?请说明在其中的角色和成果。...面经 06 面试岗位：华为 产品经理岗 ｜ 面试时间：2025 年 9 月 18 日 请做一个简短的自我介绍，重点说明与互联网产品运营相关的经历（如社团活动、实践项目）。...提出了哪些具体改进方案 面经 04 面试岗位：华为 产品经理岗 ｜ 面试时间：2025 年 9 月 20 日 鸿蒙终端设备超10亿台，如何设计跨设备任务迁移（如手机→平板续播视频）的用户引导流程？,392,646661816,林小白zii,2026-09-09 17:38:25 UTC,2026-09-09 17:38:25 UTC,https://www.nowcoder.com/feed/main/detail/228280a2adb4496b8942dce3df14e17d,1674639,uuid:228280a2adb4496b8942dce3df14e17d
www.nowcoder.com.har,数据分析面经,6,8,POST,contentData,207,250,353147587471548416,63402560b6a94dff9400c9d756213025,游族网络数据分析面经,用数据证明 2.部落冲突里休闲玩家的作用是什么 3.怎么识别即将要流失的玩家，用什么方法 4.聚类方法有哪些，简述kmeans...去的游族大楼，挺气派的，一面二面面试官竟然是同一个人 1.王者荣耀排位赛机制是什么，,108,999997224,面经,2019-12-16 05:01:52 UTC,2019-12-21 02:22:00 UTC,https://www.nowcoder.com/feed/main/detail/63402560b6a94dff9400c9d756213025,61303,uuid:63402560b6a94dff9400c9d756213025
www.nowcoder.com.har,数据分析面经,6,9,POST,contentData,207,250,353154994679521280,e170605a6d1a49e8be641107722ca2af,腾讯数据分析一面面经,当时笔试只A了两道，等了好久都是灰的，以为已经凉凉了，19号突然收到面试邮件。 至今0offer的菜鸡，抱着试一试的心态去的，结果感觉如果之前复习以下机器学习的话还有戏，唉。 1.快排； 2.SQL：流失率；还有一个是每天每个游戏充值最多的三个用户； 3.项目简单聊了一下，有点水，扯机器学习，面试官希望我深入阐述各种模型衡量标准，答得很一般，如果复习一下就好了； 最后面试官说我前面编程做得挺好，很诧异。 腾讯面试官挺好的，不用做自我介绍。,221,390601631,while(0),2019-04-22 12:14:04 UTC,2019-04-22 12:36:42 UTC,https://www.nowcoder.com/feed/main/detail/e170605a6d1a49e8be641107722ca2af,182214,uuid:e170605a6d1a49e8be641107722ca2af
www.nowcoder.com.har,数据分析面经,6,10,MOMENT,momentData,201,74,2910162,db5229fd7a6346d2b4244319b6109af9,北京网梯科技AI面面经,用于设备故障报告的智能归因分析，并需支持本地知识库(如PDF维修手册、IExcel历史工单)实时更新与低延迟检索，你会如何设计整体技术方案...6:在该系统中，你是如何设计事件Schema和消息路由规则，来实现”视频上传一元数据提取一AI审核一结果通知一人工复核队列”这一全链路的异步协同?...请重点说明-模型选型依据(是否量化/蒸馏)、知识库构建流程(特别是非结构化工单数据的清洗与向量化策略)、以及推理服务如何与现有MES系统API安全 8:想请你分享一次你与非技术角色(比如内容运营、法务或审核专员...7:如果现在要为该制造客户部署一套私有化大模型(如Qwen2-7B),290,627092380,慕三角,,2026-09-14 15:10:55 UTC,https://www.nowcoder.com/feed/main/detail/db5229fd7a6346d2b4244319b6109af9,2910162,uuid:db5229fd7a6346d2b4244319b6109af9
www.nowcoder.com.har,数据分析面经,6,11,POST,contentData,207,250,796738714524196864,006d19b9b5f14ca1b53e15425b104ac8,滴滴数据分析面经,先有笔试 excel+sq 自我介绍 与用户交互部分最看重什么 独立完成的活动策划，记忆最深的讲一下 最看重哪些指标 对滴滴的认识 资源位配置时候策略 各个资源位效果怎么评估的 让我打开滴滴 app看哪个活动吸引我，做得好的点，不好的点 问我平时打车看中什么 以及广告位的选择，哪个位置，why,147,489066915,MelaCroccante,2025-09-14 05:55:12 UTC,2025-09-14 05:55:12 UTC,https://www.nowcoder.com/feed/main/detail/006d19b9b5f14ca1b53e15425b104ac8,1554229,uuid:006d19b9b5f14ca1b53e15425b104ac8
www.nowcoder.com.har,数据分析面经,6,12,POST,contentData,207,250,928067497637478400,6d89d8ae71b44ba0a6e648fb3b534365,美团面经-美团后端开发岗面经-10,Redis五种基础数据类型？使用场景？查询时间复杂度？底层数据结构？ 水平分表按什么来进行？从理论层面分析达到什么量级分表，什么量级分库，什么量级分集群？分库分表的场景和方式？...面经 26 面试岗位：美团 后端开发岗 ｜ 面试时间：2026 年 4 月 15 日 大事务中需要更新 100 万条数据时，如何设计事务？ Netty 的线程模型是什么？...你的数据库表都设计了些什么? 面经 14 面试岗位：美团 后端开发岗 ｜ 面试时间：2026 年 4 月 24 日 如何完整介绍一个 Agent 项目的流程设计？ 还使用过哪些智能体？...面经 15 面试岗位：美团 AI 应用/后端开发 ｜ 面试时间：2026 年 4 月 23 日 HTTPS通信过程 Redis主从同步过程 Redis的常见数据结构，压缩列表为什么会连锁更新，哈希表，跳表...，前端说后端慢，后端说数据库慢，这种互相甩锅你怎么切 如果确认是网络抖动，不要只说丢包，你会展开到什么程度 服务端线程池和连接池为什么经常比 CPU 更早出问题 面经 24 面试岗位：美团 AI 应用/,480,646661816,林小白zii,2026-09-11 15:28:54 UTC,2026-09-11 15:28:54 UTC,https://www.nowcoder.com/feed/main/detail/6d89d8ae71b44ba0a6e648fb3b534365,1675215,uuid:6d89d8ae71b44ba0a6e648fb3b534365
www.nowcoder.com.har,数据分析面经,6,13,MOMENT,momentData,201,74,2680109,49c4c1a7703446bf9cafef2edf25c171,阿里-数据分析师,2）若某日订单量骤降20%，分析思路是什么？3）用SQL计算用户复购率（给出表结构要求写代码）；4）设计一个评估618大促活动效果的指标体系；5）举例说明如何用统计学方法识别异常数据。... #发面经攒人品#,104,256790125,落日西风,,2025-09-04 02:38:58 UTC,https://www.nowcoder.com/feed/main/detail/49c4c1a7703446bf9cafef2edf25c171,2680109,uuid:49c4c1a7703446bf9cafef2edf25c171
www.nowcoder.com.har,数据分析面经,6,14,MOMENT,momentData,201,74,2716261,9f51fe88420c4853bd9bcda0309e0b23,科大讯飞数据分析面经,分享一次为业务部门提供数据分析支持的经历，你的分析如何帮助决策？...描述一次使用Python或R进行数据分析的课程项目，得出了什么结论？ 3. 解释数据可视化的原则，以及不同图表类型（如折线图、柱状图）的适用场景。 4....假设你需要分析一款App的用户留存率下降问题，你的分析思路是什么？ a. 追问1：你会关注哪些指标？ b. 追问2：如何验证你的假设？ 2....在数据处理过程中发现异常值，你会如何判断是数据错误还是真实异常？ a. 追问1：你会使用哪些统计方法识别异常值？ b. 追问2：如何处理异常数据？会直接删除吗？ 5.,270,876253246,DolceSogno,,2025-10-15 07:32:11 UTC,https://www.nowcoder.com/feed/main/detail/9f51fe88420c4853bd9bcda0309e0b23,2716261,uuid:9f51fe88420c4853bd9bcda0309e0b23
www.nowcoder.com.har,数据分析面经,6,15,POST,contentData,207,250,454688186741121024,e69b14761d124d8887060f26aa180f36,数据分析岗 薪资爆料,对于应届生来说，数据分析岗可以达到15k，后面经验越多，工资会越来越高，1-3年经验可能会达到30k左右，3-5年经验可能达到50看左右。 #软件开发薪资爆料#,80,1030048039,勇敢的王老五加麻加辣,2023-02-13 08:48:31 UTC,2023-02-13 08:49:42 UTC,https://www.nowcoder.com/feed/main/detail/e69b14761d124d8887060f26aa180f36,1118888,uuid:e69b14761d124d8887060f26aa180f36
www.nowcoder.com.har,数据分析面经,6,16,POST,contentData,207,250,353147583751200768,95968a62f8c0407e98a5f70bf0c4a960,京东数据分析一面面经,你对数据分析哪方面感兴趣 听她的意思有bi组，模型研发组之类的 4你做数据分析优势在哪...感觉不同的面试官面试风格不一样 主要内容如下，二十分钟的样子 1自我介绍 2kaggle比赛 你做了哪些 3你的职业规划，,107,999997224,面经,2019-12-16 03:37:01 UTC,2019-12-22 06:05:26 UTC,https://www.nowcoder.com/feed/main/detail/95968a62f8c0407e98a5f70bf0c4a960,60934,uuid:95968a62f8c0407e98a5f70bf0c4a960
www.nowcoder.com.har,数据分析面经,6,17,POST,contentData,207,250,927382851983544320,6f2e84efd496410fbb5e811f32c63649,美团面经-美团算法岗面经-04,分析好坏...改进的公式了解吗 项目拷打，问的比较仔细，模型的参数，数据量等 MMOE的缺点？...模型训练过程中出现部分节点失活的情况，数据应该怎么处理？ 了解哪些强化学习算法？off-policy的举几个例子。 讲讲PPO和GRPO 看过什么论文？...GRPO利用的数据是旧策略产生的，那为什么还叫on policy？ 重要性采样解决了什么问题？ 公式是怎么样的？解释下每个参数 GSPO和DAPO分别解决了什么问题？怎么解决的？...rqvae的loss，塌陷问题等 rqvae一开始不是应用于推荐领域，在推荐领域他想解决什么样的问题，可以从离散化的角度说吗 为什么rqvae没有像vae一样对分布进行重建而是采用残差量化的方式还原数据...wuauc和auc有什么区别 长期系列建模有哪些 din、sim注意力机制怎么计算的 sim的hard search和soft search有什么区别 sim两个子单元是怎么实现的 计算相似度有哪些方法 并,428,646661816,林小白zii,2026-09-09 18:08:22 UTC,2026-09-09 18:08:22 UTC,https://www.nowcoder.com/feed/main/detail/6f2e84efd496410fbb5e811f32c63649,1674649,uuid:6f2e84efd496410fbb5e811f32c63649
www.nowcoder.com.har,数据分析面经,6,18,MOMENT,momentData,201,74,2596910,9697944fa1c14feb9afed5ea0e7c8211,南方某数据公司面经,9.怎么规划分析链路与分析流程？ 10.如何对指标的波动进行发现与调整？ 11.数据链路与接入这一块怎么干的？ 12.实习中遇到的最大的挑战是什么？ 13.deadline紧急改怎么办？,93,302571113,白色猕猴桃,,2025-04-30 13:48:06 UTC,https://www.nowcoder.com/feed/main/detail/9697944fa1c14feb9afed5ea0e7c8211,2596910,uuid:9697944fa1c14feb9afed5ea0e7c8211
www.nowcoder.com.har,数据分析面经,6,19,POST,contentData,207,250,353156728915173376,241bb20567d8477aac4e13faeef0d946,数据分析面试,新鲜鲜的面经。 很简单的统计知识，sql和python。 重要的是逻辑，比如你觉得某app不好，不好在哪儿，如果做一个功能改进他，怎么评价优劣。 一定要好好准备最后这个！！！！！,89,400769251,练习时长两年半的火龙果很想顺利毕业,2020-08-10 09:14:14 UTC,2020-08-10 09:15:56 UTC,https://www.nowcoder.com/feed/main/detail/241bb20567d8477aac4e13faeef0d946,472608,uuid:241bb20567d8477aac4e13faeef0d946
www.nowcoder.com.har,数据分析面经,6,20,POST,contentData,207,250,613404852223307776,9fa6ff6e2e454f308404bf1b81aa590c,AI小厂-数据开发面经,思维题 什么是数据分析 面试官简述数据分析理解 反问...自我介绍：是怎样的人，有怎样优势，做怎样改进 岗位是否匹配预期 介绍工作内容 业务方沟通需求 整理数据，提出数据，可视化 提供给业务方 能力：沟通，数据分层实践 数仓了解多少 机器学习拷打 SQL考察,129,156087996,努力的Mattttt,2024-04-26 08:11:53 UTC,2024-04-26 08:11:53 UTC,https://www.nowcoder.com/feed/main/detail/9fa6ff6e2e454f308404bf1b81aa590c,1298473,uuid:9fa6ff6e2e454f308404bf1b81aa590c
www.nowcoder.com.har,数据分析面经,7,1,MOMENT,momentData,201,74,2909858,ef023cb88dfe41ef80831bae60817dcc,用友金融java实习面经分享,11.mysql分析你还做过啥，或者说如何分析的？ 12.父子线程共享数据如何传递？ 13.hashmap跟concurrenthashmap区别？,74,694209571,奔放的大魔王少糖去冰,,2026-09-14 08:05:12 UTC,https://www.nowcoder.com/feed/main/detail/ef023cb88dfe41ef80831bae60817dcc,2909858,uuid:ef023cb88dfe41ef80831bae60817dcc
www.nowcoder.com.har,数据分析面经,7,2,POST,contentData,207,250,927377559333933056,bda0f47ceffb4502bfc342953788688f,华为面经-华为后端开发岗面经-01,平时看代码主要靠自己分析，还是会让 AI 辅助？你怎么验证 AI 给出的结论？ 你现在用 Claude Code 做什么？通常怎么拆任务和控制上下文？ 介绍一下论文或研究项目的创新点。...，如何保证数据一致性 现场算法做题讲思路 详细讲过往项目：你是什么角色、做了什么、产出什么、省了多少成本 期望薪资、是否了解当地薪资水平、你凭什么值这个价 面经 04 面试岗位：华为 后端开发岗 ｜ 面试时间...上来就是两个男面试官，不过其实都挺和蔼的（个人认为），先是简单的自我介绍，就简历进行提问，主要询问了项目数据库的 如何进行查询。然后延申到并发查询， 使用索引查询大批量数据以及索引失效场景。...（用栈维护一个二元组） （实习）能讲一下你对数据库表设计或优化上 提升性能的经验吗？...，解决了什么问题 面经 10 面试岗位：华为 后端开发岗 ｜ 面试时间：2026 年 7 月 27 日 牛客上入门，简单全刷了，中等刷了一部分。,417,646661816,林小白zii,2026-09-09 17:47:20 UTC,2026-09-09 17:47:20 UTC,https://www.nowcoder.com/feed/main/detail/bda0f47ceffb4502bfc342953788688f,1674640,uuid:bda0f47ceffb4502bfc342953788688f
www.nowcoder.com.har,数据分析面经,7,3,POST,contentData,207,250,801169107231014912,ab010729304b4fbdbc15c29dccafe5c4,pdd数据分析面经,平时做分析，主要会用到哪些数据表？分析的内容大概是什么样的？ 2. 我们来深入聊聊你简历上的项目，具体的技术实现细节是怎样的？ 3. 在数据预处理时，如果遇到异常值或者缺失值，你通常会怎么处理？...如果遇到长尾分布的数据，或者训练样本不足的情况，有什么好的处理策略吗？ 5. 能讲讲主成分分析（PCA）的原理吗？ 6. 模型训练时，如果发生了过拟合，一般有哪些解决方法？ 7. 数据倾斜问题了解吗？,200,290231273,BellezzaBianca,2025-09-26 11:20:00 UTC,2025-09-26 11:20:00 UTC,https://www.nowcoder.com/feed/main/detail/ab010729304b4fbdbc15c29dccafe5c4,1563347,uuid:ab010729304b4fbdbc15c29dccafe5c4
www.nowcoder.com.har,数据分析面经,7,4,POST,contentData,207,250,799361985094713344,05d408ddb6b5414a9d35579b4f8e555d,滴滴数据分析，面经分享,滴滴-CTO线-数分面经-偏风控 1. 手撕SQL 一张表上有司机id 乘客id 订单id 接单时间 找到每天最早接单的十个司机； 2. 深挖项目经历； 3....业务场景：关于先享后付的功能会出现坏帐的情况，出现这个问题建立一个指标体系应该如何监督并且下钻分析原因； 4. 继上一个问题，对不同用户进行分层后，可以使用什么策略减少这种问题的发生；,174,440635738,FlorealeRosso,2025-09-21 11:39:09 UTC,2025-09-21 11:39:09 UTC,https://www.nowcoder.com/feed/main/detail/05d408ddb6b5414a9d35579b4f8e555d,1560433,uuid:05d408ddb6b5414a9d35579b4f8e555d
www.nowcoder.com.har,数据分析面经,7,5,MOMENT,momentData,201,74,2711147,aaf0fca6729e454b9af9ebcba1e5759a,小米战略分析面经,你在复杂问题拆解或数据分析中遇到过的最大挑战是什么？如何克服的？ 6. 你如何平衡案头研究、数据分析与会议支持的时间分配？ 7. 你认为自己最大的战略分析相关优点是什么？请结合实例说明。 8....为什么选择投递小米产品类的战略分析师-生态链岗位？ 3. 你对小米生态链的战略布局和“爆品逻辑”有什么了解？ 4. 在校期间，你认为最有成就感的调研分析或数据驱动项目经历是什么？ 5....你觉得自己在战略分析能力上需要改进的地方是什么？正在如何提升？ 9. 你如何定义“战略分析中的团队合作”？分享一次你参与跨部门分析项目的经历。 10.,269,1030058969,SwanGrace,,2025-10-10 08:47:45 UTC,https://www.nowcoder.com/feed/main/detail/aaf0fca6729e454b9af9ebcba1e5759a,2711147,uuid:aaf0fca6729e454b9af9ebcba1e5759a
www.nowcoder.com.har,数据分析面经,7,6,POST,contentData,207,250,799364319702958080,6f1fc04061bb4af29eb3cff7dc5e50f9,滴滴-数据分析面经,你对数据分析岗位的理解和未来职业规划...假如某一天某一地区的滴滴乘客用户急剧下降，你应该如何分析 3. 介绍一下自己熟悉的模型评价指标 4. SQL熟练度 5. 两道SQL题：（max、窗口函数） 6.,102,548625725,职场打怪兽,2025-09-21 11:48:25 UTC,2025-09-21 11:48:25 UTC,https://www.nowcoder.com/feed/main/detail/6f1fc04061bb4af29eb3cff7dc5e50f9,1560443,uuid:6f1fc04061bb4af29eb3cff7dc5e50f9
www.nowcoder.com.har,数据分析面经,7,7,POST,contentData,207,250,927013555621068800,bb1a8dd3b2f3441cb55268a06f873380,百度面经-百度产品经理岗面经-01,您如何进行市场趋势和竞争对手分析？能否举例说明您如何利用这些分析为产品策略提供支持？ 您在数据分析方面有哪些经验？...如果您有算法背景，请分享您的相关经验 您如何运用Excel、SQL、Python等工具进行数据分析？请描述一个您用这些工具解决复杂数据问题的案例 您对互联网产品策略和AI产品策略有哪些深入的了解？...例如，面对新兴社交平台竞争追问 你提到的趋势分析方法，在过去项目中如何帮助你避免了业务风险?请提供具体指标变化的例子 项目角度:在产品迭代中，你如何通过数据分析发现潜在问题，并优化用户体验?...面经 04 面试岗位：百度 产品经理岗 ｜ 面试时间：2025 年 10 月 28 日 假设你负责一款短视频App的用户增长，你会如何从用户行为数据中识别潜在需求，并制定增长策略?...如何通过数据分析判断某个新功能是否成功？需要关注哪些维度？ 如果入职后需要快速接手陌陌的某个模块，你的学习计划是什么？ 如何避免用户将陌陌的关系链迁移到微信？,431,646661816,林小白zii,2026-09-08 17:40:55 UTC,2026-09-08 17:40:55 UTC,https://www.nowcoder.com/feed/main/detail/bb1a8dd3b2f3441cb55268a06f873380,1674309,uuid:bb1a8dd3b2f3441cb55268a06f873380
www.nowcoder.com.har,数据分析面经,7,8,MOMENT,momentData,201,74,2717036,a4a724e8fa2b4833a2c162ba80cfe88f,阿里巴巴财务分析面经,用杜邦分析法分析天猫某店铺的盈利能力，列出关键指标公式。 ◦ 追问：如何用VLOOKUP函数快速匹配销售数据与成本数据？ 2. 应届生如何快速适应互联网公司的财务工作节奏？ 3....分析某商品“买一送一”促销活动的毛利率变化（原价100元，成本60元）。 ◦ 追问：如果赠品单独售价30元，会计处理有何不同？,155,500446042,VentoLeggero,,2025-10-16 04:03:49 UTC,https://www.nowcoder.com/feed/main/detail/a4a724e8fa2b4833a2c162ba80cfe88f,2717036,uuid:a4a724e8fa2b4833a2c162ba80cfe88f
www.nowcoder.com.har,数据分析面经,7,9,MOMENT,momentData,201,74,2729380,e3687bbbb5014e08961b513f62574cce,快手数据产品面经,5.做好数据产品需要什么能力 6.有成就感的事情 7.有挑战性的事情...应该改进哪些功能 8.如何衡量需求该不该做（具体场景追问） 9.产品求职的规划，想往哪方面成长 二面 1.如何看待不同方向产品的异同 2.你更适合哪种产品 3.对比两个平台产品（追问） 4.举例说明如何分析指标异动,144,507136882,Grow_Ventus,,2025-10-29 06:28:43 UTC,https://www.nowcoder.com/feed/main/detail/e3687bbbb5014e08961b513f62574cce,2729380,uuid:e3687bbbb5014e08961b513f62574cce
www.nowcoder.com.har,数据分析面经,7,10,POST,contentData,207,250,595574221514821632,f7e06908fd504848ab2b7f3ca4122d51,字节跳动数据科学面经,分析？...绝对值指标以及比值指标各自适用的检验 线性回归共线性、过拟合、正则化 针对实习经历问了常用的时序模型以及评价标准 对DS和DA的理解 二面： 自我介绍 逻辑回归的损失函数 随机森林和XGBoost的区别 主成分分析的原理...sql窗口函数以及区别 中心极限定理和大数定律 三面： 自我介绍 介绍一个实习中的项目I 客户留存率下降怎么,173,57,小海豹,2024-03-08 03:19:20 UTC,2024-03-08 03:19:42 UTC,https://www.nowcoder.com/feed/main/detail/f7e06908fd504848ab2b7f3ca4122d51,1259626,uuid:f7e06908fd504848ab2b7f3ca4122d51
www.nowcoder.com.har,数据分析面经,7,11,POST,contentData,207,250,929344049561993216,f69e3986f1b94e5f972b9a6901bdd706,巨人网络游戏策划面经,趁记忆还新鲜来简单记一下面经，给后面准备的同学做个参考。 我本来挺紧张的，面试前一直在背自己准备过的游戏拆解，怕上来就让我从底层逻辑分析某个大品类。...如果上线后数据不符合预期会怎么改？现在重新做一次，哪些地方会调整？感觉比起方案包装得漂不漂亮，他们更在意有没有复盘和迭代思路。 中间还有一道限时活动设计题，需要简单讲清楚活动规则、奖励和留存设计。...前面参加完笔试，后面收到面试通知，刚结束没多久，,202,1030054999,怪盗德农,2026-09-15 04:01:28 UTC,2026-09-15 04:01:28 UTC,https://www.nowcoder.com/feed/main/detail/f69e3986f1b94e5f972b9a6901bdd706,1675714,uuid:f69e3986f1b94e5f972b9a6901bdd706
www.nowcoder.com.har,数据分析面经,7,12,POST,contentData,207,250,927391468199636992,899929e4238e471d8186b6747bec999a,美团面经-美团后端开发岗面经-05,面经 20 面试岗位：后端开发岗 ｜ 面试时间：2025 年 11 月 6 日 你的智能数据分析平台的具体工作流程是怎样的？你是怎么使用AI接口的？...讲讲你对于电商核心的下单过程的业务和技术的理解 讲讲你之前做的项目，你认为最失败的项目是哪个，分析分析原因 讲讲你之前在字节的时候做的广告，讲讲广告宏观的链路过程和广告风控具体的链路过程 面经 09...aigc平台分析异常数据怎么分析出来? 大模型相关的知识有了解吗？怎么实现一个agent的架构？ 有了解过workflow和agent的区别吗？怎么区分wordflow和agent?...MySQL的底层索引的数据结构是什么？ 你都知道哪些索引？ 怎么分析建立的索引有没有生效？ 什么是索引失效？...JVM怎么分析线上进程线程对象的信息？ 性能分析工具有了解过吗？ 你的工具是怎么使用的？ Spring Boot的启动流程讲一下？,395,646661816,林小白zii,2026-09-09 18:42:36 UTC,2026-09-09 18:42:36 UTC,https://www.nowcoder.com/feed/main/detail/899929e4238e471d8186b6747bec999a,1674655,uuid:899929e4238e471d8186b6747bec999a
www.nowcoder.com.har,数据分析面经,7,13,MOMENT,momentData,201,74,2633720,63da06c716334dbfbea7c71ce803dec5,🦊搜狐面经,比如在学生会的工作内容 3 对数据分析岗位的理解 4 平时经常使用的数据分析/编程工具（该岗位更多使用的是sql）和熟练程度...5 在校期间参与过的相关数据分析项目 6 到岗时间 leader面试完给的反馈也不错，当天就收到offer了。...我投递的是数据相关的岗位，这里主要分享一下面试心得。...面试问题回忆： 1 自我介绍（对照JD介绍自己的相关经历和软/硬实力） 2在校经历，,194,115828176,zcc121,,2025-07-15 09:23:21 UTC,https://www.nowcoder.com/feed/main/detail/63da06c716334dbfbea7c71ce803dec5,2633720,uuid:63da06c716334dbfbea7c71ce803dec5
www.nowcoder.com.har,数据分析面经,7,14,POST,contentData,207,250,353147586309726208,fd3629d8f5574b06b16f4657659bce81,快手数据分析一二面面经,项目数据结构怎么设计的（不太懂这个问题） 5. 对互联网公司有什么理解 6. 对快手直播有什么理解 7. 拼多多电商VS. 快手电商。。。 面试官说等通知 虽然自己答的不好 但是面试官人都很好！,97,999997224,面经,2019-12-16 04:33:38 UTC,2019-12-22 01:58:14 UTC,https://www.nowcoder.com/feed/main/detail/fd3629d8f5574b06b16f4657659bce81,61183,uuid:fd3629d8f5574b06b16f4657659bce81
www.nowcoder.com.har,数据分析面经,7,15,POST,contentData,207,250,353148228231176192,fa5600fef50c4d59a0754ac5615a5fb8,快手数据分析实习面经7.29,自我介绍里的一个数据分析项目，深挖了决策树和随机森林...1、做了两个sql题，第一问是一个城市的男性收入，以及占总收入的比例；第二问是消费前10的用户 2、自我介绍 3、自我介绍里哪个项目最拿手，说一说 4、,105,196308612,上岸困难户,2020-07-29 08:03:08 UTC,2020-07-29 08:04:52 UTC,https://www.nowcoder.com/feed/main/detail/fa5600fef50c4d59a0754ac5615a5fb8,114389,uuid:fa5600fef50c4d59a0754ac5615a5fb8
www.nowcoder.com.har,数据分析面经,7,16,POST,contentData,207,250,353155126405832704,2a5c67fdb42b4cb589b3470ce86331d3,数据分析实习秋招~,猎聘网数据分析实习生面经~ 自我介绍 介绍项目 为什么吃的东西是甜的？ 考察博弈论，5个海盗 直接上机写数据库题目。...还有难点就是sql题目和他们的实际业务结合起来，实际业务有很多术语，易混淆，我基本的关系也没有搞懂 考点也就是表的连接，条件查询 快照这个概念我不太清楚，所以在条件设定时间这一块也没有理解的很好 我有一个秋招数据分析群,170,700296817,想和大佬做朋友,2019-07-14 03:27:10 UTC,2019-07-15 02:29:22 UTC,https://www.nowcoder.com/feed/main/detail/2a5c67fdb42b4cb589b3470ce86331d3,206325,uuid:2a5c67fdb42b4cb589b3470ce86331d3
www.nowcoder.com.har,数据分析面经,7,17,POST,contentData,207,250,928066160598224896,4429705cde3c4dc39cb4a8ceb372999b,美团面经-美团后端开发岗面经-07,"JVM怎么分析线上进程线程对象的信息？ 性能分析工具有了解过吗？ 你的工具是怎么使用的？ Spring Boot的启动流程讲一下？...MySQL的底层索引的数据结构是什么？ 你都知道哪些索引？ 怎么分析建立的索引有没有生效？ 什么是索引失效？ 联合索引建立之后，使用了两个字段做过滤，那么有没有可能不走索引？...手撕：字符串相加 面经 24 面试岗位：后端开发岗 ｜ 面试时间：2025 年 9 月 2 日 数据库中表的可存储数据量级一般是多少？ 对于表数据过大的如何进行分表？...double数组并统计它们的方差 为什么选择用Redis当向量数据库，es最新版本也可以支持向量数据库了有了解吗 面经 17 面试岗位：后端开发岗 ｜ 面试时间：2025 年 9 月 6 日 Java中...-缓存一致性 你项目Caffeine用来干啥的 本地缓存的话分布式怎么保证数据一致性呢 SQL优化怎么优化 手撕：给一个链表, 要求去除所有出现次数大于1的节点, 只保留不重复的 面经 11 面试岗位：",449,646661816,林小白zii,2026-09-11 15:23:35 UTC,2026-09-11 15:23:35 UTC,https://www.nowcoder.com/feed/main/detail/4429705cde3c4dc39cb4a8ceb372999b,1675210,uuid:4429705cde3c4dc39cb4a8ceb372999b
www.nowcoder.com.har,数据分析面经,7,18,MOMENT,momentData,201,74,2383208,53ced44098cc4c769a3cd9068b3b6128,发面经攒人品,Redis数据类型 4. Zset的数据结构、应用场景 5. 慢sql优化 6. explain分析 7. HashMap put()过程 8. 红黑树、二叉搜索树 9. 算法 通知二面,93,281423834,来个offer吧s,,2024-09-19 13:14:17 UTC,https://www.nowcoder.com/feed/main/detail/53ced44098cc4c769a3cd9068b3b6128,2383208,uuid:53ced44098cc4c769a3cd9068b3b6128
www.nowcoder.com.har,数据分析面经,7,19,POST,contentData,207,250,353147584527147008,ba0297efee6e43d48e4a4ecc2462693c,趣店 数据分析 面经,微信面试 一面 1自我介绍 2实习和项目深挖 3sql各个关键词的执行顺序 4逻辑回归的原理 5线性回归的缺点 6多重共线性的处理 7kmeans的k的选择 8为什么不在美国找工作 9有什么问题 二面 1.自我介绍，项目介绍 2.对趣店的了解 3.为什么回国,129,999997224,面经,2019-12-16 03:52:18 UTC,2019-12-22 04:52:12 UTC,https://www.nowcoder.com/feed/main/detail/ba0297efee6e43d48e4a4ecc2462693c,61003,uuid:ba0297efee6e43d48e4a4ecc2462693c
www.nowcoder.com.har,数据分析面经,7,20,MOMENT,momentData,201,74,2912801,7e3faa47f93345b7a9155b641eb60aaa,长川科技 采购岗面经,你简历里面的数据分析和抗压能力...在一面中，面试官问了 1、财务专业为什么想要来做采购 2、认为自己身上有什么和这个岗位相互适配的能力嘛 3、你认为的采购是上面（这个问题回答了以后，说我回答的很笼统） 4、,104,79948710,主动的柯基在摸鱼,,2026-09-18 07:00:33 UTC,https://www.nowcoder.com/feed/main/detail/7e3faa47f93345b7a9155b641eb60aaa,2912801,uuid:7e3faa47f93345b7a9155b641eb60aaa
www.nowcoder.com.har,数据分析面经,8,1,POST,contentData,207,250,798887464109658112,fc6ecde09d674e1d806a03907d8cbdf1,美团商业分析面经,如果数据分析结果和业务部门预期不符，你会怎么做？...最近一次被数据“打脸”的经历是什么？ 8. 如果你是美团外卖区域经理，如何提升某商圈的单量？ 9. 平时关注哪些行业动态？举个例子 10. 实习中最有成就感的一件事是？ 11....为什么想做商业分析师？ 3. 你觉得自己最大的优势/劣势是什么？ 4. 分享一段你独立解决复杂问题的经历 5. 有没有团队合作中意见冲突的情况？如何处理？ 6. 面对多任务并行时，你如何安排优先级？,217,1030058967,OwlHoot,2025-09-20 04:13:34 UTC,2025-09-20 04:13:34 UTC,https://www.nowcoder.com/feed/main/detail/fc6ecde09d674e1d806a03907d8cbdf1,1559409,uuid:fc6ecde09d674e1d806a03907d8cbdf1
www.nowcoder.com.har,数据分析面经,8,2,POST,contentData,207,250,927391136748965888,1cda5ccd356e46a4b5b49d7f5d2a857d,美团面经-美团后端开发岗面经-04,平时用哪种数据库较多?MVSQL 常用的索引结构实现是什么?决定其层高的因素有哪些? MySQL 中用到哪些索引类型? 如果 MySQL 查询执行很慢，如何分析和处理?...二叉树的层序遍历 面经 06 面试岗位：后端开发岗 ｜ 面试时间：2025 年 12 月 5 日 数据库怎么配置，数据库设置的内存有多大 数据库共有多少张表？每张表的数据量大约是多少？...假设数据库成为了性能瓶颈点，动态数据查询如何提升效率 面经 05 面试岗位：后端开发岗 ｜ 面试时间：2025 年 12 月 7 日 介绍一下平衡二叉树，复杂度是多少 @Autowired底层是怎么实现的...算法: 力扣25 K 个一组翻转链表 面经 04 面试岗位：后端开发岗 ｜ 面试时间：2025 年 12 月 8 日 如何在生产环境不停服情况下进行数据迁移从原来的16张表迁移到64张表中?...面经 19 面试岗位：后端开发岗 ｜ 面试时间：2025 年 11 月 27 日 拷打实习/项目 是否了解RESP协议？ Redis常见数据结构 Spring Boot的循环依赖如何解决？,479,646661816,林小白zii,2026-09-09 18:41:17 UTC,2026-09-09 18:41:17 UTC,https://www.nowcoder.com/feed/main/detail/1cda5ccd356e46a4b5b49d7f5d2a857d,1674654,uuid:1cda5ccd356e46a4b5b49d7f5d2a857d
www.nowcoder.com.har,数据分析面经,8,3,POST,contentData,207,250,353156428133244928,f4a1e93837ee4189a87fbc1d5349a421,小米产品面经,APP 这次面试让我对如何做用户画像分析、数据分析，有了一个更明确的思路...1.自我介绍 2.平时最喜欢的APP 3.你认为腾讯视频让你喜欢的点 4.你认为腾讯视频有哪些需要改进的 5.你的竞品分析从哪些方面分析的 6.用户画像怎么分析的 7.你为什么要分析用户画像 8.介绍一个国外的,144,500490016,晨晨保佑我拿offer,2020-05-12 08:22:44 UTC,2020-05-12 08:24:06 UTC,https://www.nowcoder.com/feed/main/detail/f4a1e93837ee4189a87fbc1d5349a421,425775,uuid:f4a1e93837ee4189a87fbc1d5349a421
www.nowcoder.com.har,数据分析面经,8,4,POST,contentData,207,250,792093534537940992,a67d406a758948d6912bd70791a282da,滴滴数据运营面经,如果某城市车订单下降 如何分析 4.sql题 计算每个城市每日新增注册数及登陆首页的用户数 分组比较未来7...1.影响用户选择电单车而非其他出行方式的核心因素是什么 2.相对于网约车 电单车的优势在哪 3.,104,1030058947,RoseGossip,2025-09-01 10:16:55 UTC,2025-09-01 10:16:55 UTC,https://www.nowcoder.com/feed/main/detail/a67d406a758948d6912bd70791a282da,1545518,uuid:a67d406a758948d6912bd70791a282da
www.nowcoder.com.har,数据分析面经,8,5,MOMENT,momentData,201,74,2063758,d2103be2c1c342ddb6d24f29c7dfa98c,秋招面经3,数据科学 一面 非常KPI，没做手撕只写了SQL，问了下项目和相关八股 蚂蚁 数据分析师 简历面 问项目，拷打相关八股...秋招很早就没投了，还有面试的话也在这里更新捏，虽然感觉可能不大 腾讯 wxg 微信支付,105,307969909,每天都要开心捏,,2023-11-22 13:28:56 UTC,https://www.nowcoder.com/feed/main/detail/d2103be2c1c342ddb6d24f29c7dfa98c,2063758,uuid:d2103be2c1c342ddb6d24f29c7dfa98c
www.nowcoder.com.har,数据分析面经,8,6,POST,contentData,207,250,353158649025601536,e239142e81a4406f800984a67ab14440,转转秋招数据产品面经,自我介绍 介绍实习和项目 如何分析数据异动举个例子 项目中遇到什么问题如何解决的 分析app做得好的地方和优化点 对转转了解吗说一下优缺点 职业规划...面试官很温柔，总时长32min，许愿二面 面试问题:,103,351933297,璐啦,2021-09-29 16:25:54 UTC,2021-09-29 16:25:54 UTC,https://www.nowcoder.com/feed/main/detail/e239142e81a4406f800984a67ab14440,762765,uuid:e239142e81a4406f800984a67ab14440
www.nowcoder.com.har,数据分析面经,8,7,POST,contentData,207,250,928067119852367872,5358fe973d4446f28401c8b8e95fbf32,美团面经-美团后端开发岗面经-09,分析项目目前的瓶颈是哪些 算法题 反转链表② 面经 25 面试岗位...要是需要对系统进行预测性分析或者上线部署，你觉得还有哪些工作得完成呢？ 你们的系统支不支持复杂模型的运行呢？ 在项目中，你对复杂模型有哪些实际操作经验呢？...异地多活如何影响数据倾斜？ 对LLM了解 面经 14 面试岗位：后端开发岗 ｜ 面试时间：2025 年 3 月 27 日 只问5个八股这正常吗 String类型是不可变的，怎么理解？...面经 23 面试岗位：后端开发岗 ｜ 面试时间：2025 年 3 月 22 日 数据库分片sharding的概念，它有什么优势和挑战? 如果一条SQL查询变慢，你的优化步骤是什么？...性格方面，比如抗压 项目有挑战的地方 zset有几种数据结构实现 innodb的索引 总结一下自身的优势和不足，抗压能力如何 面经 04 面试岗位：后端开发岗 ｜ 面试时间：2025 年 3 月 31...介绍HashMap和ConcurrentHashMap的原理和区别 介绍项目流程 讲一讲项目中你认为的设计细节中较难的点 有没有尝试过进行,475,646661816,林小白zii,2026-09-11 15:27:24 UTC,2026-09-11 15:27:24 UTC,https://www.nowcoder.com/feed/main/detail/5358fe973d4446f28401c8b8e95fbf32,1675214,uuid:5358fe973d4446f28401c8b8e95fbf32
www.nowcoder.com.har,数据分析面经,8,8,POST,contentData,207,250,353158314341113856,68a9bd24d13b42fcb0f5a4c8979fbeab,字节数分面经,一面： 简历项目 GMV增长 二面： 简历项目 留存下降分析 逻辑题推算(滴滴单量预估) 基于平台数据评估是否增加点踩这个功能 常用的分析工具 三面： 简历项目(追根问底式挖),88,156769356,zhangyeqi98,2021-08-22 08:56:12 UTC,2021-08-22 08:56:12 UTC,https://www.nowcoder.com/feed/main/detail/68a9bd24d13b42fcb0f5a4c8979fbeab,715828,uuid:68a9bd24d13b42fcb0f5a4c8979fbeab
www.nowcoder.com.har,数据分析面经,8,9,POST,contentData,207,250,480135949335171072,0383c045ad104a589b8fb7b64ba74c47,滴滴 运营分析专家 面经,扣车项目中怎么用到数据分析...，说一下项目背景、目标及怎么做的 3.目前公司策略岗位的组织架构，个人的工作职责范围 4.中台没有明确的目标，是怎么看待的 5.怎么预测明年需要准备多少运力 6.车辆调度的策略 7.,107,1030049032,觉得你很赞的卡尔很勇敢,2023-04-24 14:08:51 UTC,2023-04-24 14:08:51 UTC,https://www.nowcoder.com/feed/main/detail/0383c045ad104a589b8fb7b64ba74c47,1153590,uuid:0383c045ad104a589b8fb7b64ba74c47
www.nowcoder.com.har,数据分析面经,8,10,MOMENT,momentData,201,74,2866794,0523b8c2d1b34d5f83b8408e19807620,平安寿险数分面经,#发面经攒人品# 一面业务面 自我介绍 做过的数据分析案例 每一家公司离职原因 你还有什么想问我的 当周约二面加测评 二面数据面 面试官迟到了五分钟，态度比较傲慢 自我介绍 做过的数据分析经验...如果做数据相关性校验（没答出来） SQL下TOPN函数 ROWNUMBER和RANK RANGDENSE的区别 python常用到数据格式有哪些 字典 元组 列表 集合 集合没答出来 挂了 #我的求职进度条,202,787270490,要冲外企的做题家很喜欢走神,,2026-06-22 11:20:22 UTC,https://www.nowcoder.com/feed/main/detail/0523b8c2d1b34d5f83b8408e19807620,2866794,uuid:0523b8c2d1b34d5f83b8408e19807620
www.nowcoder.com.har,数据分析面经,8,11,POST,contentData,207,250,929042072709918720,9f4f455e87c847019dcbcca11f75f905,趣链科技Java开发面经,数据库用的什么？你知道 MySQL 的 InnoDB 引擎和 MyISAM 引擎的区别吗？ 一般用 redis 在项目做什么？ 做过 sql 调优吗？如果拿到一条慢 sql 你如何分析？...你提到的 EasyExcel 完成 10 万+的数据读取解析校验这些数据怎么导入的？可不可以一口气读到内存？ 我看到你用到了 EhCache 这个缓存，为什么不全部用 Redis？...10 万行 Excel 数据一次性还是分阶段的提交？分批每一批是多少数据？ 导入 1000 条，第 900 条时候失败了，那这前面的 900 条失败了还是成功了？ 如果上传两份一样的 Excel 呢？...如果这样，那不就是只能识别 1000 条中的重复数据，没法对 10 万条去重以及历史数据？ 那你应该怎么设计处理全局的？ 那这样不还是内存占用很大吗？没法释放内存，每次都要创建一个 HashSet？,391,471998190,二等bing,2026-09-14 08:01:31 UTC,2026-09-14 08:01:31 UTC,https://www.nowcoder.com/feed/main/detail/9f4f455e87c847019dcbcca11f75f905,1675595,uuid:9f4f455e87c847019dcbcca11f75f905
www.nowcoder.com.har,数据分析面经,8,12,POST,contentData,207,250,927390266342871040,c1e98a364d8a40c6950e0a5580c1fb69,美团面经-美团后端开发岗面经-01,"以及稳定性分析 面经 17 面试岗位：后端开发岗 ｜ 面试时间：2026 年 4...手撕：二叉树层序遍历 AI Coding：写一个函数 面经 19 面试岗位：后端开发岗 ｜ 面试时间：2026 年 4 月 27 日 RAG 构建，向量数据库原理选型 元数据过滤，混合检索怎么做的，重排...面经 01 面试岗位：后端开发岗 ｜ 面试时间：2026 年 7 月 8 日 项目中，为什么要考虑使用 caffeine + Redis 本地缓存的方案？另外，说一说数据一致性如何保证？...跳表比平衡二叉树的优点 Redis 数据结构 Redis 为什么快 缓存穿透击穿雪崩 缓存一致性为什么用双删 手撕：最佳股票 二 面经 03 面试岗位：后端开发岗 ｜ 面试时间：2026 年 6 月 4...从补充的这些分析里，你觉得哪些需要采纳，哪些可以不采纳？你有做过判断吗？ 比如""边界突刺""的问题，如果不是让 AI 来写，而是人自己实现，正确做法应该怎么写？...半连接队列会遇到什么问题 零拷贝原理 epoll 是怎么实现的 布隆过滤器的原理 限流有哪些算法 几种常见的排序算法，",488,646661816,林小白zii,2026-09-09 18:37:50 UTC,2026-09-09 18:37:50 UTC,https://www.nowcoder.com/feed/main/detail/c1e98a364d8a40c6950e0a5580c1fb69,1674651,uuid:c1e98a364d8a40c6950e0a5580c1fb69
www.nowcoder.com.har,数据分析面经,8,13,POST,contentData,207,250,353157812089987072,6eec1778d98449b088abf1d269a600ca,b站坑爹面经,楼主3月初投递的b站数据岗，一个电商数仓，一个数据分析。 数仓方向简历被刷，数据分析岗面了10分钟，问了研究生期间研究的内容，如何对b站的数据包进行分析，其他的没了。,83,819690348,牛客819690348号,2021-04-14 05:21:27 UTC,2021-04-14 05:49:02 UTC,https://www.nowcoder.com/feed/main/detail/6eec1778d98449b088abf1d269a600ca,639928,uuid:6eec1778d98449b088abf1d269a600ca
www.nowcoder.com.har,数据分析面经,8,14,POST,contentData,207,250,353159317517967360,f2342349933b44f98668c889c84bb369,【面经】汉高 数据分析实习(录),投递+约面：1天 面试时长：30min 面试形式：专属网页 直属leader是美籍华人，所以全英文面试 Q1：自我介绍 Q2：对于汉高数分实习岗位的理解 Q3：讲述一个自己做过的实习，用了很么方法，有什么样的效果 Q4：SQL和python的掌握能力 Q5：反问 反思 面完第二天HR打电话说通过了。 但一是上海疫情我们学校封校了心态爆炸不想找实习 其次汉高是进厂，每天安排大巴接送早上八点要到军工路起不来 再是业务线是粘合剂而不是美妆，对粘合剂市场不感兴趣 所以就拒绝了，但是整个对英文面试的锻炼还是很不错的，leader人也非常不错，属于技术和业务兼备的上司,281,731920111,找到工作了噢,2022-03-11 11:53:08 UTC,2022-03-12 05:16:11 UTC,https://www.nowcoder.com/feed/main/detail/f2342349933b44f98668c889c84bb369,860608,uuid:f2342349933b44f98668c889c84bb369
www.nowcoder.com.har,数据分析面经,8,15,MOMENT,momentData,201,74,2910312,1f5363d0a36d43d8b19b00ed11cbcc8b,9.15 招银网络科技线下二面凉,对什么数据库比较熟悉 6. MySQL默认事务隔离级别是什么 7. 元空间数据泄露可能是什么原因?怎么排查 8. 堆空间数据泄露可能是什么原因?怎么排查 9. 用什么工具分析dump文件 10....寄了，技术面完就让走了，唉没实习没真实开发经验还是难搞，还是写个面经吧 1. 自我介绍 2. 对项目上比较熟悉的项目画系统架构图 3. 你说一下什么是系统架构图 4....真实分析过dump文件吗 11. 了解微服务吗 12.为什么没去实习 13.,224,336183184,_Pico,,2026-09-15 02:06:36 UTC,https://www.nowcoder.com/feed/main/detail/1f5363d0a36d43d8b19b00ed11cbcc8b,2910312,uuid:1f5363d0a36d43d8b19b00ed11cbcc8b
www.nowcoder.com.har,数据分析面经,8,16,MOMENT,momentData,201,74,2904982,184da3aa283a48779c7406182ae05fc7,泛抖音部门 字节跳动 大数据开发实习生,想问这个部门的大数据开发实习生主要是做什么内容的 本人背景双非一本 大三下刷了两段实习 都是数据分析实习生（实际干的是数据开发类似的工作）都是很小的公司 简历莫名过了 下周就要面试了 有无大佬传授面经或分享一下,105,386198138,破防了的伊泽瑞尔很可爱,,2026-09-07 07:07:22 UTC,https://www.nowcoder.com/feed/main/detail/184da3aa283a48779c7406182ae05fc7,2904982,uuid:184da3aa283a48779c7406182ae05fc7
www.nowcoder.com.har,数据分析面经,8,17,POST,contentData,207,250,928066689118273536,59f319a090484e9ca91eea8b0d635489,美团面经-美团后端开发岗面经-08,引用计数法和可达性分析法。...可达性分析法怎么实现的，根节点有哪些，让你自己实现你怎么做 垃圾回收期间发生的动态变化怎么处理，比如一个对象之前是垃圾，现在不是了，会不会回收。...什么是栈上分配、逃逸分析？是否可以让对象不分配在堆上？ 什么情况下对象会进入老年代？如何判断对象“是否存活”？ 直接内存是什么？你在什么场景下用过它？ JVM 中常见的垃圾回收器有哪些？...Agent和workflow的区别吗 讲一讲为什么用Kafka，在这个业务场景下有什么优势 为什么用ES而不是Redis zset 讲一下TCP keepalive和HTTP keepalive的区别 怎么分析一个...线程安全的数据结构有哪些？ 手撕：环节，目前还没有在网上找到题号 面经 32 面试岗位：后端开发岗 ｜ 面试时间：2025 年 4 月 11 日 线程池有哪些参数，一般你怎么设置？...学习或者研究过程中遇到的困难，怎么解决的 垃圾回收首先是判断垃圾对象：,425,646661816,林小白zii,2026-09-11 15:25:41 UTC,2026-09-11 15:25:41 UTC,https://www.nowcoder.com/feed/main/detail/59f319a090484e9ca91eea8b0d635489,1675213,uuid:59f319a090484e9ca91eea8b0d635489
www.nowcoder.com.har,数据分析面经,8,18,MOMENT,momentData,201,74,2909553,21f7797df36f45029e2c00c2e70f9a55,百度测开一面二面面经，三面凉经,就扯了一些意图分析，然后调用工具，返回结果，然后判断结果是否合格，再意图分析...6.数据库的一些问题，数据库的事务有哪些特性，就是那四个。 7.问了一些java的八股，麻了，主要一开始想着测开，没太准备八股，结果问了jvm内存里面有哪些，回答了一个堆，栈，常量区。...12.其他一些题目忘了，面完后感觉自己python和数据库方便还是欠缺一些。 一面面完大概二十分钟就给二面了。...这个没答上来 10.数据库的范式有了解过吗？ 这个也没答上来，我就记得1nf，2nf，3nf。但具体是消除什么依赖忘了。 11.四次挥手的流程。...5.问了一些skill的问题，ai的流程问题，没答上来，但我用langgraph和langchain做过一个agent的问答，,332,687948296,牛客687948296号,,2026-09-14 01:39:33 UTC,https://www.nowcoder.com/feed/main/detail/21f7797df36f45029e2c00c2e70f9a55,2909553,uuid:21f7797df36f45029e2c00c2e70f9a55
www.nowcoder.com.har,数据分析面经,8,19,POST,contentData,207,250,800653207918706688,b5366a961e8342d88f9d9f5a064bf58b,快手-数据分析面经-日常实习,是否有数据支持？...1，岗位jd，PGC，UGC业务 2，自我介绍 3，项目经历拆解 4，两道SQL题 5，业务题 一，我们关注的指标是作者数与DAU之比，我们发现这个指标下降了如何分析 二，数分老师通过用户漏斗定位到了问题,113,143582943,匿名牛油,2025-09-25 01:10:00 UTC,2025-09-25 01:10:00 UTC,https://www.nowcoder.com/feed/main/detail/b5366a961e8342d88f9d9f5a064bf58b,1562341,uuid:b5366a961e8342d88f9d9f5a064bf58b
www.nowcoder.com.har,数据分析面经,8,20,POST,contentData,207,250,677209607026081792,30190196aed644f891d3c510756241f4,招联金融 数据开发 面经,"数据开发都是怎么做的？ 登陆量以前都是百万级，某一天只有90%,怎么分析？ 通知我下午2面 10.19 终面 自我介绍 参与感最多的实习项目，缺失值怎么处理 过拟合怎么办？...10.15 笔试 题目都是牛客的，三个部分，第一部分是选择题，第二部分sql的修改，第三部分简单的python 10.19早上一面 自我介绍 拷打实习 数据从哪收集 python用了哪些函数？",185,754658159,牛客754658159号,2024-10-19 09:49:12 UTC,2024-10-19 09:49:12 UTC,https://www.nowcoder.com/feed/main/detail/30190196aed644f891d3c510756241f4,1421384,uuid:30190196aed644f891d3c510756241f4
www.nowcoder.com.har,数据分析面经,9,1,POST,contentData,207,250,353159133216055296,5671449fe7e448e58f1910cc1ee03347,得物 风控策略 校招面经,1.自我介绍 2.讲一个自己的项目以及深挖 3.数据分析比较重要的三点 4.如何保证数据的准确性 5.取数的时候需要注意哪些问题 6.如何确认想要的数据是自己想要的 7.风控的知识了解吗 后期招聘流程操作也挺骚的,106,925379758,奥力给1196,2022-01-27 10:14:59 UTC,2022-01-27 10:14:59 UTC,https://www.nowcoder.com/feed/main/detail/5671449fe7e448e58f1910cc1ee03347,834154,uuid:5671449fe7e448e58f1910cc1ee03347
www.nowcoder.com.har,数据分析面经,9,2,POST,contentData,207,250,928259386173067264,9ea767a59ab24b208da3b68802a52c53,美团面经-美团数据开发与数据分析岗面经-07,面经 03 面试岗位：数据开发与数据分析岗 ｜ 面试时间：2025 年 4 月 12 日 26美团一面 手撕：寻找数组中第k大的值 手撕：SQL留存率问题 面经 04 面试岗位：数据开发与数据分析岗 ｜...面经 09 面试岗位：数据开发与数据分析岗 ｜ 面试时间：2025 年 3 月 25 日 ◦final ？...面经 14 面试岗位：数据开发与数据分析岗 ｜ 面试时间：2025 年 2 月 20 日 介绍实习有含金量的点，实习的工作。...，里面有很多数据是相同的，如何把这五个数据流的相同数据匹配出来 面经 02 面试岗位：数据开发与数据分析岗 ｜ 面试时间：2025 年 4 月 17 日 强化学习中马尔可夫中的五元组是什么？...面经 01 面试岗位：数据开发与数据分析岗 ｜ 面试时间：2025 年 5 月 14 日 kafka的重分区机制知道吗 flink的非组测试了解吗 如果cpu占用很高，应该如何排查优化 如果有五个数据流,424,646661816,林小白zii,2026-09-12 04:11:24 UTC,2026-09-12 04:11:24 UTC,https://www.nowcoder.com/feed/main/detail/9ea767a59ab24b208da3b68802a52c53,1675269,uuid:9ea767a59ab24b208da3b68802a52c53
www.nowcoder.com.har,数据分析面经,9,3,POST,contentData,207,250,472517320896696320,fed32da9a0a84a29b57360fa2a8d2cfb,爱奇艺 数据产品经理 实习面经分享,之前有看过别人的面经，对于这个岗位他们都问了数据分析这点东西的，所以如果不是数据分析这类专业的同学一定要去准备一下，包括sql...面试官说希望我可以从产品经理角度出发去分析它的商业价值 因为数据产品经理相当于是数据分析和产品经理的结合，但是在提问过程中着重问我产品经理部分，因为在我的简历和自我介绍上，我已经把自己数据分析的基本能力都说了...1、自我介绍 2、分享一段觉得很不错的关于这段岗位的作品 3、分析一个我比较感兴趣的b端产品 4、分析一下爱奇艺这个“一起看”模式。,239,1030048734,匿名牛油,2023-04-03 13:35:08 UTC,2023-04-03 13:35:08 UTC,https://www.nowcoder.com/feed/main/detail/fed32da9a0a84a29b57360fa2a8d2cfb,1145425,uuid:fed32da9a0a84a29b57360fa2a8d2cfb
www.nowcoder.com.har,数据分析面经,9,4,POST,contentData,207,250,927623822419726336,37f4b214abfa4d889daf8577deaf93be,27秋招 蔚来 底盘开发 一面面经,包含测试数据分析、数据库沉淀； 第三块实车调试调校，包含轮胎、...我们动力学团队分为三块： 第一块仿真设计，做硬点设计、悬架 KC 设计、整车仿真，做整车性能指标设定； 第二块测试，整车平顺性、舒适性测试，,104,992689872,Felix26,2026-09-10 10:05:54 UTC,2026-09-10 12:53:42 UTC,https://www.nowcoder.com/feed/main/detail/37f4b214abfa4d889daf8577deaf93be,1674855,uuid:37f4b214abfa4d889daf8577deaf93be
www.nowcoder.com.har,数据分析面经,9,5,POST,contentData,207,250,653677246099603456,3f6409821a05411c99800c0089dae9db,美团产品面经分享,项目数据表现结果及原因分析。 6. 重来的话会如何改进。 7. 跳出原有业务线，针对项目的新想法。 8. 竞品分析思路。 9. 性格优缺点。 10.,74,1030056616,星河盛宴,2024-08-15 11:20:00 UTC,2024-08-15 11:20:00 UTC,https://www.nowcoder.com/feed/main/detail/3f6409821a05411c99800c0089dae9db,1351572,uuid:3f6409821a05411c99800c0089dae9db
www.nowcoder.com.har,数据分析面经,9,6,POST,contentData,207,250,353155366122889216,1afc9140274c4b32987ff34a3fa188a7,小米面经，攒人品求offer,然后详细问了数据分析实习和数学建模经历。怎么进行一次数据分析。数据分析意义。（ps，我不是数据分析岗）是否有深造打算。最后让用英文介绍项目。 二面 介绍近期项目，问期望工作地点，家庭居住地。,95,382252273,匿名牛油,2019-09-05 09:40:37 UTC,2019-09-05 15:35:23 UTC,https://www.nowcoder.com/feed/main/detail/1afc9140274c4b32987ff34a3fa188a7,246299,uuid:1afc9140274c4b32987ff34a3fa188a7
www.nowcoder.com.har,数据分析面经,9,7,POST,contentData,207,250,928258836312375296,c94be7aa043742a38628061a0c202064,美团面经-美团数据开发与数据分析岗面经-04,面经 07 面试岗位：数据开发与数据分析岗 ｜ 面试时间：2025 年 9 月 17 日 请做一个简短的自我介绍。 为什么选择美团商业分析师岗位？你对“数据驱动商业决策”的理解是什么？...面经 05 面试岗位：数据开发与数据分析岗 ｜ 面试时间：2025 年 9 月 20 日 请做一个3分钟的自我介绍 为什么想做商业分析师？ 你觉得自己最大的优势/劣势是什么？...面经 08 面试岗位：数据开发与数据分析岗 ｜ 面试时间：2025 年 9 月 16 日 10投递二志愿选的都喜欢三天后进人才池。...面经 01 面试岗位：数据开发与数据分析岗 ｜ 面试时间：2025 年 9 月 24 日 详细介绍业务线 怎么验证开发数据的效果 业务会关注哪些指标，也就是说核心指标是哪些？ 都是独立做的吗？...算法题：重排链表 面经 04 面试岗位：数据开发与数据分析岗 ｜ 面试时间：2025 年 9 月 20 日 美团的核心业务是“吃”，你认为目前外卖业务增长的最大瓶颈是什么？,438,646661816,林小白zii,2026-09-12 04:09:13 UTC,2026-09-12 04:09:13 UTC,https://www.nowcoder.com/feed/main/detail/c94be7aa043742a38628061a0c202064,1675266,uuid:c94be7aa043742a38628061a0c202064
www.nowcoder.com.har,数据分析面经,9,8,POST,contentData,207,250,353157132537241600,9a018c8ec46d480486abc83d0c609d0f,美的面经-数据运营,分析案例可以结合新科技 新技术，人工智能等) 面试官问了我一个问题 怎么用数据解决实际问题，会给营销带来什么优势...，利用题目实际分析 二面 基本是针对项目上上一些问题 然后问了面试中经常会问到的几个问题 1.为什么要来美的，比起其他行业，有什么吸引你的地方 2.你觉得你的岗位在部门中对其他岗位起到一个什么样子的作用...一面(无领导小组) 设计一个洗衣机，要怎么设计，解决用户什么问题，为什么比其他方案优秀，电商营销策略 (,215,875451317,牛客875451317号,2020-10-12 03:45:50 UTC,2021-03-18 05:00:42 UTC,https://www.nowcoder.com/feed/main/detail/9a018c8ec46d480486abc83d0c609d0f,536211,uuid:9a018c8ec46d480486abc83d0c609d0f
www.nowcoder.com.har,数据分析面经,9,9,POST,contentData,207,250,353157142733594624,47894ed479104e4fbbecfd70df510d8f,蘑菇街金融风控面经,为什么没有考虑数据分析的岗位???...风控名词解释: 跨时间的样本 评估模型的指标 怎么验证过拟合 在没有新数据的情况下，怎么解决过拟合 好坏样本定义 滚动率分析 账龄分析 怎么定义表现期和观察期 什么是表现期 观察期 比赛用什么算法做的...两个情况 1给你更多的数据集 2给你数据的解释含义 你选择哪一个 反问,158,655678075,Forzaljl,2020-10-13 11:41:19 UTC,2020-10-13 11:44:14 UTC,https://www.nowcoder.com/feed/main/detail/47894ed479104e4fbbecfd70df510d8f,537877,uuid:47894ed479104e4fbbecfd70df510d8f
www.nowcoder.com.har,数据分析面经,9,10,MOMENT,momentData,201,74,2913650,5e5b3dff9b4e4caa9b3ca1702b87a23a,b站推荐算法一面面经,生成式召回任务中，SFT训练数据集的构造逻辑与筛选标准是什么？ 6. 用户行为序列长度差异悬殊如何处理？针对无历史行为的冷启动新用户，有哪些解决思路？ 7. ...结合B站推荐体验，分析其推荐系统现存问题；从召回、精排、重排全链路说明优化多样性的具体方案。...重点分析长尾物品表征学习不足的问题。 10. 不依赖生成式方案，仅从双塔模型结构本身优化，如何提升长尾Item的表征质量？ 11.,196,379472365,算法打工人小旺,,2026-09-19 13:52:33 UTC,https://www.nowcoder.com/feed/main/detail/5e5b3dff9b4e4caa9b3ca1702b87a23a,2913650,uuid:5e5b3dff9b4e4caa9b3ca1702b87a23a
www.nowcoder.com.har,数据分析面经,9,11,MOMENT,momentData,201,74,2913652,0002939505694a0383f3b732d64077bb,b站推荐算法一面面经,生成式召回任务中，SFT训练数据集的构造逻辑与筛选标准是什么？ 6. 用户行为序列长度差异悬殊如何处理？针对无历史行为的冷启动新用户，有哪些解决思路？ 7. ...结合B站推荐体验，分析其推荐系统现存问题；从召回、精排、重排全链路说明优化多样性的具体方案。...重点分析长尾物品表征学习不足的问题。 10. 不依赖生成式方案，仅从双塔模型结构本身优化，如何提升长尾Item的表征质量？ 11.,196,287626420,算法打工人阿旺,,2026-09-19 13:53:28 UTC,https://www.nowcoder.com/feed/main/detail/0002939505694a0383f3b732d64077bb,2913652,uuid:0002939505694a0383f3b732d64077bb
www.nowcoder.com.har,数据分析面经,9,12,POST,contentData,207,250,928258321360986112,22450841f48a4a2698b82dd49dfb8425,美团面经-美团数据开发与数据分析岗面经-01,处理缓存失效会采用哪些策略 面经 03 面试岗位：数据开发与数据分析岗 ｜ 面试时间：2026 年 3 月 4 日 工作中用了哪些数据分析工具，数据分析能力怎么样 给你的SQL能力打个分，为什么 面经...面经 01 面试岗位：数据开发与数据分析岗 ｜ 面试时间：2026 年 4 月 10 日 ConcurrentHashMap比HashMap的优化 MySQL事务 SQL慢查询 redolog和binlog...介绍数据倾斜 MySQL的索引为什么能加快速度，b+树和b树的区别，b+树的特点 冒泡排序和堆排序 写SQL和leetcode 面经 08 面试岗位：数据开发与数据分析岗 ｜ 面试时间：2025 年...面经 07 面试岗位：数据开发与数据分析岗 ｜ 面试时间：2025 年 12 月 31 日 介绍数据建模流程 维度建模和范式建模的区别 会Java吗 Python去重操作和多线程 介绍spark的shuffle...红蓝眼镜自杀逻辑题 [SQL] t：计算每个分区作者发布量前三名的作者 [SQL] 计算次日留存率 面经 05 面试岗位：数据开发与数据分析岗 ｜ 面试时间：2026 年 1 月 3 日 [SQL] t,520,646661816,林小白zii,2026-09-12 04:07:10 UTC,2026-09-12 04:07:10 UTC,https://www.nowcoder.com/feed/main/detail/22450841f48a4a2698b82dd49dfb8425,1675263,uuid:22450841f48a4a2698b82dd49dfb8425
www.nowcoder.com.har,数据分析面经,9,13,MOMENT,momentData,201,74,2729350,c75d7ea280f74c8aa6dbc5897f01080e,携程AI产品面经,7.你会设计一个怎样的用户研究和数据分析方案来深挖背后的原因?(需要具体说明分析维度、可能用到的数据、研究方法等...5.如果推荐系统的点击率下降，你会如何分析? 6.假设你是携程“酒店”业务的产品经理，数据显示用户在酒店列表页到详情页的转化率低于行业平均水平，且用户平均浏览酒店详情页数量较多但下单率不高。,154,761386675,Basilico_Verde,,2025-10-29 06:03:06 UTC,https://www.nowcoder.com/feed/main/detail/c75d7ea280f74c8aa6dbc5897f01080e,2729350,uuid:c75d7ea280f74c8aa6dbc5897f01080e
www.nowcoder.com.har,数据分析面经,9,14,MOMENT,momentData,201,74,2905814,be1ee2369e5b4536b4bc5e47c8463c9e,米哈游 平台研发-游戏运维 面经,协助分析线上故障及性能瓶颈，参与应急响应、问题复盘及稳定性优化，推动系统持续改进。 7. 学习并参与网络、存储、数据库、中间件等基础设施的维护与优化，为游戏业务提供稳定可靠的运行环境。...集群中的一个 Pod 访问另一个 Service 时，数据包大致经过什么路径？ 9. 如果目标 Pod 位于其他节点，数据包路径会有什么变化？VXLAN 封装中的内层包和外层包分别是什么？...参与监控告警体系建设，使用 Prometheus、Grafana、ELK/Loki 等工具，持续优化监控、日志分析和故障定位能力。 6....面经在下面： 基本信息 1. 请简单自我介绍，并说明主要技术栈。 编程八股与 Linux 基础 1. 线上系统的内存持续上涨且不下降，排查思路是什么？ 2. 常见的内存泄漏类型或开发场景有哪些？...熟悉 TCP/IP、HTTP、DNS 等网络协议，具备基本网络问题分析能力。 5. 至少掌握一门编程语言，包括但不限于 Go、Python、C/C++。 6.,442,78485632,深情的艾伦在看面经,,2026-09-08 08:27:24 UTC,https://www.nowcoder.com/feed/main/detail/be1ee2369e5b4536b4bc5e47c8463c9e,2905814,uuid:be1ee2369e5b4536b4bc5e47c8463c9e
www.nowcoder.com.har,数据分析面经,9,15,POST,contentData,207,250,635213080854593536,a3dd2e0de0a649d2977f313a06050a97,京东市场营销面经,之前的某段实习如何体现数据分析能力? 4.问到岗时间，感觉比较急 5.Excel除了vookup之外经常用什么公式或功能?会不会其他数据分析工具?...6.在运营小红书账号时，是如何将数据分析用户洞察能力结合运用的? 7.在某个项目中如何做用户分析?...８.反问 整场面试的核心考察点是数据分析和用户洞察能力，可以根据自己的特长引导提问偏向，总体面试时长１５ｍｉｎｓ✌...1.自我介绍 2.介绍部门及岗位 3.,207,1030056565,flick#0729,2024-06-25 12:30:00 UTC,2024-06-25 12:30:00 UTC,https://www.nowcoder.com/feed/main/detail/a3dd2e0de0a649d2977f313a06050a97,1322878,uuid:a3dd2e0de0a649d2977f313a06050a97
www.nowcoder.com.har,数据分析面经,9,16,POST,contentData,207,250,651448812636024832,05bd2e3380934b1fb36105f710baa616,哈啰出行_面经分享｜赶紧收藏!,面试岗位：数据分析师 一面：技术部门面｜30min 自我介绍 快问快答3道SQL 简述做过印象最深刻的项目 掌握Bi工具有哪些?有什优缺点 为什么选择数据分析? 你觉得你适合做数据分析吗？...一般情况下，你是开展数据分析的? 一面整体效果，还是非常顺利的，因为都是日常所接触。,139,1030055285,是我风度翩翩,2024-08-09 07:45:00 UTC,2024-08-09 07:45:00 UTC,https://www.nowcoder.com/feed/main/detail/05bd2e3380934b1fb36105f710baa616,1346220,uuid:05bd2e3380934b1fb36105f710baa616
www.nowcoder.com.har,数据分析面经,9,17,POST,contentData,207,250,928796120698884096,e88f1c0d8acc420abc717c846a75383a,淘天面经 淘天集团数据开发与数据分析岗面经-02,面经 01 面试岗位：数据分析 ｜ 面试时间：2025 年 10 月 16 日 从“用户分层（首单价格敏感型/品牌忠诚型）、商品结构（爆款单品/套装组合）、大促策略（满减力度/赠品价值）”三个维度，设计复购率下降的分析框架...用数据指标说明优先级理由 面经 02 面试岗位：数据开发与数据分析岗 ｜ 面试时间：2025 年 4 月 2 日 介绍一到两段实习经历，自己做了什么，遇到了什么问题，对自己比较有挑战的点 项目深入拷打...面经 03 面试岗位：数据开发与数据分析岗 ｜ 面试时间：2025 年 3 月 19 日 Flink 在项目中的应用 怎么确保 Flink 精准一次（Exactly-Once） 离线涉及到吗，数据倾斜怎么办...项目里有遇到数据倾斜吗 维度建模了解多少 HBase 的 RowKey 怎么设计的，有热点 Key 问题吗 面经 04 面试岗位：数据开发与数据分析岗 ｜ 面试时间：2025 年 3 月 18 日 MySQL...列出5个核心监测指标（如复购用户的首单客单价、大促后30天浏览-购买转化率、竞品价格带重叠度） 若数据显示“9.9元 若验证发现“ 如何通过用户评价的文本分析（如NLP情感倾向），区分“产品质量问题”,530,646661816,林小白zii,2026-09-13 15:44:11 UTC,2026-09-13 15:44:11 UTC,https://www.nowcoder.com/feed/main/detail/e88f1c0d8acc420abc717c846a75383a,1675414,uuid:e88f1c0d8acc420abc717c846a75383a
www.nowcoder.com.har,数据分析面经,9,18,POST,contentData,207,250,652907171495038976,ca7697ce60894b70a8deadede39b19d3,京东运营岗面经分享🙌,并深挖这段实习的工作内容 介绍数据分析相关的经历 具体分析了哪些数据...生涯中最有成就感的经历 如果给自己数据分析的能力打分，打几分，扣的几分是什么原因 能接受快节奏的压力工作吗？...自我介绍 对岗位工作内容的理解 自认为自身哪个能力最匹配，哪个地方最不匹配 职业选择方向及原因（为什么选择运营） 某段实习最大的收获，,161,1030053425,火星求生者,2024-08-13 08:20:00 UTC,2024-08-15 13:31:13 UTC,https://www.nowcoder.com/feed/main/detail/ca7697ce60894b70a8deadede39b19d3,1349502,uuid:ca7697ce60894b70a8deadede39b19d3
www.nowcoder.com.har,数据分析面经,9,19,POST,contentData,207,250,930572525178748928,da9c73db2fa346c4b30e10860d295c39,Agent 开发面经,均保存完整数据到数据库...，方便后续 Bad Case 分析与效果回流 总结一下就是：受控、可执行、可重试、可回溯、可审计 4、自动化审核怎么做的，只依赖 AI 能力吗？...输出栅栏：AI 生成的内容在最终输出给用户前需要兜底防治 事后治理： 可视化监控面板，重点监控内容传播率（AI 内容安全的北极星指标）、识别精确率/召回率等等； Bad Case / Edge Case 分析与效果回流...失败重试、多次失败兜底/降级） HITL 加入 Workflow 的具体 Stage 和职责 所有 Stage 的输入/输出（包括 Tool Call、Rag 检索等等）、执行过程和状态等，,296,198256426,AI王朝了,2026-09-18 13:22:59 UTC,2026-09-18 14:03:25 UTC,https://www.nowcoder.com/feed/main/detail/da9c73db2fa346c4b30e10860d295c39,1676787,uuid:da9c73db2fa346c4b30e10860d295c39
www.nowcoder.com.har,数据分析面经,9,20,POST,contentData,207,250,926451623541370880,0b30cef0736a4c60b460fe527beab0cb,得物面经（附AI答案,修复与验证： 根据分析结果修复代码，例如：释放未关闭的资源（数据库连接、IO流）、及时移除静态集合（如Map、List）中的无用对象、使用WeakReference解决缓存问题、清理ThreadLocal...通过 “Path to GC Roots” 功能，分析对象到GC Roots的引用链，找出阻止对象被回收的强引用。...启用GC日志进行辅助分析。 生成堆转储（Heap Dump）： 通过jmap命令或VisualVM生成.hprof文件。...分析堆转储： 使用Eclipse MAT (Memory Analyzer Tool) 打开.hprof文件。 利用MAT的 “Leak Suspects”报告快速定位疑似泄漏点。...数据库唯一约束 利用数据库表的唯一索引或主键约束。插入重复数据时抛出DuplicateKeyException。 插入操作。 实现简单，依靠数据库保证，非常可靠。,402,444670596,接个offer好吧,2026-09-07 04:28:00 UTC,2026-09-07 04:28:00 UTC,https://www.nowcoder.com/feed/main/detail/0b30cef0736a4c60b460fe527beab0cb,1673778,uuid:0b30cef0736a4c60b460fe527beab0cb
www.nowcoder.com.har,数据分析面经,10,1,MOMENT,momentData,201,74,1444814,b2d3f0ea01f54720adadbcfdc772aca3,面经1,数据分析 后端等等 6，产品经理该具备什么能力 统筹，团队(平等)，热爱，逻辑...1，自我介绍 2，实习介绍 3，实习深究 4，怎么理解产品经理 5，产品经理怎么分类 答 分为tob app微信 To c,103,623103255,V20190113102974,,2022-09-01 02:56:08 UTC,https://www.nowcoder.com/feed/main/detail/b2d3f0ea01f54720adadbcfdc772aca3,1444814,uuid:b2d3f0ea01f54720adadbcfdc772aca3
www.nowcoder.com.har,数据分析面经,10,2,POST,contentData,207,250,928259291889287168,95aa5b0bda48440a82da5597934eaaea,美团面经-美团数据开发与数据分析岗面经-06,面经 07 面试岗位：数据开发与数据分析岗 ｜ 面试时间：2025 年 7 月 1 日 请做自我介绍，并详细介绍项目，重点说明数据清洗相关工作。...就业城市选择相关 研二课程安排+提前实习相关 面经 03 面试岗位：数据开发与数据分析岗 ｜ 面试时间：2025 年 9 月 5 日 请介绍两段实习经历中的主要工作内容。...面经 04 面试岗位：数据开发与数据分析岗 ｜ 面试时间：2025 年 9 月 3 日 深挖项目 上一段实习经历为什么没转正？这一段实习经历能转正吗？ spark了解吗？...面经 01 面试岗位：数据开发与数据分析岗 ｜ 面试时间：2025 年 9 月 8 日 接雨水 给定集合元素输出所有的非空子集，使用递归以外的方法 零钱找零的所有不同的方案数 lc56合并区间 表id，...的get size线程安全吗 怎么基于TCP自定义应用层协议 为什么数据库要用B+树 面经 06 面试岗位：数据开发与数据分析岗 ｜ 面试时间：2025 年 8 月 19 日 介绍实习，挑一个项目中的难点,457,646661816,林小白zii,2026-09-12 04:11:01 UTC,2026-09-12 04:11:01 UTC,https://www.nowcoder.com/feed/main/detail/95aa5b0bda48440a82da5597934eaaea,1675268,uuid:95aa5b0bda48440a82da5597934eaaea
www.nowcoder.com.har,数据分析面经,10,3,MOMENT,momentData,201,74,2909992,f68fc89f8e664c85825c4bec8657e0ad,乐元素开心消消乐后端一面｜27届｜约 50 分钟,#面经# ...问得比较细： - 这个功能的业务场景是什么 - 为什么需要同步课程预约数据 - 数据是从哪里同步到哪里 - 是数据库直接同步，还是通过接口同步 - 定时任务怎么做 - 一天大概有多少数据 - 如何处理取消预约...我的回答大概是： - 需求分析和方案设计阶段多花时间 - 先验证最小闭环 - 用 Postman 测正常流程 - 再测异常和边界条件 - 再用另一个会话或更强模型做一次 Review 后面反问环节聊 AI...Prompt Enhancement 拼接的是什么 - 大模型如何读项目文件 - 代码生成后怎么校验 - 是否会自动启动项目 - 如何保证 AI 生成代码的质量 我介绍了大概的流程： 用户需求 → 需求分析...Redis 如果丢数据，可以通过数据库里未完成的任务重新恢复。 面试官还问了一个很实际的问题： “既然项目都已经用了 Kafka，为什么延迟队列还要自己用 Redis List 做？”...面试官说hr已经下班了，明天通知我后续，应该是6.30下班，有点不好意思，拖了面试官20分钟,467,381065731,hxyz61,,2026-09-14 11:08:09 UTC,https://www.nowcoder.com/feed/main/detail/f68fc89f8e664c85825c4bec8657e0ad,2909992,uuid:f68fc89f8e664c85825c4bec8657e0ad
www.nowcoder.com.har,数据分析面经,10,4,POST,contentData,207,250,928603704863784960,71d349d0f764476fb781f1e589e7639d,科大讯飞嵌入式软件开发一面 面经,解释代码段、只读数据、已初始化数据、BSS、堆、栈各自放什么，以及溢出常见后果？ 代码段放指令；常量字符串等常在只读数据段。...用逻辑分析仪核对真实波形，同时对比环回测试，区分线路问题还是协议解析问题。 16. FreeRTOS里任务迟迟不运行，可能有哪些原因？ 优先级被更高任务长期占满，或同优先级时间片配置不符合预期。...对结构体成员要落到实际访问的对象上，避免只对指针本身加 volatile 却漏了数据。 读写外设时还要理解寄存器副作用，如读清标志，不能想当然合并访问。 10....先确认波特率、数据位、校验、停止位、流控是否双方一致。 看线质量和地线：电平、噪声、线长过长导致采错。 软件侧查是否中断过重、接收缓冲太小、回调里处理太久导致FIFO溢出。,334,441351987,嵌进现实的大厂梦,2026-09-13 02:59:36 UTC,2026-09-13 02:59:36 UTC,https://www.nowcoder.com/feed/main/detail/71d349d0f764476fb781f1e589e7639d,1675362,uuid:71d349d0f764476fb781f1e589e7639d
www.nowcoder.com.har,数据分析面经,10,5,POST,contentData,207,250,653268301526618112,1ba4298f65bc446ea78cbfde0c3f8637,得物运营面经分享,你对得物电商的数据分析有什么看法？你会如何利用数据分析来优化运营？ 面试时间40mins，都是业务相关问题，需要准备一下[等offer][等offer],76,1030056652,周才良,2024-08-14 08:15:00 UTC,2024-08-14 08:15:00 UTC,https://www.nowcoder.com/feed/main/detail/1ba4298f65bc446ea78cbfde0c3f8637,1350449,uuid:1ba4298f65bc446ea78cbfde0c3f8637
www.nowcoder.com.har,数据分析面经,10,6,POST,contentData,207,250,930749631330283520,beece582d230477c836aaec2b5c9c37f,哔哩哔哩大模型面试岗，我悟了！！！,你的支持是我继续深挖高质量面经的最大动力。 下期预告：某大厂RAG系统的三面实录，从Naive RAG到Graph RAG的演进之路，敬请期待。 评论区聊聊：你在Agent开发中踩过最大的坑是什么？...先展示代码的整体结构和核心函数，用户确认逻辑后再展开细节实现和依赖说明 多步推理：Agent先给出最终结论，用户追问“为什么”时才展开推理链 这位学员还举了一个反面案例：他们刚开始做Agent的时候，每次返回直接把几千字的完整分析全甩给用户...我们用了一种分层解析方案：先用PyMuPDF快速提取文本和基础元数据，对包含公式和复杂表格的论文再调起Grobid做结构化解析。...我们的解决方案是重新封装了状态传递层，所有跨节点的关键数据强制用JSON序列化后再反序列化，防止引用传递带来的副作用。” 他还补充了第二个困难：调试体验差。...这七道题里有六道都在问系统设计、数据流、异常处理、状态管理——这些都是后端和架构的范畴。想做Agent的同学，建议补一补系统设计的基础。 第三，深度比广度重要一万倍。,456,6402022,AIGC小白入门记,2026-09-19 01:06:45 UTC,2026-09-19 01:06:45 UTC,https://www.nowcoder.com/feed/main/detail/beece582d230477c836aaec2b5c9c37f,1676809,uuid:beece582d230477c836aaec2b5c9c37f
www.nowcoder.com.har,数据分析面经,10,7,POST,contentData,207,250,928258506052890624,a70ef5746c3f436581dd445da7401476,美团面经-美团数据开发与数据分析岗面经-02,面经 06 面试岗位：数据开发与数据分析岗 ｜ 面试时间：2025 年 10 月 27 日 美团平台涉及多业务场景，数据分析的核心价值是什么?...面经 01 面试岗位：数据开发与数据分析岗 ｜ 面试时间：2025 年 11 月 13 日 能理解为你的项目就是对指标和标签做一个规范整理吗? 你在切换标签的时候如何保障数据质量?...面经 07 面试岗位：数据开发与数据分析岗 ｜ 面试时间：2025 年 10 月 27 日 美团骑行事业部如何通过共享单车业务提升用户生命周期价值?请结合数据分析，提出至少两种策略并说明其潜在影响。...两道SQL：找出那些有5个下属的经理id及其名称 面经 02 面试岗位：数据开发与数据分析岗 ｜ 面试时间：2025 年 11 月 8 日 实习项目主要内容是什么? 会Java吗?...面经 03 面试岗位：数据开发与数据分析岗 ｜ 面试时间：2025 年 11 月 2 日 离线数仓的项目简单介绍，是否用到数仓分层？ 项目中数仓分层的具体规划，每一层都存储了哪些内容？,454,646661816,林小白zii,2026-09-12 04:07:54 UTC,2026-09-12 04:07:54 UTC,https://www.nowcoder.com/feed/main/detail/a70ef5746c3f436581dd445da7401476,1675264,uuid:a70ef5746c3f436581dd445da7401476
www.nowcoder.com.har,数据分析面经,10,8,POST,contentData,207,250,929416190710030336,be9ded35496a4497b0ab2df15b88c4d1,嵌入式面试越来越严格了，随便糊弄糊弄已经很难过面试了,嵌入式大厂面经总结基础八股文专栏：（支持简历辅导，答疑）300K+同学学习，2300+人订阅，包括常考八股文以及大厂面经 先给个判断：现在筛的不是“你有没有学过”，而是“你有没有真正做过” 嵌入式面试变严...看门狗触发后，如何保留复位原因并做现场分析？ 临界区关中断时间过长会带来什么系统问题？ 外设初始化失败时，你的错误处理和日志怎么设计？...能画出任务状态切换，说清谁在什么时机触发调度 能解释栈大小怎么估、怎么测、溢出后现象是什么 能说中断和任务怎么协作，哪些 API 能在 ISR 里用 能讲优先级反转的真实场景，以及优先级继承解决了什么、没解决什么 能分析死锁...比如能把传感器数据读上来，能把 FreeRTOS 任务跑起来。 这层能进面试，但不一定能过深挖。 第三层：熟悉 能讲清关键路径、常见坑、基本排查手段。...写“熟悉 C 语言” 不算熟悉： 能说指针、数组、结构体区别 能背 const、volatile、static 定义 能写个冒泡、链表反转 现在更像真正熟悉： 能讲清内存布局：代码段、数据段、BSS、堆,469,644676042,Hello_Embed,2026-09-15 08:48:08 UTC,2026-09-15 08:48:08 UTC,https://www.nowcoder.com/feed/main/detail/be9ded35496a4497b0ab2df15b88c4d1,1675793,uuid:be9ded35496a4497b0ab2df15b88c4d1
www.nowcoder.com.har,数据分析面经,10,9,POST,contentData,207,250,930024452375474176,92b7d2a192054b30a368ae1bb96679d7,阳光电源嵌入式软件开发一面 面经汇总,收获：会用证据排障（示波器、逻辑分析、RTOS 运行时统计），而不是靠猜；能把“能跑”收敛到“可量产边界清晰”。 3. 你对阳光电源了解多少？为什么选阳光（合肥/南京）？...常见问题三：覆盖与丢失策略——实时遥测可覆盖旧数据；计费/告警不可丢，要反压或扩容。...选一个能量流/数据采集/设备通信闭环项目讲：目标指标（采样率、延迟、丢包率、重启恢复时间）先说清楚。...技术栈以 C 为主，熟悉 FreeRTOS 任务划分与同步、SPI/I2C/UART、ADC 采样链路，以及 MQTT/TCP 侧的数据上报。...ADC 采样精度不够或数据不准，怎么排查和优化？ 先分清是“噪声大、偏移、增益错、偶发尖峰、还是通道串扰”，用已知基准源/短路输入定量。,328,441351987,嵌进现实的大厂梦,2026-09-17 01:05:08 UTC,2026-09-17 01:05:08 UTC,https://www.nowcoder.com/feed/main/detail/92b7d2a192054b30a368ae1bb96679d7,1676232,uuid:92b7d2a192054b30a368ae1bb96679d7
www.nowcoder.com.har,数据分析面经,10,10,MOMENT,momentData,201,74,2908338,6d96ac0f8f584349baf38036651b4acc,网易秋招一面,#面经# ...从操作系统的层面去分析。 操作系统中文件的底层是什么？底层的存储是怎么实现的？ 假如有多个进程去打开同一个文件，这时候其中一个进程把这个文件删了，这时候会怎么样？ 了解HTTP协议吗？...比如大数据的存储选择HBase还是ES？ HBase是怎么设计存储结构的？ 重点讲讲你在项目中解决了什么难点，怎么解决怎么实现的逻辑？...如果定时任务操作的数据量过大，导致整个流程超过了一天，你要怎么去解决？ 进程、线程跟携程有什么区别？他们分别适合于什么场景呢？如果他们分别崩溃了，会有什么影响？...MySQL有哪些数据引擎呢？分别适用于什么情景呢？ InnoDB有哪些索引呢？请你举几个常用的索引和对应的场景。 你在项目中遇到了哪些困难的问题，你是怎么解决的？... #网易# #秋招# #网易互娱# #一面#,362,760853179,秋招coding,,2026-09-11 13:44:45 UTC,https://www.nowcoder.com/feed/main/detail/6d96ac0f8f584349baf38036651b4acc,2908338,uuid:6d96ac0f8f584349baf38036651b4acc
www.nowcoder.com.har,数据分析面经,10,11,MOMENT,momentData,201,74,2907622,e3998d04c6f44782b44a996b4a77fe8f,快手商业化策略产品实习（生服）面经已凉 运营简历接到产品面试,4.简历深挖：数据驱动案例？ 5.简历深挖：你的选品逻辑是什么？ 6.分析不同视频平台的区别（如果做抖音广告收入，有哪些方向？） 7.怎么看互联网行业？...8.团队介绍 + 反问日常工作 9.反问能力差距 + 面试官反馈 总结：面试官表示正常看到我的简历是不会约面的，但看到了简历项目中有体现对工作中的思考，但实际项目复杂度以及数据分析方面能力欠缺，产品sence,183,851633998,牛客851633998号,,2026-09-10 13:23:29 UTC,https://www.nowcoder.com/feed/main/detail/e3998d04c6f44782b44a996b4a77fe8f,2907622,uuid:e3998d04c6f44782b44a996b4a77fe8f
www.nowcoder.com.har,数据分析面经,10,12,POST,contentData,207,250,930241128996012032,f80ee4502cbc4a0a84f23174e3719006,携程面经 携程数据开发与数据分析岗面经-01,面经 13 面试岗位：携程 数据开发与数据分析岗 ｜ 面试时间：2025 年 9 月 2 日 你为什么投递携程的商业数据分析岗位？...面经 11 面试岗位：携程 数据开发与数据分析岗 ｜ 面试时间：2025 年 9 月 17 日 请做一个简短的自我介绍 你为什么选择投递携程的商业数据分析岗位？...面经 01 面试岗位：携程 数据开发与数据分析岗 ｜ 面试时间：2026 年 9 月 11 日 展开讲讲这套ETL链路，数仓分了几层，每层做什么，核心指标有哪些？ 这条链路整体开发周期多久？...面经 08 面试岗位：携程 数据开发与数据分析岗 ｜ 面试时间：2025 年 9 月 22 日 请简单介绍一下你自己 你为什么对旅游行业/互联网行业感兴趣?...面经 06 面试岗位：携程 数据开发与数据分析岗 ｜ 面试时间：2025 年 10 月 29 日 为什么选择回国找工作？实习经历很丰富，为什么最后选择了互联网？,410,646661816,林小白zii,2026-09-17 15:26:08 UTC,2026-09-17 15:26:08 UTC,https://www.nowcoder.com/feed/main/detail/f80ee4502cbc4a0a84f23174e3719006,1676545,uuid:f80ee4502cbc4a0a84f23174e3719006
www.nowcoder.com.har,数据分析面经,10,13,POST,contentData,207,250,353149580776775680,4512851a6e7a4d678c3bcb8a8b6e3852,面经要点,"app日活下降分析原因 "" 数据分析岗位 "" 的笔试类型",28,830210538,牛客830210538号,2021-08-17 08:24:57 UTC,2021-08-17 08:34:04 UTC,https://www.nowcoder.com/feed/main/detail/4512851a6e7a4d678c3bcb8a8b6e3852,222206,uuid:4512851a6e7a4d678c3bcb8a8b6e3852
www.nowcoder.com.har,数据分析面经,10,14,POST,contentData,207,250,928916509336797184,079a005a34e5466581e22119ba3c39ac,科大讯飞嵌入式软件开发二面 面经,工程上大数据外排更常用归并思想；内存内排序常见库实现基于快排变体/内省排序。 回答重点是权衡：稳定性、额外内存、最坏情况和数据特征。 12....理论给的是分析框架，工程还要结合日志、trace和硬件信号验证。 8. 嵌入式可以拆成哪些方向？你怎么看未来两三年机会和风险？...我的做法是先稳定复现：最小用例、日志时间戳、示波器/逻辑分析仪对照。 突破口往往来自缩小变量：单任务跑、关优化、固定输入、对比好坏版本 diff。...accept 后每个连接独立处理，注意 EINTR、半关闭和 close 前排空数据。 3. memmove 和 memcpy 怎么选？自己实现拷贝时如何判断重叠？...重叠判断看区间关系：若 dst 落在 src 到 src+n 内，从前往后拷会破坏未读数据。 重叠且 dst > src 时应从尾到头拷；dst < src 时可从头到尾。,386,441351987,嵌进现实的大厂梦,2026-09-13 23:42:34 UTC,2026-09-13 23:42:34 UTC,https://www.nowcoder.com/feed/main/detail/079a005a34e5466581e22119ba3c39ac,1675460,uuid:079a005a34e5466581e22119ba3c39ac
www.nowcoder.com.har,数据分析面经,10,15,POST,contentData,207,250,647853707865903104,31b029e5a84649b6afd53eb39f357aac,面经分享：滴滴运营岗👋,你的打车频率，滴滴使用体验 分享一段你成长很大的经历 你的数据分析能力如何 反问 滴滴的运营岗应该都会带数据分析的色彩。。。,62,1030056691,毕扬,2024-07-30 09:39:20 UTC,2024-07-30 09:39:20 UTC,https://www.nowcoder.com/feed/main/detail/31b029e5a84649b6afd53eb39f357aac,1337845,uuid:31b029e5a84649b6afd53eb39f357aac
www.nowcoder.com.har,数据分析面经,10,16,POST,contentData,207,250,930179374744076288,8482d25c5410458194f855de2f68b9bd,面经49：拓竹科技 | 二面 | 嵌入式软件,嵌入式大厂秋招面经专栏， 已有4.5w+同学阅读，60+篇面试经验（持续更新中），帮助大家建立完整知识体系： 嵌入式秋招专栏/面经 回答思路： 按照**“采集 → 缓存 → 数据处理 → 传输 → 接收解析...例如： PC ↓ ELF/MAP ↓ 函数 ↓ 源码行 第四步：分析Fault类型 例如通过CFSR进一步判断： MemManage Fault； BusFault； UsageFault； 非法访问；...例如，如果发现ADC Buffer中的数据正常，但是发送出去的数据异常，我会重点计算： 数据产生速率是否超过通信链路的实际吞吐能力。...核心是解决**“生产者写数据、消费者读数据”同时访问共享资源产生的数据竞争问题**，一般可以从以下几个方面设计： 1.优先使用消息队列/环形缓冲区解耦 采集线程作为生产者，负责把数据写入 Buffer。...7、音频数据传输时，有没有出现过数据异常或错乱，如何解决的？ 秋招拿下华为、影石15+大厂offer。,434,183142040,机械人的嵌入式之路,2026-09-17 11:20:45 UTC,2026-09-17 11:24:21 UTC,https://www.nowcoder.com/feed/main/detail/8482d25c5410458194f855de2f68b9bd,1676432,uuid:8482d25c5410458194f855de2f68b9bd
www.nowcoder.com.har,数据分析面经,10,17,POST,contentData,207,250,928795977618587648,25d2f3e8464c479e9f4580c499d5ed06,淘天面经 淘天集团数据开发与数据分析岗面经-01,满足应用层取数 面经 02 面试岗位：商业数据分析...了解数分的东西吗 了解 AB test 吗 了解概率论吗 除了高斯分布以外的数据分布，了解吗 了解什么机器学习算法 了解什么分析指标，说课题中的指标或者项目中的指标都可以 学习过程中有什么印象深刻的课程...面经 01 面试岗位：数据开发 ｜ 面试时间：2025 年 12 月 16 日 实习介绍 前面两家公司的数仓的设计有哪些不同？如果再让你重构，你会做出哪些优化 工作中遇到过哪些难点？...面经 03 面试岗位：数据开发 ｜ 面试时间：2025 年 9 月 15 日 自我介绍 拷打项目 再让你做一次你的项目，你会怎么做 数仓建模的理念 维度建模的流程 Spark 的算子执行过程 Spark...Paimon 的 model 种类 Iceberg 如何实现故障恢复 反问 面经 04 面试岗位：数据开发 ｜ 面试时间：2025 年 5 月 31 日 在之前实习中主要做的工作 五个月实习中，自己收获...结合案例来说 笔试题：正则表达式，获取字符串中的数字 笔试题：mapreduce的过程 笔试题：销量Top3的商品及其金额 笔试题：基于dwd表设计公共模型，,513,646661816,林小白zii,2026-09-13 15:43:37 UTC,2026-09-13 15:43:37 UTC,https://www.nowcoder.com/feed/main/detail/25d2f3e8464c479e9f4580c499d5ed06,1675413,uuid:25d2f3e8464c479e9f4580c499d5ed06
www.nowcoder.com.har,数据分析面经,10,18,POST,contentData,207,250,796358772703657984,631e31ee3de34849bc763bb9c2ee72cc,东方甄选产品运营面经,市场调研竞品分析-原料等的内部调研-物料的准备（KT、资源位、包装提需、详情页的设计） ③数据分析能力...1⃣️在第一段实习里做的数据分析工作具体是什么？ 2⃣️你觉得上一段实习里最有用的可以复刻到下一段实习的经历是哪个方面？ 3⃣️本硕都是在江浙读的，为什么想找北京的实习？...，通过数据区推小组迭代调整的方向；基础的审美能力；逻辑思维能力；管理能力和领导意识...4⃣️业务介绍： ①短视频运营：给编导分配任务 ②产品运营：自营品的上新和运营，从立项-产品的构思-,236,649177236,Pesce_Rosso,2025-09-13 04:45:27 UTC,2025-09-13 04:45:27 UTC,https://www.nowcoder.com/feed/main/detail/631e31ee3de34849bc763bb9c2ee72cc,1553683,uuid:631e31ee3de34849bc763bb9c2ee72cc
www.nowcoder.com.har,数据分析面经,10,19,MOMENT,momentData,201,74,2912856,b02e1100a8bb41feabc89824b56b265b,网易-易盾-技术支持二面面经,这些特殊设计最终的数据结构是什么样的 44. AI 改代码时怎么检索所有知识，检索怎么做的 45. 匹配逻辑是什么 46....直接用 Claude Code 这类 Code Agent 分析代码得到的知识，和你基于 AST 转换得到的知识，本质区别是什么 37. 这个语法树会给 AI 用吗 38....你都给我说的7788了 反正面试挺好玩的笑着面[喝可乐] 没算法，没手撕 面：最后笑着说给你来一个两数之和要不要 我：不要不要[掉小珍珠了] #牛客AI配图神器# #实习面试记录# #发面经攒人品,251,404242346,Recall_15,,2026-09-18 08:03:05 UTC,https://www.nowcoder.com/feed/main/detail/b02e1100a8bb41feabc89824b56b265b,2912856,uuid:b02e1100a8bb41feabc89824b56b265b
www.nowcoder.com.har,数据分析面经,10,20,POST,contentData,207,250,930913462270590976,ba020a2269ed49bcbd1f145adf1ca515,经纬恒润C++一面面经,"分析代码：值传递 void f1(std::string s) { s += ""!""; } void f2(std::string& s) { s += ""!""...分析代码：内存泄漏 class Buf { public: Buf() { data = new char[1024]; } ~Buf() { delete[] data; } char* data;...分析代码：继承与多态 class Base { public: virtual void f() { cout 数据缓存层...""（半关闭），另一方可能还有数据要发，所以 ACK 和 FIN 不能合并 TIME_WAIT 持续 2MSL（主动关闭方）作用一：保证最后那个 ACK 能到达对方，对方超时重传 FIN 时还能响应 TIME_WAIT",358,109062093,服务端老cpp,2026-09-19 11:57:45 UTC,2026-09-19 11:57:45 UTC,https://www.nowcoder.com/feed/main/detail/ba020a2269ed49bcbd1f145adf1ca515,1676944,uuid:ba020a2269ed49bcbd1f145adf1ca515
www.nowcoder.com.har,数据分析面经,11,1,POST,contentData,207,250,929839546856984576,472abb4731484648942a29f18dfd9800,嵌入式学习路线（2026版本）——15个Offer拿下！一站式快速逆袭攻略！,数据结构等内容都有覆盖，重点整理我秋招过程中真正高频遇到的知识点。...其他学习与求职经验包括行业分析、方向选择、找实习、什么时候可以开始投递、怎么判断自己学得够不够、简历和实习经历怎么准备等。...先深入FreeRTOS内核，再对部分机制进行分析、优化和修改，最后应用到机器人场景中，整体从底层到应用做得比较深入。...所以后续也会继续整理近期面经、企业专题、高频问题和更偏口语表达的内容。 5....所以后面又继续补充了学习定位、方向选择、求职信息、近期面经、面试表达和工程进阶等内容。 扩展内容主要包括什么？...嵌入式高频八股C/C++、操作系统、Linux、MCU、RTOS、STM32、计算机网络、,305,721033167,工科女的日常,2026-09-16 12:50:24 UTC,2026-09-16 12:50:24 UTC,https://www.nowcoder.com/feed/main/detail/472abb4731484648942a29f18dfd9800,1676170,uuid:472abb4731484648942a29f18dfd9800
www.nowcoder.com.har,数据分析面经,11,2,POST,contentData,207,250,930603974376325120,83e3d15f42f84df2a0f2d057d48fdb88,字节面经 字节跳动AI Agent开发岗面经-06,手撕：找出数组中第一个不同的数字，并分析和优化复杂度 面经 10 面试岗位：AI Agent开发岗 ｜ 面试时间：2026 年 8 月 23 日 领域建模如何拆分独立域和子系统？...手撕：最长回文子串 面经 04 面试岗位：大模型算法岗 ｜ 面试时间：2026 年 8 月 27 日 请做一下自我介绍 介绍日志分析的完整流程 系统问题没有被日志记录时，应该如何发现和处理？...手撕：实现排序算法并分析复杂度 面经 08 面试岗位：AI Agent开发岗 ｜ 面试时间：2026 年 8 月 26 日 请做一下自我介绍 选择一个收获最大的项目，介绍技术架构和核心技术点 项目最大的技术难点是什么...手撕：按照指定规则递归合并两个嵌套 JSON，且不修改原始数据 面经 07 面试岗位：AI Agent研发工程师（Agent Infra） ｜ 面试时间：2026 年 8 月 26 日 请做一下自我介绍...了解哪些数据库索引？ 场景题：热点榜单实时更新时如何保证高并发？ 热点榜单的数据结构如何设计？ 热点榜单的数据库如何选型？ 手撕：用两个栈实现队列，并说明如何保证多线程安全,491,646661816,林小白zii,2026-09-18 15:27:57 UTC,2026-09-18 15:27:57 UTC,https://www.nowcoder.com/feed/main/detail/83e3d15f42f84df2a0f2d057d48fdb88,1676803,uuid:83e3d15f42f84df2a0f2d057d48fdb88
www.nowcoder.com.har,数据分析面经,11,3,POST,contentData,207,250,929797190497628160,e3e07e24a4de46ba99bd4767dd9f3ad3,面经47：小米 | 三面 | 嵌入式软件 | 大家电事业部,- 检查通信配置：确认双方波特率、数据位、停止位、校验位等参数是否一致，同时检查时钟配置是否正确。 - 检查通信波形：使用逻辑分析仪或示波器查看实际波形，确认数据、时序、电平是否正常。...嵌入式大厂秋招面经专栏， 已有4.5w+同学阅读，60+篇面试经验（持续更新中），帮助大家建立完整知识体系： 嵌入式秋招专栏/面经 7. 如果程序偶尔死机，但很难复现怎么办？...- 分析原因：重点检查任务栈设置过小、局部变量过大、递归调用、函数调用层级过深等。...核心思路：偶发问题不能只靠断点，需要把 “偶发故障” 变成 “可记录、可分析的问题”。 8. 有没有遇到过栈溢出的问题？如何进行排查？...- 检查软件处理：检查 Buffer 长度、数据类型、DMA、中断以及数据读写过程，排查数据丢失、覆盖或者越界。 - 检查硬件链路：确认线路、电源、电平转换以及接口连接是否正常。,388,183142040,机械人的嵌入式之路,2026-09-16 10:02:05 UTC,2026-09-16 10:02:05 UTC,https://www.nowcoder.com/feed/main/detail/e3e07e24a4de46ba99bd4767dd9f3ad3,1676107,uuid:e3e07e24a4de46ba99bd4767dd9f3ad3
www.nowcoder.com.har,数据分析面经,11,4,MOMENT,momentData,201,74,2911599,5ac92cfcd83043ee8f5d93a8bd0b27bd,携程AI面试（海面）,#发面经攒人品# 总共六题，每题会自动提取关键词追问，尽量别说具体技术问题 1.分享在任务项目陷入瓶颈时，你通过复盘与分析推动任务进行的经历。当时是什么情况？你做了怎样的复盘与分析？...追问：您通过公开课学习原理并改造方案解决了卡顿，请问您当时是如何评估优化后的具体性能提升数据的？ 3.回忆一次你在活动或项目中遇到需求方临时变动需求的经历，当时是什么情况？你是怎么做的？结果如何？...当时定位到提示词约束问题时，具体分析了哪些根本原因？ 2.分享你主动参加讲座、公开课或线上课程，并将所学转化应用于学业或项目中的经历。你为什么会主动参与讲座、线上课程？又是又是如何将所学实际应用的？,294,482070360,绿糖滑稽,,2026-09-16 13:24:39 UTC,https://www.nowcoder.com/feed/main/detail/5ac92cfcd83043ee8f5d93a8bd0b27bd,2911599,uuid:5ac92cfcd83043ee8f5d93a8bd0b27bd
www.nowcoder.com.har,数据分析面经,11,5,POST,contentData,207,250,928234313760407552,e344a379e91441f38fa4611227fa15e2,科大讯飞C++一面 面经带答案,编译：把预处理后的代码进行词法分析、语法分析、语义分析、优化，翻译成汇编代码，生成 .s 文件； 3....； 难点深挖准备：按“问题 → 定位手段（日志、断点、性能分析器、 qDebug）→ 解决 → 效果”讲 1~2 个。...扩容的代价和注意点： 扩容涉及整体搬移，均摊下来 push_back 仍是 O(1)，但单次操作是 O(n)； 扩容后所有迭代器、指针、引用全部失效——这是最常考的坑； 预知数据量时用 reserve(...十二、项目问题和反问环节怎么答 项目回答框架（STAR）： 背景与量化指标：项目解决什么问题，达到什么指标（“界面刷新 60fps”“数据处理延迟 <50ms”）； 你负责的模块：边界清晰，不揽团队功劳,321,109062093,服务端老cpp,2026-09-12 02:31:46 UTC,2026-09-12 02:31:46 UTC,https://www.nowcoder.com/feed/main/detail/e344a379e91441f38fa4611227fa15e2,1675239,uuid:e344a379e91441f38fa4611227fa15e2
www.nowcoder.com.har,数据分析面经,11,6,POST,contentData,207,250,794901504955060224,3afd7ecff904461b8bf15d51593439ec,字节财务bp面经,7.如果你发现某月某项费用大幅增长，你会怎样做数据分析、采取什么措施? 8.反问环节...4.财务分析岗位和财务 BP的异同点是什么? 5.简要说明一下你日常是如何开展财务分析工作的?你是如何撰写分析报告的? 6.简要讲讲你是如何做经营分析的?你分析的维度及方法是什么?,135,73442833,FragolaSativa,2025-09-09 04:14:47 UTC,2025-09-09 04:14:47 UTC,https://www.nowcoder.com/feed/main/detail/3afd7ecff904461b8bf15d51593439ec,1550676,uuid:3afd7ecff904461b8bf15d51593439ec
www.nowcoder.com.har,数据分析面经,11,7,POST,contentData,207,250,928258662445903872,442879c8a1c74dafb7b8d6de8036fb16,美团面经-美团数据开发与数据分析岗面经-03,面经 01 面试岗位：数据开发与数据分析岗 ｜ 面试时间：2025 年 10 月 26 日 能理解为你的项目就是对指标和标签做一个规范整理吗? 你在切换标签的时候如何保障数据质量?...面经 02 面试岗位：数据开发与数据分析岗 ｜ 面试时间：2025 年 10 月 23 日 项目增量空间是怎么衡量的？ 券的价格怎么设置的，每一档价格有没有投放的差异？...面经 03 面试岗位：数据开发与数据分析岗 ｜ 面试时间：2025 年 10 月 21 日 询问base意向 介绍数据建模流程 维度建模和范式建模的区别 会Java吗 Python去重操作和多线程 介绍...spark的shuffle 介绍数据倾斜 MySQL的索引为什么能加快速度 b+树和b树的区别 b+树的特点 冒泡排序和堆排序 写SQL和leetcode 面经 04 面试岗位：数据开发与数据分析岗 ｜...、湖仓一体 刷算法、刷SQL、刷场景题 面经 07 面试岗位：数据开发与数据分析岗 ｜ 面试时间：2025 年 10 月 2 日 一面 1h20min 先做题：删除链表中的重复节点II 聊美团实习。,487,646661816,林小白zii,2026-09-12 04:08:31 UTC,2026-09-12 04:08:31 UTC,https://www.nowcoder.com/feed/main/detail/442879c8a1c74dafb7b8d6de8036fb16,1675265,uuid:442879c8a1c74dafb7b8d6de8036fb16
www.nowcoder.com.har,数据分析面经,11,8,MOMENT,momentData,201,74,2905496,8984470ec1694cf2a7397e471c35e924,岚图【秋招】数分面经已OC,面试时间：9.1 面试公司：岚图 面试岗位：数据分析 HR面，全程讲解薪资待遇问题，只通知，不谈，第二天发意向 面试时间：8.16 面试公司：岚图 面试岗位：数据分析 Q：自我介绍。...Q：介绍一下做分析的数据？ Q：采集数据源来自哪里？ Q：采集方案是纯爬虫脚本，还是AI Agent模拟RPA操作？ Q：项目采集量级大概多少？每日采集量稳定吗？...Q：项目追问3 #面试问题记录# #面经面经# #求职# #如果重来一次你还会读研吗# #小厂一定不能去吗？# #秋招面试记录# ...Q：过往有没有参与复杂度较高的分析类项目？ Q：项目追问1 Q：项目追问2 Q：结合项目问了ABtest相关问题 Q：ABtest追问1 Q：多个指标存在冲突，团队打算如何构建统一决策指标？,341,403525033,AAA野生原子弹批发,,2026-09-08 02:54:45 UTC,https://www.nowcoder.com/feed/main/detail/8984470ec1694cf2a7397e471c35e924,2905496,uuid:8984470ec1694cf2a7397e471c35e924
www.nowcoder.com.har,数据分析面经,11,9,POST,contentData,207,250,643487506737950720,baa0d7701f8b47168314b8b7fd19cf43,快手客户运营面经,数据分析能力怎么样 6、反问...电话面试，时间在30min左右[牛泪][牛泪] 1、自我介绍 2、深挖简历 3、实习中遇到的最大困难 4、对客户运营的了解 5、,81,1030056606,龙之肖像,2024-07-18 08:29:37 UTC,2024-07-18 08:29:37 UTC,https://www.nowcoder.com/feed/main/detail/baa0d7701f8b47168314b8b7fd19cf43,1331765,uuid:baa0d7701f8b47168314b8b7fd19cf43
www.nowcoder.com.har,数据分析面经,11,10,POST,contentData,207,250,928573373704077312,283fa8b6ae01438ea0506f5b5f5967ac,科大讯飞C++二面 面经,性能分析）和最终修复，比纯成功案例更能证明真实； 量化表达：CPU 占用降低多少、卡顿从多少毫秒降到多少、内存省了多少——没有数字的优化描述没有说服力...，几万行数据内存和刷新开销大；Model/View 是按需取数据，view 只保存可见区域，数据留在外部（甚至数据库）； 同一份数据多处展示/多处修改：一个 model 接多个 view，改一处全部同步...，ItemWidget 做不到； 数据源切换只换 model，view 复用，符合 QT 的“数据与表现分离”设计。...如果并发量/数据量扩大 10 倍，瓶颈在哪？...十一、QT的Model/View架构是什么，为什么不直接用QListWidget 三个角色： Model（模型）：管理和提供数据（QAbstractItemModel 派生），对外统一数据接口（data...准备 1 个“失败的教训”：讲一个踩过的坑、定位过程（日志、调试器、,406,109062093,服务端老cpp,2026-09-13 00:59:04 UTC,2026-09-13 00:59:04 UTC,https://www.nowcoder.com/feed/main/detail/283fa8b6ae01438ea0506f5b5f5967ac,1675346,uuid:283fa8b6ae01438ea0506f5b5f5967ac
www.nowcoder.com.har,数据分析面经,11,11,POST,contentData,207,250,930181493484191744,855c091c6aee4bef9fbcba00d6680c8a,面经48：拓竹科技 | 一面 | 嵌入式软件,嵌入式大厂秋招面经专栏， 已有4.5w+同学阅读，60+篇面试经验（持续更新中），帮助大家建立完整知识体系： 嵌入式秋招专栏/面经 3. 函数调用过程中 PC、LR、SP 是怎么变化的？...正确的定位流程： HardFault ↓ 判断 Fault 类型 ↓ 读取 CFSR/HFSR ↓ 读取 MMFAR/BFAR ↓ 获取异常栈帧 ↓ 找到 Stacked PC ↓ 定位具体代码 ↓ 分析...+ 代码段地址范围 + Thumb 指令特征 + 反汇编 + MAP/ELF 符号 例如首先确认： PC 是否落在有效代码区 LR 是否像一个有效返回地址 SP 是否仍然落在任务栈范围 然后扫描栈中的数据...回答思路： 常见通信机制及用途： 表格 Queue 传递数据 Binary Semaphore 同步 / 事件 Counting Semaphore 资源计数 Mutex 保护共享资源 Event Group...回答思路： 最简单的区分方式： Queue → 传数据 Semaphore → 做同步 / 通知 Mutex → 保护共享资源 例如： UART ISR ↓ Queue ↓ UART Task 而共享资源的场景,518,183142040,机械人的嵌入式之路,2026-09-17 11:29:10 UTC,2026-09-17 11:45:30 UTC,https://www.nowcoder.com/feed/main/detail/855c091c6aee4bef9fbcba00d6680c8a,1676437,uuid:855c091c6aee4bef9fbcba00d6680c8a
www.nowcoder.com.har,数据分析面经,11,12,POST,contentData,207,250,930603820395036672,c1fac18d7396471ba73db26f6110702a,字节面经 字节跳动AI Agent开发岗面经-05,并分析复杂度和优化方案 面经 04 面试岗位：AI Agent开发岗 ｜...Redis 的数据类型有哪些？ Hash 的 Key 数量多和少对存储有影响吗？ Redis 查询比较慢，你有什么方案分析？ 为什么公司的组织结构你们是怎么拿到的？...这个数据结构跟存储怎么选？ 面经 09 面试岗位：AI Agent开发岗 ｜ 面试时间：2026 年 9 月 1 日 你在实习公司其实主要是做知识管理（知识库管理）是吧？...面经 10 面试岗位：AI 全栈开发工程师 ｜ 面试时间：2026 年 9 月 1 日 缓存穿透、缓存击穿和缓存雪崩分别是什么，如何处理？ 如何保证缓存和数据库的一致性？...然后你新运行了一次，它运行了15-20分钟，也就是说跟之前比有明显的延迟，然后你会怎么分析这个延迟是什么导致的？ 如何解决上述这个问题？...手撕：使用哈希表和双向链表实现查询、更新均为 O(1) 的 LRU Cache 手撕：求数组中出现频率最高的 Top-K 元素，,435,646661816,林小白zii,2026-09-18 15:27:21 UTC,2026-09-18 15:27:21 UTC,https://www.nowcoder.com/feed/main/detail/c1fac18d7396471ba73db26f6110702a,1676802,uuid:c1fac18d7396471ba73db26f6110702a
www.nowcoder.com.har,数据分析面经,11,13,POST,contentData,207,250,670046356093816832,132975afe98148038ae382fea4f5d4b1,安克运营实习面经,电商领域的实习经历 最喜欢和最擅长的工作内容 询问我的数据分析能力和案例 询问我的大创项目的策划思路 工作中遇到的困难和解决方案 让我对独立站运营的理解 我能胜任这个岗位的优势 个人规划问题,95,1030057605,山山而川,2024-09-29 15:25:00 UTC,2024-09-29 15:25:00 UTC,https://www.nowcoder.com/feed/main/detail/132975afe98148038ae382fea4f5d4b1,1401849,uuid:132975afe98148038ae382fea4f5d4b1
www.nowcoder.com.har,数据分析面经,11,14,POST,contentData,207,250,930392933398773760,c8357e485d8c49798fd14573d16197d7,投车载嵌入式，面试官到底在考什么？这波高频考点先看清,、CAN 分析仪、示波器、日志分级 基础不牢，协议题再熟也容易在追问里塌。...嵌入式八股文专栏：（附嵌入式各家大厂面经资料整理） 二、车载高频考点地图（按优先级） 1. 车载网络：CAN / CAN FD / LIN（必考） 这是出现频率最高的一块。...（始终要有） 车载八股不会替代基础八股： 指针、结构体对齐、volatile、内存屏障意识 栈溢出、野指针、内存泄漏（尤其动态内存在车载中的谨慎使用） 链接脚本、段、启动文件、中断向量 调试手段：逻辑分析...为什么说仲裁段和数据段速率可以不同？ 验收滤波 / 硬件过滤一般怎么做？过滤器配错会出现什么现场问题？ LIN 适合哪些车载场景？和 CAN 相比局限在哪里？...隐性位完成，为什么 ID 越小优先级越高 位时序、采样点、波特率不匹配时会出现什么现象 错误帧、总线关闭（Bus-Off）怎么来、节点怎么恢复 CAN 和 CAN FD 差在哪：DLC、BRS、仲裁段/数据段速率,422,441351987,嵌进现实的大厂梦,2026-09-18 01:29:21 UTC,2026-09-18 01:29:21 UTC,https://www.nowcoder.com/feed/main/detail/c8357e485d8c49798fd14573d16197d7,1676566,uuid:c8357e485d8c49798fd14573d16197d7
www.nowcoder.com.har,数据分析面经,11,15,POST,contentData,207,250,930121257314418688,d866a1ada5094a66a75c2b48ab077ce1,腾讯云-infra后台开发-面经,所以问题就是说内部有数据分析问题，有三问题方面。...入职现状就是并发不高，数据量支持低可靠性低，所能利用当前集群资源较少） 13、所以我理解下就是你进去之前，这些数据指标分析处理，并发比较低是吗（有并发、数据量、计算速度、三个层面问题吧。...了，用agent分析，它会通常采用grep进行关键字搜寻，基于搜寻到的进行它自己想法的探索和推理。...之后和面试官说你想具体了解哪方面我和你说下） 28、说说调度系统吧（没有完全参与开发，但深度参与分析和制订。...通过分析发现，任务起来pod下放，中台线程在不断轮询监听状态，这导致性能开销大成本高并发上不去，这一块通过fabric监听回调形式避免串行，通过pod状态异步回调；还有就是队列FIFO，我们采用任务信息...spark调参优化来显著提高计算优化性能） 14、,361,403953447,甘杜华,2026-09-17 07:29:49 UTC,2026-09-17 07:29:49 UTC,https://www.nowcoder.com/feed/main/detail/d866a1ada5094a66a75c2b48ab077ce1,1676372,uuid:d866a1ada5094a66a75c2b48ab077ce1
www.nowcoder.com.har,数据分析面经,11,16,POST,contentData,207,250,927631666258939904,65f19aefcf8a44f091286fe8293eaaa9,面经40：OPPO | 二面 | 嵌入式软件,分析。 ① CPU 占用率怎么看？ FreeRTOS 中可以通过任务运行时间统计功能，查看每个任务的 CPU 占用占比。...比如固件分包传输时，每个数据包增加： 帧头 + 数据长度 + 包序号 + 数据 + CRC 接收端重新计算 CRC，如果不一致，就说明这一包数据在传输过程中出现了错误，可以要求重传。 6....数据校验。 有没有更好的方法 需根据不同场景选择不同的数据校验方式。 OTA 固件升级比较基础的是 CRC。...线程之间怎么传递视频数据？...项目里的摄像头采集到的数据是什么格式？ 14. 画面有延迟、丢帧怎么办？...一般从 CPU 使用率 和 任务栈使用情况 两个维度进行系统性能,304,183142040,机械人的嵌入式之路,2026-09-10 10:37:04 UTC,2026-09-10 10:37:23 UTC,https://www.nowcoder.com/feed/main/detail/65f19aefcf8a44f091286fe8293eaaa9,1674876,uuid:65f19aefcf8a44f091286fe8293eaaa9
www.nowcoder.com.har,数据分析面经,11,17,POST,contentData,207,250,928257596652285952,ce32de3f4128492685fc4be99cf8346b,美团面经-美团算法岗面经-07,以及稳定性分析 面经 04 面试岗位：算法岗 ｜ 面试时间：2025 年 9 月 15...面经 13 面试岗位：算法岗 ｜ 面试时间：2025 年 8 月 29 日 项目深挖 要求手写带参数的装饰器 GBDT与XGBoost核心差异 Transformer位置编码分析 MySQL索引跳跃扫描原理...数据库的主从复制的实现原理 主库和从库之间复制时传的是SQL还是数据行？ 什么场景需要加缓存？缓存和数据库的一致性怎么保证的？如何保证缓存一定被刷新？...数据库高并发场景下出现死锁，你会怎么排查和解决？ 分布式系统中如何保证接口幂等性？你实际项目中怎么处理的？ 算法题：求一个数组中前 K 大的元素，用哪种数据结构比较合适？...，是怎样计算出来的 其中一个数据表现的比较好，成功经验是啥 问第三个项目 这个项目是基于规则的还是基于算法的 为什么不做算法？...是怎么实现的 实习的难点 布隆过滤器的原理 限流有哪些算法9、1t的字符串，找出现次数最多的 几种常见的排序算法，,441,646661816,林小白zii,2026-09-12 04:04:17 UTC,2026-09-12 04:04:17 UTC,https://www.nowcoder.com/feed/main/detail/ce32de3f4128492685fc4be99cf8346b,1675261,uuid:ce32de3f4128492685fc4be99cf8346b
www.nowcoder.com.har,数据分析面经,11,18,POST,contentData,207,250,930451136916488192,fe6445bb29f14704abc3c8a978944cb1,9月了，双非嵌入式的机会差不多到了——别再空等，八股得抓紧了,UART 丢数据常见原因有哪些？你怎么定位？ SPI 和 I2C 在速率、拓扑、应用场景上怎么选？ DMA 解决什么问题？和中断如何配合？...嵌入式大厂面经总结基础八股文专栏：（支持简历辅导，答疑）300K+同学学习，2300+人订阅，包括常考八股文以及大厂面经 为什么说双非的机会「差不多到了」 秋招粗分三段：提前批、正式批、补录。...如何用逻辑分析仪/示波器验证一帧通信是否正常？ 启动流程从复位到 main 大致经过哪些步骤？ 为什么链接脚本、栈地址、向量表对带来很重要？...能加分的不是「用过多少外设」，而是： 你怎么确认时序没问题（示波器 / 逻辑分析仪） 丢字节、总线挂死、从机 NACK 你怎么查 轮询、中断、DMA 你怎么选，代价是什么 3....这也解释了为什么 9 月开始，牛客上双非嵌入式面经突然变多：汇川、工控、模组、物联网、设备厂商，很多都在这段集中面。面法也相对直接——讲项目、抠细节、穿插八股，偶尔再问出差和现场。,425,644676042,Hello_Embed,2026-09-18 05:20:38 UTC,2026-09-18 05:20:38 UTC,https://www.nowcoder.com/feed/main/detail/fe6445bb29f14704abc3c8a978944cb1,1676631,uuid:fe6445bb29f14704abc3c8a978944cb1
www.nowcoder.com.har,数据分析面经,11,19,MOMENT,momentData,201,74,2910749,60575b4f72a042378104e0d3d6ec5040,字节 AI综合研发工程师 一面,在这种跟钱相关的需要高稳定性的场景下，请你分析一下怎么用这个分布式锁 13. 了解数据库的索引吗？有哪些索引？ 14. 刚刚那个创建用户钱包的记录的场景，是不是可以用唯一索引解决？ 15....大概是什么业务：国际支付资金安全 #字节# #面经# #秋招面试记录# ...实习的ai测评，数据集是怎么拿到的 3. 数据集是否有标注？ 4. 用大模型来评测的话吗，可能会有环节，评分会不会不太准，这怎么办？（忘记提到其实数据集中也有对裁判模型的评测了） 5....数据库有哪些隔离级别 6. 业务中一般选择什么级别，为什么 7. 读已提交隔离界别在业务中会有什么问题？可重复读隔离级别呢？ 8. 数据库怎么应对或者防止并发 9.,313,904136007,纯牛马🐮🐴,,2026-09-16 02:16:55 UTC,https://www.nowcoder.com/feed/main/detail/60575b4f72a042378104e0d3d6ec5040,2910749,uuid:60575b4f72a042378104e0d3d6ec5040
www.nowcoder.com.har,数据分析面经,11,20,POST,contentData,207,250,353149599902801920,0a392fc9313d406697ca04ab3a393660,秋招面经,8.23 字节技术中台-数据分析 1.自我介绍，意向了解 2.重点介绍一下阿里的实习 3.数据开发项目介绍 4.数据洞察项目介绍 5.AB实验，贡献，P值 6.SQL题，计算DAU、留存率、用户分层 7....概率题，硬币，正品m个，次品n个，次品两面都是国徽，投掷r次，每次都是国徽，求正品概率 8.业务分析题：字节旗下多个产品，抖音老用户，安装西瓜，对抖音的净影响（过滤除了安装西瓜之外的其他因素，比如衡量对活跃时长的影响,213,86037285,Hooger,2021-08-23 14:14:39 UTC,2021-08-23 14:14:39 UTC,https://www.nowcoder.com/feed/main/detail/0a392fc9313d406697ca04ab3a393660,224124,uuid:0a392fc9313d406697ca04ab3a393660
www.nowcoder.com.har,数据分析面经,12,1,POST,contentData,207,250,928638066950959104,80c0cbb746c94a7dbc939c0dd8914ad6,面经44：诺瓦星云 | 二面 | 嵌入式软件,逻辑分析仪等工具进行测量， 7.OTA、bootloader讲一讲怎么做的？...嵌入式大厂秋招速通，详细介绍了嵌入式校招时遇到的问题及解答， 嵌入式秋招专栏/面经 已有3.9w+同学阅读，40+篇面试经验，70+篇文章帮助大家建立完整知识体系： 1....华为 | 嵌入式软件 | 面经 3. OPPO | 嵌入式软件 | 一面 4. VIVO | 嵌入式软件 | 一面 5. 影石(Insta360) | 嵌入式软件 | 一面 6....5.收到的数据怎么区分是第一包还是第二包？数据正确性如何进行校验？ 回答： 可以去看下数据校验篇的文章，简单地说就是在协议层面定义数据帧格式，通过帧头、帧长度、帧类型以及帧尾等字段对数据包进行识别。...发送端计算校验值并放入数据帧，接收端收到数据后重新计算并与帧中的校验值进行比对，如果一致则认为数据有效，否则认为数据存在错误，并根据协议进行丢弃、重传或者错误处理。 6.怎么具体定位问题原因的？...如果是硬件方面，会重点检查电源、时钟、复位、接口连接以及关键芯片的输入输出信号，使用万用表、示波器、,473,183142040,机械人的嵌入式之路,2026-09-13 05:16:08 UTC,2026-09-13 05:16:27 UTC,https://www.nowcoder.com/feed/main/detail/80c0cbb746c94a7dbc939c0dd8914ad6,1675366,uuid:80c0cbb746c94a7dbc939c0dd8914ad6
www.nowcoder.com.har,数据分析面经,12,2,POST,contentData,207,250,927381887545245696,977c2e674fe741da99e11372233e2264,美团面经-美团算法岗面经-02,QPS大概多少，上线后资源消耗 面经 10 面试岗位：算法岗 ｜ 面试时间：2026 年 3 月 8 日 为什么选择推荐算法而不是搜索或广告算法？ 如果你的推荐结果用户点击率很低，你会怎么分析？...2，怎么用SGD做 手撕：有重复数字的数组的幂集 面经 12 面试岗位：算法岗 ｜ 面试时间：2026 年 3 月 8 日 实习项目拷问半小时 推荐项目拷问十分钟：做的是什么，数据包含什么，什么是AutoInt...请描述项目任务成员的关系及主要的数据库表结构。 如果任务的优先级需要动态调整，比如说根据完成进度或资源变化，如何设计数据库表结构来支持这种动态？...怎么分析特征重要性，怎么分析特征在离线不一致 为什么会用qwen0.5B做多模态表征，为什么不用更大的 讲下tokenizer具体怎么实现的 onerec为什么要用到beamsearch 项目里面用的loss...怎么保证微调的数据质量?评估用的什么模型? 两轮GSPO的区别是什么? 奖励函数设计，两轮训练的loss是怎么变化的?,449,646661816,林小白zii,2026-09-09 18:04:32 UTC,2026-09-09 18:04:32 UTC,https://www.nowcoder.com/feed/main/detail/977c2e674fe741da99e11372233e2264,1674647,uuid:977c2e674fe741da99e11372233e2264
www.nowcoder.com.har,数据分析面经,12,3,POST,contentData,207,250,929665318874513408,f60023be1d034b88852ee6b7a2ca5381,【恒玄科技】嵌入式软件开发一面面经 真上强度了,确认板级连接与片选极性，先用逻辑分析仪验证物理层。 实现初始化、读写 ID、擦除、页编程、状态轮询。 加超时、重试、ECC/CRC（若有）与掉电安全策略。...静态分析调用链 + 最坏局部变量，再留余量。 运行时水位线（填充 pattern）看高水位。 开启栈溢出钩子/MPU 守卫区。 避免任务内大数组、递归、printf 大缓冲。...防栈溢出越界写、防代码区被误写、隔离任务数据。 把外设区标 XN，防数据当代码执行。 可把 DMA 缓冲设为非 Cache 或 Device 属性。...队列：多对一或需要排队的数据消息。 二值/计数信号量：资源计数、ISR 同步任务。 事件组：多条件等待（或/且），适合多源汇聚。 选型看：数据量、一对多、是否 ISR、是否要保留历史消息。 9....有 D-Cache 时，DMA 收发缓冲区为什么容易“数据对不上”？ CPU 看 Cache，DMA 看物理内存，两者可能不一致。,412,441351987,嵌进现实的大厂梦,2026-09-16 01:18:04 UTC,2026-09-16 01:18:04 UTC,https://www.nowcoder.com/feed/main/detail/f60023be1d034b88852ee6b7a2ca5381,1675942,uuid:f60023be1d034b88852ee6b7a2ca5381
www.nowcoder.com.har,数据分析面经,12,4,MOMENT,momentData,201,74,2907298,c639e7ea920b49b1834839f2a090809e,Walmart-Onesec-Intern一面（已offer）,什么是数据流分析，能补齐AST的哪些短板？ 20. 静态分析视角如何识别SQL注入这类漏洞路径？ 21. 污点分析包含哪三类核心节点？ 22. 举几个污点源、污点汇点的业务例子 23....因为我已经被封了两个了[发火]） 总的来说 节奏挺快的但是都回答的7788[笑cry] 面完10分钟后约二面[拜拜][切] #牛客AI配图神器# #实习面试记录# #发面经攒人品...多用户共用Agent记忆，怎么做数据隔离？ 29. 向量化前对原始记忆文本做哪些处理，元数据如何使用？ 30. 你的Agent项目采用什么方案做效果评测？...AST对比正则做代码分析各有什么优劣？ 15. 如何基于AST识别代码中的硬编码路径？ 16. 如何区分注释字符串和真实代码字符串字面量？ 17. 大规模代码库下如何优化AST分析性能？ 18....介绍数组和链表两种数据结构 8. 讲讲哈希表底层原理 9. 哈希冲突有哪些解决方式？ 10. 哈希表负载因子的作用，为什么要扩容重哈希？ 11. 从增删查改对比数组和哈希表的性能差异 12.,462,404242346,Recall_15,,2026-09-10 07:19:04 UTC,https://www.nowcoder.com/feed/main/detail/c639e7ea920b49b1834839f2a090809e,2907298,uuid:c639e7ea920b49b1834839f2a090809e
www.nowcoder.com.har,数据分析面经,12,5,POST,contentData,207,250,930884171591876608,7082076b145b42a5b810f144e0f096a2,虚拟盒子 前端实习 · 面经（2026.09.17）,"样式 ✅ 表单与预览共用数据..."" TCP 那题后放弃了 手机自带的录音功能，然后用它转txt文本，然后丢给AI进行分析的。...结论就是我太菜了，agent就知道概念，RESTFUL只知道是一个标准其他啥都不知道，TS八股文没背过，Webpack、Vite这一块还很缺因为没咋研究过，还有就是AI分析太会捧杀了。...Vite 和 Webpack 的区别 ❌ 只说""按需 vs 全量""，信息量太少 14 用过哪些 AI 工具 ✅ Trae → Codex → DeepSeek Harness 15 AI 多次解决不了怎么分析...WebSocket 的用户 ID 从哪获取 ⚠️ 绕了半天（订单→聊天 ID→权限数组）， 没直接答""从 token 解"" 26 html2canvas + jsPDF 导出链路 /",359,697182723,秋殇与星河,2026-09-19 10:01:21 UTC,2026-09-19 10:01:21 UTC,https://www.nowcoder.com/feed/main/detail/7082076b145b42a5b810f144e0f096a2,1676918,uuid:7082076b145b42a5b810f144e0f096a2
www.nowcoder.com.har,数据分析面经,12,6,POST,contentData,207,250,930834090742280192,d05f5bc47060471da1d030ad551ecafd,面经52：紫光同芯 | 一面 | 嵌入式软件,首先确认主从两端的 CPOL、CPHA、数据位宽、MSB/LSB、SPI 频率等配置一致；然后用逻辑分析仪同时观察 CS、SCK、MOSI、MISO，确认实际发送和采样时序是否正确。...嵌入式大厂秋招速通，包含了华为影石等30+大厂面经：嵌入式秋招专栏/面经 已有4.8w+同学阅读，50+篇面试经验，80+篇文章帮助大家建立完整知识体系： 1....华为 | 嵌入式软件 | 面经 3. OPPO | 嵌入式软件 | 一面 4. VIVO | 嵌入式软件 | 一面 4. 讲一讲 volatile 关键字的作用是什么？...使用 SPI 的时候出现过数据乱码吗？怎么进行排查？ 回答思路：按照软件配置、通信时序、硬件信号和数据处理几个层面排查。...适合动态创建不确定大小、生命周期较长的数据。容易产生内存碎片和内存泄漏。,363,183142040,机械人的嵌入式之路,2026-09-19 06:42:21 UTC,2026-09-19 06:42:21 UTC,https://www.nowcoder.com/feed/main/detail/d05f5bc47060471da1d030ad551ecafd,1676877,uuid:d05f5bc47060471da1d030ad551ecafd
www.nowcoder.com.har,数据分析面经,12,7,POST,contentData,207,250,928794941843607552,89c86cf76d7c49a59ccab301684e0008,淘天面经 淘天集团运营岗面经-01,举以数据分析来指导商品运营工作的例子 怎么引入有竞争力的商家 怎样结合内外资源搭建商家梯队...你是如何通过数据分析找出问题所在，并采取了哪些策略来重新激活用户增长的？ 假设当前手机天猫客户端的用户留存率出现了下滑，你会怎样利用你的专业知识进行用户行为分析，进而制定有效的用户留存提升计划？...给出一次你通过数据发现某品类供给结构失衡（如高客单不足、长尾失活）的案例：诊断步骤、策略组合、改善结果。 面对优质商家迟迟不参与平台活动，你如何分析其意愿与能力差异，并制定差异化运营打法？...在面对海量用户数据时，你是如何确保自己的分析既全面又精准，同时又能从中提炼出有价值的用户洞察，为后续的运营决策提供支持？ 考虑到电商平台的特殊性，你认为在推动用户规模增长的过程中，最重要的是什么？...面经 02 面试岗位：用户运营 ｜ 面试时间：2025 年 10 月 16 日 在你之前的工作经历中，有没有遇到过用户增长停滞的情况？,413,646661816,林小白zii,2026-09-13 15:39:30 UTC,2026-09-13 15:39:30 UTC,https://www.nowcoder.com/feed/main/detail/89c86cf76d7c49a59ccab301684e0008,1675409,uuid:89c86cf76d7c49a59ccab301684e0008
www.nowcoder.com.har,数据分析面经,12,8,POST,contentData,207,250,930120776135507968,135ecfea0c0d4271aa585e188b6398b7,2026年媒体发稿平台推荐:全媒体资源格局下的专业平台优势测评报告,"本次报告以媒介集市为核心测评对象,结合其公开数据、平台服务模式、客户满意度与运营效果进行综合分析。...区域优化与上市公司合作方面,媒介集市在区域搜索优化方面经验丰富,并与大型上市公司签约并稳定合作。...报告测评时点为2026年第三季度,数据来源包括平台公开信息、实际测试验证、第三方监测工具跟踪及行业客户访谈。...整体来看,平台在资源丰富度和发布效率方面表现突出,价格透明度也较高,售后与数据追踪仍有持续提升空间。...这组数据表明,平台在发稿速度、执行稳定性、搜索收录方面具备成熟能力,能够满足企业对时效性和确定性的要求。",265,904528728,伤心的柠檬精,2026-09-17 07:27:54 UTC,2026-09-17 07:27:54 UTC,https://www.nowcoder.com/feed/main/detail/135ecfea0c0d4271aa585e188b6398b7,1676367,uuid:135ecfea0c0d4271aa585e188b6398b7
www.nowcoder.com.har,数据分析面经,12,9,POST,contentData,207,250,930831832109654016,61a0c347276140358dc46891b14c1646,嵌入式面试八股文全解析：大厂到底在考什么（附高频题 + 答题话术）,"嵌入式八股文专栏：（附嵌入式各家大厂面经资料整理） 二、C 语言：占比最高，也最容易翻车 嵌入式面试的 C 语言题，和互联网后端完全不是一个路子——不考语言特性花活，考的是内存模型。...每天手写 2 道代码题，整理成自己的模板 第 2 周 中断 + RTOS 在 STM32 上跑一个多任务 + 中断通信的 demo 第 3 周 Linux 驱动 + 通信协议 写一个字符设备驱动；用逻辑分析仪抓一次...，再更新 head */ return 0; } 写完后主动补一句：""单生产者单消费者场景下不需要加锁，但要注意先写数据再更新指针，必要时加内存屏障防止编译器重排。""...next == r->tail) return -1; /* 满 */ r->buf[r->head] = v; r->head = next; /* 先写数据...atomic_t —— 最简单，只适合计数自旋锁 —— 不能睡眠，中断上下文必须用 spin_lock_irqsave互斥锁 —— 可以睡眠，只能用在进程上下文RCU —— 读多写少场景 用户态与内核态数据拷贝",478,441351987,嵌进现实的大厂梦,2026-09-19 06:33:23 UTC,2026-09-19 06:33:23 UTC,https://www.nowcoder.com/feed/main/detail/61a0c347276140358dc46891b14c1646,1676876,uuid:61a0c347276140358dc46891b14c1646
www.nowcoder.com.har,数据分析面经,12,10,POST,contentData,207,250,928332164561666048,f84d9443f9124230a0fc7cbeb8c2cfe6,淘天面经 淘天集团AI Agent开发岗面经-05,bad case分析维度 微调Qwen时如何设计learning rate scheduler Prompt优化模块的A/B测试方案 面经 13 面试岗位：AI 应用研发工程师 ｜ 面试时间：2025...手撕：实现 LRUCache 的 get 和 put 函数 面经 10 面试岗位：Agent 算法工程师 ｜ 面试时间：2025 年 12 月 6 日 简单介绍实习的整个项目背景 训练数据是怎么构建的，...工具调用超时后的降级方案设计 自主构建的评估数据集规模？...SFT数据清洗的具体流程？遇到低质量数据怎么处理 RAG的chunk优化策略有哪些？怎么评估检索相关性 DPO训练中的梯度爆炸问题如何解决？ 多工具调度模块如何解决冲突检测？...简要介绍一下SFT的核心流程，以及数据集的构建策略，SFT之后常见的Post-Training还有哪些？它们之间的目的有何区别？ 什么是RAG，它是怎么提升生成质量的？,412,646661816,林小白zii,2026-09-12 09:00:36 UTC,2026-09-12 09:00:36 UTC,https://www.nowcoder.com/feed/main/detail/f84d9443f9124230a0fc7cbeb8c2cfe6,1675285,uuid:f84d9443f9124230a0fc7cbeb8c2cfe6
www.nowcoder.com.har,数据分析面经,12,11,POST,contentData,207,250,929024261442793472,4326106f26064624b3ec056505cda293,面经46：安克创新 | 二面 | 嵌入式软件,嵌入式大厂秋招面经专栏， 已有4.1w+同学阅读，60+篇面试经验（持续更新中），帮助大家建立完整知识体系： 嵌入式秋招专栏/面经 5. STM32 的启动流程了解吗？...第四步：分析根因 常见原因包括： 野指针 数组越界 栈溢出 函数指针错误 非法地址访问 内存被破坏 中断配置错误 通过 Fault 寄存器 + PC/LR + 调用栈定位现场，再分析根因。 7....表示： ACK = 0 如果没有响应，则保持 SDA 为高，表示： NACK = 1 如果一直收不到 ACK，我会按照下面的顺序排查： ① 检查硬件 先用示波器/逻辑分析仪看： SCL SDA 是否真的有波形...，就可能出现： a = 新数据 b = 旧数据 也就是读取到了一个不一致的数据状态。...共享内存解决的是： “多个进程怎么访问同一块数据。” 但它并没有自动解决： “多个进程同时访问这块数据时，怎么保证数据一致性。”,403,183142040,机械人的嵌入式之路,2026-09-14 06:50:44 UTC,2026-09-14 06:50:44 UTC,https://www.nowcoder.com/feed/main/detail/4326106f26064624b3ec056505cda293,1675562,uuid:4326106f26064624b3ec056505cda293
www.nowcoder.com.har,数据分析面经,12,12,POST,contentData,207,250,930603646885122048,82b1e168ce8b414088555cd124833a48,字节面经 字节跳动AI Agent开发岗面经-04,面经 03 面试岗位：AI Agent开发岗 ｜ 面试时间：2026 年 9 月 15 日 请做一下自我介绍 实习中的 AI 评测数据集是如何获取的？ 评测数据集是否有人工或自动标注？...手撕：螺旋矩阵 III 的简化变体，从矩阵中心开始遍历 面经 10 面试岗位：AI Agent开发岗 ｜ 面试时间：2026 年 9 月 10 日 mcp和skill的区别 数据库索引介绍下 B+ 树作为数据库索引结构有哪些优势...分析当前实现的时间复杂度。 如果两个 List 变成无法整体排序的无限序列，应该如何处理？ 使用 Bitmap 时，如果元素值范围非常大，会有什么问题？ 是否可以将两个无限序列拆成局部、分批处理？...常见数据库有哪些类型？ 不同类型数据库之间有什么区别？ MySQL 底层索引使用什么数据结构？ 为什么 MySQL 索引使用 B+ 树，而不是其他树结构？...数据库有哪些事务隔离级别？ 业务中通常如何选择事务隔离级别？ 读已提交隔离级别在业务中可能出现什么问题？ 可重复读隔离级别如何处理并发读取问题？ 数据库有哪些并发控制手段？,479,646661816,林小白zii,2026-09-18 15:26:39 UTC,2026-09-18 15:26:39 UTC,https://www.nowcoder.com/feed/main/detail/82b1e168ce8b414088555cd124833a48,1676801,uuid:82b1e168ce8b414088555cd124833a48
www.nowcoder.com.har,数据分析面经,12,13,POST,contentData,207,250,929180996614750208,ccc0cd1299f745f4a93794c7cda25352,拼多多面经 拼多多算法岗面经-01,“分析复盘创意方案的业务效果”，你会关注哪些关键数据和维度？你如何从中提炼出“目标用户的审美模型”？...比如数据并行（DP）、张量并行（TP）这些，看过 Megatron 这类框架的源码吗？...当模型出现 bad case 时，你一般会怎么分析？后续会采取哪些措施来改进？ 如果需要为特定领域的文本训练一套 Embedding，你会怎么做？ 聊聊你实习时团队的组成和分工吧，大家是怎么协作的？...，这时候负向如何理解 模型经过离线哪些验证之后才上线的 Transformer对比RNN、LSTM有什么不同 .bes的数据有多少？...10 面试岗位：拼多多 算法岗 ｜ 面试时间：2025 年 10 月 15 日 构建的新数据集引起其他领域能力下来应该怎么办 介绍transformer结构 了解clip/blip吗 QwenVL和InternVL,377,646661816,林小白zii,2026-09-14 17:13:33 UTC,2026-09-14 17:13:33 UTC,https://www.nowcoder.com/feed/main/detail/ccc0cd1299f745f4a93794c7cda25352,1675689,uuid:ccc0cd1299f745f4a93794c7cda25352
www.nowcoder.com.har,数据分析面经,12,14,POST,contentData,207,250,929182786928279552,4d5892f8981949be865f2e230e02bec8,拼多多面经 拼多多AI Agent开发岗面经-02,（还有一些针对项目的问题，具体记不起来了） 双分析agent＋裁决agent架构与单分析agent＋校验agent架构的优劣辨析 简析claude code，Hermes，openclaw等热门的agent...它解决的核心问题是不同模态工具之间的数据流转 算法题：并查集板子这个直接秒了 面经 12 面试岗位：拼多多 AI Agent开发岗 ｜ 面试时间：2026 年 7 月 25 日 项目背景，项目架构，每个步骤为什么要这么做...服务端校验：重新校验模型生成的参数 例如，模型调用“删除数据”工具时，即使参数格式正确，也不能直接执行。...架构 算法题：并查集板子 准确度的计算方法，如何进行回归测试，如果测试出问题了怎么解决 workflow和agent优劣分析 function与skills怎么选择 线上有没有遇到OOM的情况，如何解决的...向量数据库检索到的历史信息即使语义相关但时间过久，还能直接使用吗？ 单 Agent 和多 Agent 分别适用于哪些场景，如何判断是否需要多 Agent？,456,646661816,林小白zii,2026-09-14 17:20:40 UTC,2026-09-14 17:20:40 UTC,https://www.nowcoder.com/feed/main/detail/4d5892f8981949be865f2e230e02bec8,1675694,uuid:4d5892f8981949be865f2e230e02bec8
www.nowcoder.com.har,数据分析面经,12,15,POST,contentData,207,250,927381090602348544,8e4ec364ce544e738d9a1c1b83e7d562,美团面经-美团算法岗面经-01,平时是否使用AI Coding/AI数据分析? 面经 03 面试岗位：算法岗 ｜ 面试时间：2026 年 4 月 21 日 CTR和CVR是两个独立模型还是多目标模型?为什么这么设计?...怎么实现的 AOP失效的场景 给你一个场景，100亿个数据如何取前100个大的数据 你刚刚说用堆排序，时间复杂度是多少 面经 07 面试岗位：算法岗 ｜ 面试时间：2026 年 3 月 29 日 近期看过的大模型文章...面经 14 面试岗位：算法岗 ｜ 面试时间：2026 年 3 月 23 日 介绍一下数据集对大模型更熟悉还是传统推荐更熟悉 强化学习DPO PPO GRPO有了解吗 大模型微调了解吗比如lora AUC...模型训练数据的融合方式，是离线天级别更新吗? 消融实验都做了哪些?哪个模块贡献最大? 线上效果是否一上来就为正向(是否遇到离线好但线上差的案例) 拷打第三个项目？ 模型Token化改造的动机是什么?...Coding:最长回文子序列 面经 04 面试岗位：算法岗 ｜ 面试时间：2026 年 4 月 15 日 全程项目拷打 手撕：一道算法题。,481,646661816,林小白zii,2026-09-09 18:01:22 UTC,2026-09-09 18:01:22 UTC,https://www.nowcoder.com/feed/main/detail/8e4ec364ce544e738d9a1c1b83e7d562,1674646,uuid:8e4ec364ce544e738d9a1c1b83e7d562
www.nowcoder.com.har,数据分析面经,12,16,POST,contentData,207,250,928329691084095488,9ee28c63c13744279c501fe14ab0368d,淘天面经 淘天集团AI产品经理岗面经-01,如何通过数据分析驱动产品迭代？ 你提到的指标中，哪些是短期效果，哪些是长期价值？如何平衡这两者？ 在 AI Agent 的选品场景中，数据质量对推荐效果至关重要。...你会如何设计数据收集和清洗的流程以支持 Agent 的精准推荐？...面经 03 面试岗位：AI产品经理岗 ｜ 面试时间：2026 年 1 月 30 日 对话式电商（通过聊天机器人完成购物）是近年热门方向。...面经 01 面试岗位：AI产品经理岗 ｜ 面试时间：2026 年 5 月 3 日 实习经历拷打 你现在往 AI 产品方向发展，比较倾向的细分领域具体是哪些？ 之前项目这段时间是做模型相关的工作吗？...面经 04 面试岗位：AI产品经理岗 ｜ 面试时间：2025 年 10 月 27 日 淘宝商家在经营中面临选品、营销、客服等环节的痛点，你认为 AI Agent 如何帮助中小商家提升效率？,385,646661816,林小白zii,2026-09-12 08:50:46 UTC,2026-09-12 08:50:46 UTC,https://www.nowcoder.com/feed/main/detail/9ee28c63c13744279c501fe14ab0368d,1675280,uuid:9ee28c63c13744279c501fe14ab0368d
www.nowcoder.com.har,数据分析面经,12,17,POST,contentData,207,250,930296361814065152,8b72d470c7334962932582818055409e,字节面经 字节跳动算法岗面经-04,介绍职责、问题、方案和结果 介绍与数据分析相关的项目或实习经历 数学建模项目解决了什么问题，个人分工是什么？...面经 01 面试岗位：算法岗 ｜ 面试时间：2026 年 9 月 10 日 介绍强化学习相关项目 训练集群流程优化 了解过模型剪枝吗？...手撕：最长无重复字符子串长度 面经 03 面试岗位：算法岗 ｜ 面试时间：2026 年 9 月 1 日 打开论文和代码，介绍项目实现和关键贡献 常见优化器有哪些，各自维护哪些状态变量？...介绍codex pi的实现，agent如何和业务结合并提效 面经 02 面试岗位：Agent 算法岗 ｜ 面试时间：2026 年 9 月 2 日 介绍实习中知识图谱的设计，以及知识图谱如何用于合成任务...手撕：给定固定工序顺序和待处理序列，求补全为合法工序序列的最少轮数 面经 04 面试岗位：算法岗 ｜ 面试时间：2026 年 8 月 27 日 请做一下自我介绍，并介绍近期主要经历 选择一段实习或项目，,426,646661816,林小白zii,2026-09-17 19:05:37 UTC,2026-09-17 19:05:37 UTC,https://www.nowcoder.com/feed/main/detail/8b72d470c7334962932582818055409e,1676556,uuid:8b72d470c7334962932582818055409e
www.nowcoder.com.har,数据分析面经,12,18,POST,contentData,207,250,926267822458572800,c7cf22a2b9db41f7875a6415e8f20291,阿里面经-阿里硬件芯片岗面经-01,说一下堆和栈分别储存哪些数据？...项目中用到哪些数据流协议，展开介绍？...怎么确保 I2C 设备驱动获取准确的传感器数据？ 反问...分析 CPU 的计算性能的基准工具？ 实习分析案例举例 进程上下文切换时延怎么抓取最底层的时间？ IPI 核间通信的原理是什么？ 学校与实习的差别 对 RTOS 操作系统的了解？...一些常见的 CPU 性能测试工具的实际案例举例 CPU 计算性能、测试性能、存储性能的分析 Linux 内核移植和 uboot 移植过程和遇到的问题？,236,646661816,林小白zii,2026-09-06 16:17:38 UTC,2026-09-06 16:17:38 UTC,https://www.nowcoder.com/feed/main/detail/c7cf22a2b9db41f7875a6415e8f20291,1673635,uuid:c7cf22a2b9db41f7875a6415e8f20291
www.nowcoder.com.har,数据分析面经,12,19,POST,contentData,207,250,929886255754539008,4f9d96da063b408bb600c073226052d7,米哈游面经 米哈游客户端研发岗面经-01,最小覆盖子串 面经 13 面试岗位：米哈游 客户端研发岗 ｜ 面试时间：2025 年 8 月 21 日 浮点型数据的二进制结构，换成了int整型（一般32位，占四个字节），无符号整型数据范围0~2^32...（游戏和游戏开发经验有最好，这样在游戏开发的时候能比较快的理解，设计和策划提出的需求，但是没有没关系，主要看编程和数据结构基础，比如说你要是C++基础好，转去学C#也很快的） 面经 14 面试岗位：米哈游...分析一下最坏时间复杂度（比如说快速排序）？STL哪个容器是用堆排序 知道游戏开发的引擎吗？（Unity和UE），Unit用什么语言开发的？（c#） 具体业务和开发工作？...复杂度，并且可以遍历数据，但是对顺序无要求。用什么数据结构实现？...，这个资源指什么进程的崩溃会 操作系统中多线程的问题本质原因是什么 解决的方法是什么，互斥锁举两个例子 JAVA堆和栈有什么区别 可达性分析如果两个变量互相引用会 StringBuffer和StringBuilder,439,646661816,林小白zii,2026-09-16 15:56:00 UTC,2026-09-16 15:56:00 UTC,https://www.nowcoder.com/feed/main/detail/4f9d96da063b408bb600c073226052d7,1676212,uuid:4f9d96da063b408bb600c073226052d7
www.nowcoder.com.har,数据分析面经,12,20,POST,contentData,207,250,928330748212281344,53a8a713296b4f6a9f230bfe4d3ec57a,淘天面经 淘天集团AI Agent开发岗面经-02,数据结构三个方面分析...面经 15 面试岗位：AI 应用研发 ｜ 面试时间：2026 年 4 月 17 日 拷打两个实习项目整体架构设计，技术难点 rag维护是如何做文档切片 怎么发现召回数据不准确导致幻觉，如何解决 rag技术向量数据库技术选型...你这个投资分析系统，是不是用户给一个投资问题，然后系统拆成多个子 Agent 去分析，最后汇总输出？ 你为什么要拆子 Agent？...介绍一下你rag的项目 如何做的分块，有没有做重叠 向量化模型如何选型的 如何保证简历上的数据 对图片和表格是如何做的处理 如果现在再让你做一次如何处理图片和表格 面经 06 面试岗位：AI 应用研发...场景题：负责一个文本转 SQL 的模型训练集构建，只有 500 条真实标注样本，需覆盖 200 多个查询模式（单表查询、多表连接、聚合查询等），设计完整的数据生产流，包括合成策略、质量控制和迭代优化 面经...2026 年 4 月 22 日 JVM内存模型和GC了解哪些 G1和CMS的区别 MySQL的索引 MySQL的事务隔离级别 MVCC redis单线程怎么支持的高并发和高QPS场景，从网络模型、内存操作、,506,646661816,林小白zii,2026-09-12 08:54:58 UTC,2026-09-12 08:54:58 UTC,https://www.nowcoder.com/feed/main/detail/53a8a713296b4f6a9f230bfe4d3ec57a,1675282,uuid:53a8a713296b4f6a9f230bfe4d3ec57a
www.nowcoder.com.har,数据分析面经,13,1,POST,contentData,207,250,927017322374533120,3fd9b21ce0914a90a5b3dce398763717,百度面经-百度大模型算法岗面经-01,面经 08 面试岗位：百度 大模型算法岗 ｜ 面试时间：2026 年 7 月 16 日 请做一下自我介绍 SFT 数据和偏好数据应该如何构建？怎样控制数据污染与分布偏移？...算法题：给定一个数组，求最长无重复元素子数组长度 面经 02 面试岗位：百度 大模型算法岗 ｜ 面试时间：2026 年 8 月 12 日 数据从服务端下发到客户端渲染，这个链路是怎么样的 服务端下发数据是走的...，展开讲一下 讨论解决方案的合理性 面经 16 面试岗位：百度 大模型算法岗 ｜ 面试时间：2026 年 5 月 5 日 项目解决的是什么问题 训练数据来源 DPO 训练数据格式 训练时有没有考虑模型泛化能力...可以从硬件架构和编程模型两个角度分析 什么是Paged Attention？它主要解决大模型推理中的什么问题？ 操作系统中，MP和read有什么区别？ 进程之间有哪些常见通信方式？...面经 12 面试岗位：百度 大模型算法岗 ｜ 面试时间：2026 年 5 月 8 日 项目解决的是什么问题 训练数据来源 DPO 训练数据格式 训练时有没有考虑模型泛化能力 如何解决模型死循环问题 解释为什么会有模型死循环问题,508,646661816,林小白zii,2026-09-08 17:55:53 UTC,2026-09-08 17:55:53 UTC,https://www.nowcoder.com/feed/main/detail/3fd9b21ce0914a90a5b3dce398763717,1674311,uuid:3fd9b21ce0914a90a5b3dce398763717
www.nowcoder.com.har,数据分析面经,13,2,MOMENT,momentData,201,74,2902070,ea412d0d063544caa685d02057a73ec1,字节跳动 数据挖掘实习 一面面经,8.27一面，岗位base北京 面试官人超级好，虽然我超级菜，但是面试官一直在引导我，面试到二十几分钟的时候，面试官反问我有什么问题可以问他，还分享了自己的从业心得🥹 一、自我介绍&背景经历部分 1. 简单做一下自我介绍，讲一下最近一段时间做的事情。 2. 讲一讲追觅这段实习，挑一个相对深入的项目展开讲：负责什么、解决什么问题、怎么解决、拿到什么效果。 3. 有没有和数据分析密切相关的项目/实习经历，展开介绍。 4. 数学建模竞赛项目：解决什么问题，个人分工，团队情况。 5. ARIMA模型大概解决什么问题，原理是什么？ 6. 除ARIMA之外，还接触过哪些时序预测模型？ 7. Time‑MOE模型大概的结构、思路是什么？ 8. MOE多专家网络对比普通单专家结构，优势是什么，为什么专家是很好的结构？ 9. MOE训练出现单专家主导、部分专家得不到有效训练，该如何优化？ 10. MOE和MMOE之间有什么区别？ 二、机器学习&深度学习基础 11. 传统机器学习模型（决策树、随机森林、XGBoost等），了解到什么程度，是否清楚原理结构？ 12. RNN、LSTM这类模型了解吗，讲下原理以及两者区别？ 13. 讲下你学到的激活函数，不同激活函数的区别、适用场景。 14. Sigmoid函数公式是什么，曲线形态是什么样？ 15. 神经网络里面激活函数承担什么作用，为什么需要激活函数？ 三、AB实验、因果推断 16. 有没有储备AB实验、因果推断相关知识？ 17. 随机对照实验的核心设计标准/设计原则是什么？ 18. 倾向得分匹配、工具变量、双重差分法是否了解？ 四、代码SQL实操 19. 平时写代码多吗，Python、SQL掌握情况如何？ 20. SQL编码题：orders订单表，查询每个客户的最近一次订单信息。（先写代码，写不出就讲实现思路） 21. 是否接触过窗口函数？ 五、候选人反问环节（候选人提问，面试官作答） > 这部分是候选人主动提问，面试官做解答，不属于技术提问 第一次面试字节，完全没有时间准备好深度学习、机器学习的这些内容，速成了一天SQL，在正式手撕代码时候做得磕磕绊绊的。本人管科硕士，希望转技术岗，希望各位大佬们能够带一带我，可付💰咨询🥹,943,82367411,我想找agent开发实习有偿求辅导,,2026-09-02 15:32:41 UTC,https://www.nowcoder.com/feed/main/detail/ea412d0d063544caa685d02057a73ec1,2902070,uuid:ea412d0d063544caa685d02057a73ec1
www.nowcoder.com.har,数据分析面经,13,3,POST,contentData,207,250,920634427871371264,a5078f5fcbbe454ca171acb34117f1eb,数据运营 - 上海KJ科技 - 一面面经,我能先了解一下你之前的一些工作经历和一些工作情况吗你这个是个 211 还是个 985 的学校？ 您能举几个例子吗？比如说你在之前做的一些具体的 AI 的一些提效的一些案例吗？所以你的工作就基本上都是教培这一类的对吗我问一下你的工作还会有一些数据分析的对吗关于工作内容这块你还有啥问题吗,142,100957974,糖醋_诗酒,2026-08-22 03:12:32 UTC,2026-08-22 03:12:32 UTC,https://www.nowcoder.com/feed/main/detail/a5078f5fcbbe454ca171acb34117f1eb,1669016,uuid:a5078f5fcbbe454ca171acb34117f1eb
www.nowcoder.com.har,数据分析面经,13,4,POST,contentData,207,250,917471293589446656,1c4c58fc567b4e85b8e037aa3e331079,面经,这份面经的含金量非常高，几乎涵盖了大模型算法工程师在工业界落地的所有核心考点：RAG检索增强、大模型底层架构、微调与强化学习对齐、以及工程化推理加速。 为了便于你系统性地学习和理解，我将这两面中出现的技术和问题重新划分为五大硬核技术模块，为你逐一详细拆解。 模块一：RAG（检索增强生成）与信息检索 1. 工业界文本语义切分技术（Chunking） 规则切分： 最基础的方案，基于特定的标识符（如换行符 \n、句号等）结合最大长度（Max Token Length）进行切分。通常会设置 Overlap（重叠度，如前后保留50个字符）以防止句子从中间断开导致语义丢失。 语义切分： 利用小参数量的 ...,302,270628197,Kcsciso,2026-08-13 09:43:22 UTC,2026-08-13 09:43:22 UTC,https://www.nowcoder.com/feed/main/detail/1c4c58fc567b4e85b8e037aa3e331079,1666449,uuid:1c4c58fc567b4e85b8e037aa3e331079
www.nowcoder.com.har,数据分析面经,13,5,MOMENT,momentData,201,74,2859097,9b45497cd94b46729033f4a17b3e9fc9,好丽友 数据分析助理✨,分享一下我本科超干货的一段实习——好丽友 数据分析助理 作为数据方向的在校生，这段线下实习真的让我从只会课本知识，真正落地掌握了业务数据分析、数据清洗、异常排查的实操能力！ 📌 主要工作内容 日常核心对接门店运营与人事基础数据工作，全程独立处理、核对、整理各类业务数据。 1⃣ 门店运营数据分析 &amp; 异常值处理 这是我占比最高的工作内容。 每日汇总全国线下门店的经营数据、销售流水、门店台账等原始数据， 通过Excel进行批量整理、数据对齐、字段筛查，重点排查数据异常值、缺失值、逻辑冲突数据。 遇到数据跳变、数值异常、数据不匹配的情况，会逐一溯源核对，区分是门店填报误差、系统数据延迟还是录入错误，整理异常清单同步给运营同事，辅助业务修正数据、复盘门店经营问题。 2⃣ 员工考勤数据整理汇总 负责公司一线及办公人员的考勤数据统计工作， 整合打卡原始记录、补卡申请、请假记录，统一规整考勤台账。 核对每日、月度考勤异常（漏打卡、迟到、缺卡、异常考勤），标准化整理考勤报表，协助人事完成月度考勤核算，保证数据准确、无遗漏。 📈 实习收获 ▪️彻底熟练Excel高阶数据处理，透视表、函数、数据清洗、批量规整信手拈来 ▪️学会用业务视角看数据，不只是单纯做表格，懂得识别数据异常背后的业务问题 ▪️养成严谨、细致的数据思维，对数据敏感度和纠错能力提升非常大 ▪️熟悉快消行业门店运营、人事基础数据的工作逻辑 这段快消数据分析实习，含金量真的很高，非常适合想投递数据分析、运营、数据专员岗位的同学，简历和面试都非常加分！✨,662,113348723,找不到工作不焦虑,,2026-05-31 14:55:03 UTC,https://www.nowcoder.com/feed/main/detail/9b45497cd94b46729033f4a17b3e9fc9,2859097,uuid:9b45497cd94b46729033f4a17b3e9fc9
www.nowcoder.com.har,数据分析面经,13,6,POST,contentData,207,250,927013780859416576,12994d7579ea4f6c96092ec72ef1f64a,百度面经-百度产品经理岗面经-02,对比分析百度和巨量引擎的优劣势？ 京东、阿里、百度、字节广告平台的客户有什么差异？ 你了解百度的广告营收数据吗？ 你在XX实习过程中有取得什么成就吗？为什么没有留在那家公司？...你大概最早什么时候可以来实习 面经 11 面试岗位：百度 产品经理岗 ｜ 面试时间：2025 年 3 月 6 日 最近一段工作经历主要具体做哪些工作 最近一段工作经历中主要难点是什么 讲一个上一段工作经历中分析的一个项目...若ROI出现下滑，你会从哪些方面进行归因分析？...追问： 你认为在AI搜索场景下，用户的“满意”除了“点击”之外，还能通过哪些行为数据来体现？ “文心一言”“Kimi智能助手”，它们在产品定位和核心应用场景上有什么不同？...作为商业PM，你会如何分析和应对这个客户的抱怨？ 追问： 这里体现了平台、内容创作者/商家、用户之间的哪些新矛盾？你会如何思考其中的平衡？,386,646661816,林小白zii,2026-09-08 17:41:48 UTC,2026-09-08 17:41:48 UTC,https://www.nowcoder.com/feed/main/detail/12994d7579ea4f6c96092ec72ef1f64a,1674310,uuid:12994d7579ea4f6c96092ec72ef1f64a
www.nowcoder.com.har,数据分析面经,13,7,MOMENT,momentData,201,74,2844645,339be4a067d54e6eab228ab947e5900b,软件测试面经,#发面经攒人品# ...软件测试会用到的基础理论知识:python、SQL命令、linux等 Python可以检验自动化代码能力，搭建自动化框架，基本上已经开始启动了AI工具来检验测试人员代码的正确性，也能分析自动化代码失败原因...SQL命令是为了检验能否熟悉数据库中增删改查命令， Linux主要考察在遇到bug是登录后台节点ip，查看日志，定位出问题所在位置，然后将相关问题原因提交给开发，以便于定位问题根因，提单跟踪。,213,887384460,在划水的伊登很纠结,,2026-04-28 14:26:36 UTC,https://www.nowcoder.com/feed/main/detail/339be4a067d54e6eab228ab947e5900b,2844645,uuid:339be4a067d54e6eab228ab947e5900b
www.nowcoder.com.har,数据分析面经,13,8,MOMENT,momentData,201,74,2841142,c46a935d2efc4f788e903690644c1fe1,美的美少年数据分析终面面经,1.自我介绍。 2.作为应届毕业生，应聘数据分析师岗位的优势和不足分别是什么？ 3.针对不足，入职后打算如何补足业务思维？ 4.分享一个从 0 到 1 学习新环境 / 新技能 / 新知识的完整案例。 追问：上述学习过程中遇到了什么困难，如何解决？这次技术迭代的学习过程中，对你后续工作技能提升有哪些影响？整个学习过程大概花费了多长时间？ 5.日常使用的数据分析工具有哪些？ 追问：Power BI 的使用场景与用途是什么？ 6.数据清洗 / 预处理通常做哪些工作？缺失值、异常值如何处理？ 追问：重要数据无法直接删除或简单填充时，怎么解决？ 7.分享一个你作为项目负责人 / 组长的数据相关项目（背景、职责、分工、工具、成果）。 追问：该项目上线后是否做过效果追踪与复盘分析？这个项目对你个人最大提升是什么？团队成员工作延期时，你如何沟通解决？ 8.未来 1-3 年职业规划是什么？想成为什么样的数据分析师？ 9.除基础能力外，你有哪些特质适合带领小组、推动工作？ 10.你沟通能力不错的底层原因是什么（换位思考 / 说服影响他人）？ 11.反问,473,815334182,谦虚的莲雾在写周报,,2026-04-23 07:54:33 UTC,https://www.nowcoder.com/feed/main/detail/c46a935d2efc4f788e903690644c1fe1,2841142,uuid:c46a935d2efc4f788e903690644c1fe1
www.nowcoder.com.har,数据分析面经,13,9,MOMENT,momentData,201,74,2828886,2bf77097e4c64d018338c999112a7f4a,小象超市数据运营二面面经,一面在前面写的帖子里面，二面的话是mentor面，也是电话面，mentor人也特别好，交流起来很开心～ 1.自我介绍 2.介绍一下之前的实习经历，深挖更偏向哪个方向，由于这份jd是和数据打交道，楼主答得更多是关于数据分析和可视化 3.我的三份实习不是很垂直，传统券商也有，新兴ai公众号也有，问了我关于三份实习偏向不同方向，我回答了一下每份不同实习对于我职业选择的影响 4.历史单独做过的项目深挖，star法则，讲了一下自己产出深度报告的过程 5.券商实习中，对于客户进行投资评估得思路，落地的结果，以及后续的推进，是否实际上有成功地做这个投资，对不同客户不同的方案，报价更新之类的问题深挖，就是实习经历深挖 6.大数据，ai对数据分析的冲击和影响 7.要求一周五天到岗能接受吗，其实已经就算下口头offer乐 松了口气哈哈 希望大家都有自己满意的offer，第一次写面经可能不太好，发面经攒人品，牛客网真是个好平台！！！之前也是看网站上别人的面经，自己有准备才能面试顺利的～,438,825332698,淋雨也得走,,2026-04-07 04:05:12 UTC,https://www.nowcoder.com/feed/main/detail/2bf77097e4c64d018338c999112a7f4a,2828886,uuid:2bf77097e4c64d018338c999112a7f4a
www.nowcoder.com.har,数据分析面经,13,10,MOMENT,momentData,201,74,2833896,1a1a67d7b7d64e3c88c5e2c346959802,快手实习面经,面试时间大概在我大三寒假，岗位是数据分析实习生。 面试内容： 1. 一上来就直接手撕SQL，一共3道题，我做对了2道。 2. ... #发面经攒人品#,75,113348723,找不到工作不焦虑,,2026-04-13 12:41:49 UTC,https://www.nowcoder.com/feed/main/detail/1a1a67d7b7d64e3c88c5e2c346959802,2833896,uuid:1a1a67d7b7d64e3c88c5e2c346959802
www.nowcoder.com.har,数据分析面经,13,11,POST,contentData,207,250,926271938274627584,3bd305378aec45948e761a29f03ec73c,字节面经-字节AI产品经理岗面经-02,如果要实现AI自动生成SQL数据分析代码这件事，它的核心难点以及大概的技术实现方案是什么？...请分享一个你通过数据分析驱动产品决策的具体案例。 你如何平衡产品创新与用户体验之间的关系? 在快节奏的互联网环境中，你如何保持持续学习和适应能力? 请描述一次你成功说服团队采纳不同意见的经历。...面经 31 面试岗位：AI产品经理岗 ｜ 面试时间：2025 年 10 月 29 日 产品需求文档PRD包含哪些内容? 你怎么进行竟品分析? 为什么想要作产品经理?...给什么数据让他去学习 你们团队补充了哪些数据 你怎么改进你们的产品 面经 08 面试岗位：AI产品经理岗 ｜ 面试时间：2026 年 3 月 4 日 对实习经历做一个介绍?...评测数据如果和预期不符，你会怎么优化? 你有 PE 的经验吗? 面经 27 面试岗位：AI产品经理岗 ｜ 面试时间：2025 年 10 月 29 日 请进行自我介绍。,404,646661816,林小白zii,2026-09-06 16:33:59 UTC,2026-09-06 16:33:59 UTC,https://www.nowcoder.com/feed/main/detail/3bd305378aec45948e761a29f03ec73c,1673641,uuid:3bd305378aec45948e761a29f03ec73c
www.nowcoder.com.har,数据分析面经,13,12,MOMENT,momentData,201,74,2819290,8e1f8ce6c39546bfb6126ace65d1e408,途游数据分析面经,📍面试公司：途游 💻面试岗位：数据分析 ❓面试问题：一轮面试官自我介绍是部门面，面试官挺健谈的。 第一个问题：深挖实习/项目经历，让我自己挑选两个去介绍，我介绍了一段实习一段竞赛项目，面试官展开了追问，大致问题就是模型是怎么选择的，难点是什么，数据是怎么清洗的。 第二个问题：玩什么游戏，分享一下，然后进而引申到如何评估游戏的不平衡性，和问我如何评估我现在玩的这个游戏的不平衡性和排位机制的不平衡性上。 第三个问题：有没有对ai的使用和探索，我展示了我一个cursor搓的网页，并展示了我如同小作文一般的提示词，面试官说现在都是探索阶段，ai确实能替代一些dw 总的来讲就这三个大问题，但是总体面试了四十多分钟，和面试官交流也比较充分，在我回答完问题之后面试官也会发表一些看法并追问。 4/1 update一下，应该是挂了，没收到拒信但是从面试到现在已经五天了没消息，回想了一下应该是排位机制平衡性这里回答的不好，只说了我对elo机制的思考和我自己认为的改进方法，可能太片面了毕竟排位平衡的方法有很多。主包本身很少玩游戏，打游戏也是单机偏多很少玩要排位上分的（太累了），对这个的了解确实不多,495,36479805,想奋斗的勇士在攒经验,,2026-04-02 05:34:26 UTC,https://www.nowcoder.com/feed/main/detail/8e1f8ce6c39546bfb6126ace65d1e408,2819290,uuid:8e1f8ce6c39546bfb6126ace65d1e408
www.nowcoder.com.har,数据分析面经,13,13,MOMENT,momentData,201,74,2777281,be80030d412d463982e05b286aadffea,小米数据分析校招面经,1.了解埋点吗 2.sql: 次日留存率七日留存率 每个科目排行前三用户 3.怎么体现你的沟通能力(跨部门沟通 4.硕士研究方向 5.实习经历/比赛经历 6.职业规划 7.随即森林，时序，逻辑回归介绍，随机森林如何调参 8.能不能介绍一个从头到尾的机器学习工作 9.特征工程怎么做，流程 10.11、12正则化 11.kmeans调整k值如何调整 12.卡方检验 13.ab实验中的辛普森悖论如何避免 业务题: 1.围绕拉新活动构建数据指标体系,222,290231273,BellezzaBianca,,2026-01-03 14:30:00 UTC,https://www.nowcoder.com/feed/main/detail/be80030d412d463982e05b286aadffea,2777281,uuid:be80030d412d463982e05b286aadffea
www.nowcoder.com.har,数据分析面经,13,14,MOMENT,momentData,201,74,2777221,0d16451410894d0fbe6326490edf67b7,美团数据分析一面 实习面经 20min,"1. 实习介绍 2. [SQL] t(student_id, course_id, grade) - 查找每个学生最高成绩及其对应的课程，如果最高成绩并列，取course_id小的 - Output(student_id, course_id, grade) 3. 大众点评笔记软件优缺点 4. 行为问题 5. 反问",158,380863801,LuceLuna,,2026-01-03 09:20:00 UTC,https://www.nowcoder.com/feed/main/detail/0d16451410894d0fbe6326490edf67b7,2777221,uuid:0d16451410894d0fbe6326490edf67b7
www.nowcoder.com.har,数据分析面经,13,15,POST,contentData,207,250,799697787196538880,8067045a6c4f4a92876b7b04e3d5a7f7,滴滴数据分析面经,一面：重SQL1. 简历深挖（问项目的背景，方法，遇到的困难）2. 假如某一天某一地区的滴滴乘客用户急剧下降，你应该如何分析3. 介绍一下自己熟悉的模型评价指标4. SQL熟练度5. 两道SQL题：（max、窗口函数）6. 平常使用什么打车软件：滴滴和高德打车的区别在哪里二面：重思想1. 简历深挖（涉及python）2. 简单介绍一下GBDT和随机森林的区别3. AB实验了解么？干什么的？能使用到任何场景么？4. 估算一下楼下咖啡店的销售额（费米问题）5. 你对数据分析岗位的理解和未来职业规划？,250,623980821,AranciaSucrosa,2025-09-22 09:53:30 UTC,2025-09-22 09:53:30 UTC,https://www.nowcoder.com/feed/main/detail/8067045a6c4f4a92876b7b04e3d5a7f7,1560904,uuid:8067045a6c4f4a92876b7b04e3d5a7f7
www.nowcoder.com.har,数据分析面经,13,16,POST,contentData,207,250,926271539031412736,e590cf0d85594fb4a5b3784402ce39d0,字节面经-字节AI产品经理岗面经-01,如果一个 AI 功能短期数据表现很好，但长期数据表现不佳，你的分析框架是什么？...你提到要关注不同阶段的数据。现在，如果一个AI功能的长期数据表现不佳，但短期数据很好，你的深度分析框架是什么？...如果让你分析我们某个核心产品(例如某款App)的用户体验，你会关注哪些关键点?...字节跳动的算法和数据优势如何赋能既梦AI的产品发展? 面经 28 面试岗位：AI产品经理岗 ｜ 面试时间：2025 年 10 月 14 日 实习的整个工作内容？ 你们当时有定一个怎么样的目标？...数据哪来的？怎么做 AI 搜索匹配？ 面经 16 面试岗位：AI产品经理岗 ｜ 面试时间：2026 年 2 月 1 日 请你先做一下自我介绍。 你上一段实习现在是结束了吗？ 为什么不继续做下去了？,339,646661816,林小白zii,2026-09-06 16:32:24 UTC,2026-09-06 16:32:24 UTC,https://www.nowcoder.com/feed/main/detail/e590cf0d85594fb4a5b3784402ce39d0,1673640,uuid:e590cf0d85594fb4a5b3784402ce39d0
www.nowcoder.com.har,数据分析面经,13,17,POST,contentData,207,250,353156376002240512,15f155cc17df49b4b80f12bc5b520dae,快手数据分析一面面经,app的使用时长下降了怎么分析，会追问，最后在引导下做出来了 面试的小哥哥非常友善！...我看大家都用发面经来祈愿，我也来试试哈哈，而且关于快手数分的面试实在是太少了 因为时间关系，略过了自我介绍，直接让我说了实习经历 然后出题： 1.概率计算题 2.统计题，考察对中位数的理解 3.SQL题...，还挺难的我感觉……而且现场做我好紧张 4.业务场景题，,177,739060794,ForTPO,2020-04-25 15:19:36 UTC,2020-04-25 15:23:53 UTC,https://www.nowcoder.com/feed/main/detail/15f155cc17df49b4b80f12bc5b520dae,417204,uuid:15f155cc17df49b4b80f12bc5b520dae
www.nowcoder.com.har,数据分析面经,13,18,POST,contentData,207,250,353157731047645184,3d3dcc6fcfde4af1b8c45bf14f6a2687,兴业数金 数据分析面经,3.18官网投递简历 3.20笔试 3.29 下午1.30面试，大概两点半才被叫进去。 自我介绍，中间好像断了一小段时间网，面试官好像没听清我讲的东西。 问了两段实习经历： 1、有自己搭建过hadoop吗，了解hdfs吗 1、其中问了hive的内外表 2、问了在第二段实习中主要做了什么，举例子说明。 问了一些基础的问题： 1、分类器的评估指标解释，给了一个场景，计算了一个f1（我太紧张了，算错了呜呜） 2、过拟合的解决方法； 好像并没有问到我的项目，可能是不感兴趣吧，呜呜。面试官把我做的实习和课程项目搞混了，问了一些我不太了解的东西，主要是分布式方向的，这是我没想到的。,288,516182131,虾酱空心菜,2021-03-29 07:09:44 UTC,2021-04-07 13:28:24 UTC,https://www.nowcoder.com/feed/main/detail/3d3dcc6fcfde4af1b8c45bf14f6a2687,626830,uuid:3d3dcc6fcfde4af1b8c45bf14f6a2687
www.nowcoder.com.har,数据分析面经,13,19,POST,contentData,207,250,353158115824705536,c0063026c80e4b8bb503ccdd1a88b9df,小红书数据分析面经（过）,20200913现场一面+二面： 主要是在讲项目，就项目问细节，业务指标和小红书本身的比较相似 两面的sql都是算留存率 问：增加一个直播的笔记，会对小红书APP造成什么影响 总结: 居然没有HR面，后来直接通知我过了，可能主要是在快手游戏直播的实习经历和小红书的比较吻合，回答的也比较顺畅。,146,783432509,Aurora__,2021-07-20 06:31:24 UTC,2021-07-20 09:51:40 UTC,https://www.nowcoder.com/feed/main/detail/c0063026c80e4b8bb503ccdd1a88b9df,687275,uuid:c0063026c80e4b8bb503ccdd1a88b9df
www.nowcoder.com.har,数据分析面经,13,20,MOMENT,momentData,201,74,2374655,4fbb5086d3aa4e19a0a271733dee52ba,滴滴数据分析 一面面经,搭建数据看板的方法 3. 异动分析的case挖掘 4. case analyse：假如发现竞对平台的打车有更高的优惠补贴力度，你能提出什么样的方案去处理该情况？,80,559920260,多多要努力争气,,2024-09-13 11:49:35 UTC,https://www.nowcoder.com/feed/main/detail/4fbb5086d3aa4e19a0a271733dee52ba,2374655,uuid:4fbb5086d3aa4e19a0a271733dee52ba
www.nowcoder.com.har,数据分析面经,14,1,POST,contentData,207,250,926268549235052544,7325e9ee2fcb4953af3dbd72b574429c,阿里面经-阿里运营岗面经-02,面经 01 面试岗位：商品运营 ｜ 面试时间：2025 年 9 月 18 日 请用三个关键词来介绍一下自己。 你平时所说的数据能力，具体是指哪些方面？ 你平时有用过 SQL 吗？...面经 05 面试岗位：国际产品运营 ｜ 面试时间：2025 年 9 月 9 日 自我介绍。 有没有通过数据驱动做出运营决策的案例？ 在这个项目中，有没有遇到什么困难，是怎么解决的？...假设你负责的产品在某海外市场用户留存率下降，你会怎么分析原因并解决？ 如果需要你针对欧洲市场，策划一场阿里国际站的供应商推广活动，你会怎么做？ 你如何理解产品运营这个岗位？...针对这个经历追问：如何挖掘数据、如何洞察、如何落地执行等。 在学校学习和在公司实习有什么不同感受。 学校和实习分别给你提供了哪方面的技能、分别学到了什么。...会有一些数据上没办法反映的问题，怎么解决的？ 简历中怎么判断这个方向是降本的机会点？ 做了哪些事降低了成本？ 具体讲讲单价模型怎么优化的？ 单价理论上越低越好，怎么判断合理性？,442,646661816,林小白zii,2026-09-06 16:20:31 UTC,2026-09-06 16:20:31 UTC,https://www.nowcoder.com/feed/main/detail/7325e9ee2fcb4953af3dbd72b574429c,1673637,uuid:7325e9ee2fcb4953af3dbd72b574429c
www.nowcoder.com.har,数据分析面经,14,2,POST,contentData,207,250,353156795789156352,622fe1d21594464bbfeb95880ba17ec8,拼多多数据分析面经-大概率凉,写了一道留存率的sql题 没有数据分析实习经验，所以也没有项目可以问 1、问对做数据分析做了哪些准备 2、对拼多多怎么看 3、留存率下降该如何分析 4、如何预估全国大学生人数 最后，我太菜了，面试官推荐了一些书籍...，表示应聘的大家都非常优秀，我的差距不是一星半点，所以[别理我] 最后一问，有没有缺乏数据分析实习经验，且跨专业转行的同学，一起学习探讨一下[哭],182,928729057,斐贝,2020-08-20 08:30:56 UTC,2020-08-20 08:33:10 UTC,https://www.nowcoder.com/feed/main/detail/622fe1d21594464bbfeb95880ba17ec8,483450,uuid:622fe1d21594464bbfeb95880ba17ec8
www.nowcoder.com.har,数据分析面经,14,3,POST,contentData,207,250,353155633824342016,3f95020c0b1f42f59775a62a12c69d30,数据/商业分析面经,数据分析职业规划...提前在家先做一道case案例分析题，制作成ppt，然后面试现场讲，主要内容是根据社交平台上的广告营销数据分析运营方是否成功等等问题 性格做数据分析的优缺点 这个case项目未来如何改善，你遇到了哪些难点...，并求出对应金额总和 常用的产品分析（微博），从DAU下降分析开始，连挖带深入 明略科技： hr面（5min电话）： 薪水、未来发展等等因素，列出你最关注的3条 你理解的数据分析岗位 一面（30min现场...美团： 面试题目（一面之前，word文档提交）： case分析题，要求答出美团买菜未来的三条策略，优劣势等等 二面（50min现场）： 数据挖掘项目相关的问题 水转化成石油这个专利如何定价 美团外卖和快驴商户细分...hr面（10min电话）： 性格是什么样的 之前有什么offer吗 休闲时间干什么 希望有什么样的leader和同事 为什么转专业 顺丰： 一面（25min现场）： SQL手撕连续3天以上存在记录的数据,430,173234413,liziling,2019-09-30 10:19:17 UTC,2019-09-30 10:22:44 UTC,https://www.nowcoder.com/feed/main/detail/3f95020c0b1f42f59775a62a12c69d30,293040,uuid:3f95020c0b1f42f59775a62a12c69d30
www.nowcoder.com.har,数据分析面经,14,4,POST,contentData,207,250,353154361784213504,20f1383b81f5443fab329c6f3b9a3567,求携程数据分析面经,携程投了暑期实习的数据分析岗位，求问对技术的要求高不高，还是更偏向于运营？,37,5089471,douneedjob？,2018-05-02 08:49:53 UTC,2018-05-02 08:55:25 UTC,https://www.nowcoder.com/feed/main/detail/20f1383b81f5443fab329c6f3b9a3567,79006,uuid:20f1383b81f5443fab329c6f3b9a3567
www.nowcoder.com.har,数据分析面经,14,5,POST,contentData,207,250,353155449237217280,9c801d5d02c1451cacd7e3c559fd0b0c,求美的数据分析面经,想问问有没有大佬有美的数分的群面经验可以分享一下 蟹蟹！！,29,184888517,欧佛come,2019-09-16 04:10:22 UTC,2019-09-16 04:16:15 UTC,https://www.nowcoder.com/feed/main/detail/9c801d5d02c1451cacd7e3c559fd0b0c,260723,uuid:9c801d5d02c1451cacd7e3c559fd0b0c
www.nowcoder.com.har,数据分析面经,14,6,POST,contentData,207,250,924489905701429248,7f91a26f37df4b83960d4a66d7a3fc5e,字节面经-字节运营岗面经-04,面经 35 面试岗位：运营岗 ｜ 面试时间：2025 年 1 月 9 日 会哪些数据分析软件？ 是否有独立、完整的数据分析经历？ 在学校有没有学过定量分析？ 有没有做过文字信息的数据分析？...面经 24 面试岗位：运营岗 ｜ 面试时间：2025 年 9 月 18 日 请自我介绍，突出与招聘数据运营相关的优势（如Excel数据处理经验、招聘流程参与案例、数据分析能力等）。...描述一次你通过数据分析发现问题并推动产品改进的经历。你是如何进行数据挖掘和分析的?...面经 22 面试岗位：运营岗 ｜ 面试时间：2025 年 9 月 18 日 请先做一个简短自我介绍，突出与你“服务商运营”相关的项目 / 实习 / 数据分析或渠道管理经历。...面经 23 面试岗位：运营岗 ｜ 面试时间：2025 年 9 月 18 日 请用英语自我介绍，突出与搜索广告运营相关的优势（如海外广告分析经验、数据驱动优化案例、跨文化沟通能力等）。,414,646661816,林小白zii,2026-09-01 18:32:50 UTC,2026-09-01 18:32:50 UTC,https://www.nowcoder.com/feed/main/detail/7f91a26f37df4b83960d4a66d7a3fc5e,1672192,uuid:7f91a26f37df4b83960d4a66d7a3fc5e
www.nowcoder.com.har,数据分析面经,14,7,POST,contentData,207,250,353157119467790336,d2735e8bd62049eebeaa07c99d7669d2,求触宝数据分析面经,牛客上面经好少呀，有大佬能分享一下吗？？,20,152421671,啊包啊,2020-10-09 06:58:17 UTC,2020-10-09 07:03:21 UTC,https://www.nowcoder.com/feed/main/detail/d2735e8bd62049eebeaa07c99d7669d2,534059,uuid:d2735e8bd62049eebeaa07c99d7669d2
www.nowcoder.com.har,数据分析面经,14,8,POST,contentData,207,250,353153923701743616,efe907ec52f54c58b53b54ae4d1943c9,京东数据分析,有面过京东数据分析岗的小伙伴不，求面经🙏,20,9966522,牛客9966522号,2016-09-21 14:11:31 UTC,2016-09-21 14:12:54 UTC,https://www.nowcoder.com/feed/main/detail/efe907ec52f54c58b53b54ae4d1943c9,11349,uuid:efe907ec52f54c58b53b54ae4d1943c9
www.nowcoder.com.har,数据分析面经,14,9,MOMENT,momentData,201,74,2724256,d1ce82dd1b684204a8fac7138bf381fa,求富睿玛泽数据分析师面经,有没有面试过富睿玛泽数据分析师的朋友，想请教一下面经 #数据人的面试交流地# #数据分析求职# #数据分析#,54,981617320,数据分析的小白,,2025-10-23 06:35:30 UTC,https://www.nowcoder.com/feed/main/detail/d1ce82dd1b684204a8fac7138bf381fa,2724256,uuid:d1ce82dd1b684204a8fac7138bf381fa
www.nowcoder.com.har,数据分析面经,14,10,POST,contentData,207,250,353157036634480640,821ec8a897a540b9bc4cecaf2697d831,b站数据分析面经,今天接到了b站的oc～发个面经回馈牛客～ 一面： 简历深挖 预估明年up主关注数 预估明年B站新增用户数 抖音和b站的区别（从产品功能、 指标监控 角度） 如何挖掘有潜力的up主（这一块我从内容生产角度去回答,104,156405126,offer快点来鸭！,2020-09-22 09:49:56 UTC,2020-09-22 11:26:48 UTC,https://www.nowcoder.com/feed/main/detail/821ec8a897a540b9bc4cecaf2697d831,521013,uuid:821ec8a897a540b9bc4cecaf2697d831
www.nowcoder.com.har,数据分析面经,14,11,POST,contentData,207,250,924489520559423488,e98821a609c14a54949562dd643bb93a,字节面经-字节运营岗面经-03,面经 04 面试岗位：运营岗 ｜ 面试时间：2025 年 10 月 17 日 请自我介绍，突出与策略运营（经营分析方向）相关的优势（如数据敏感性、电商数据分析经验、跨部门协作案例等）。...面经 25 面试岗位：运营岗 ｜ 面试时间：2025 年 9 月 18 日 请自我介绍，突出与策略运营（经营分析方向）相关的优势（如数据敏感性、电商数据分析经验、跨部门协作案例等）。...面经 01 面试岗位：运营岗 ｜ 面试时间：2025 年 10 月 19 日 你是如何看待工作压力的 你如何分析广告数据并为客户提供优化建议 你认为如何提升客户的广告投放满意度 当上级领导和你意见不合时...面经 24 面试岗位：运营岗 ｜ 面试时间：2025 年 9 月 18 日 请自我介绍，突出与达人运营相关的优势（如达人投放经验、活动策划案例、数据分析能力等）。...面经 27 面试岗位：运营岗 ｜ 面试时间：2025 年 9 月 18 日 请先做一个一分钟左右的自我介绍，突出与直播运营、数据分析或汽车内容相关的课程/实践/实习经历。,462,646661816,林小白zii,2026-09-01 18:31:18 UTC,2026-09-01 18:31:18 UTC,https://www.nowcoder.com/feed/main/detail/e98821a609c14a54949562dd643bb93a,1672191,uuid:e98821a609c14a54949562dd643bb93a
www.nowcoder.com.har,数据分析面经,14,12,POST,contentData,207,250,353155505298284544,82778d5c14e841309fe62baecbc60f0f,京东hr面完成 数据分析面经,数据分析师有什么重要的特点，你又是怎样匹配的 你的实习经历最重要的体验是什么 你生活中遇到最困难的事，怎么解决 对京东的看法...北京的电话 12分钟 我是电商的数分 base上海 自我介绍 哪里人 你认为,103,902732960,凡所有发生必有恩典,2019-09-20 07:43:45 UTC,2019-09-20 09:34:28 UTC,https://www.nowcoder.com/feed/main/detail/82778d5c14e841309fe62baecbc60f0f,270531,uuid:82778d5c14e841309fe62baecbc60f0f
www.nowcoder.com.har,数据分析面经,14,13,POST,contentData,207,250,353158829326147584,29d09c7a783d4250a92ccf7590fcabad,兴业数金数据分析师面经,真的是非常专业的数据分析师面试了。。。...兴业数金数据分析师 笔试：全数据分析相关的题，有三道大sql题，全通过了 一面：一对一技术面试 项目 从1加到100口述代码 一道sql题口述代码(绝了) 数据库left join 和right join,124,975405029,acer7777,2021-10-28 03:00:02 UTC,2021-10-28 03:57:15 UTC,https://www.nowcoder.com/feed/main/detail/29d09c7a783d4250a92ccf7590fcabad,789422,uuid:29d09c7a783d4250a92ccf7590fcabad
www.nowcoder.com.har,数据分析面经,14,14,POST,contentData,207,250,353154852769439744,d87c2866276c467986a93aa9a6cc1ad9,求腾讯暑期实习数据分析的面经,有已经面了腾讯数据分析的老哥来点面经嘛？？,21,2663869,真的要哭了,2019-03-05 08:19:08 UTC,2019-03-05 09:26:45 UTC,https://www.nowcoder.com/feed/main/detail/d87c2866276c467986a93aa9a6cc1ad9,158428,uuid:d87c2866276c467986a93aa9a6cc1ad9
www.nowcoder.com.har,数据分析面经,14,15,POST,contentData,207,250,353157179039490048,1b0e8532e2e742a2a405692183bbb57b,贝壳-数据分析-面经,为什么不走开发，选择数据分析 以上一共大概问了10分钟 5. 反问环节（问了2个问题）：面试官回答了差不多10分钟 贝壳面试体验不错，安排的很紧凑，面试官人也很好，都耐心详细的回答了我的问题。,96,873552841,Michael234,2020-10-19 12:54:05 UTC,2020-10-19 12:54:54 UTC,https://www.nowcoder.com/feed/main/detail/1b0e8532e2e742a2a405692183bbb57b,543645,uuid:1b0e8532e2e742a2a405692183bbb57b
www.nowcoder.com.har,数据分析面经,14,16,POST,contentData,207,250,353156411158896640,c4da1db653d04cd496e2b83c000b630b,竞技世界 数据分析 一面面经,分析出高价值用户的相似特征 使用的软件 数据量 千亿级数据 数据倾斜怎么办 （到这答不上来了 没试过千亿级数据 最多操作过...20G左右的） 然后正好到30分钟了 跟我说时间到了 说感觉我大数据的操作还是有点少 工程经验不大够 结束 不知道有没有下一面了 感觉工程经验是硬伤 关键还没法学 我上哪找千亿级数据。。...全程30分钟 一直往深了追问 自我介绍 项目介绍 是怎么分辨出高价值用户的 如何,200,727287993,ngnl333,2020-05-07 03:09:03 UTC,2020-05-07 03:12:33 UTC,https://www.nowcoder.com/feed/main/detail/c4da1db653d04cd496e2b83c000b630b,423066,uuid:c4da1db653d04cd496e2b83c000b630b
www.nowcoder.com.har,数据分析面经,14,17,POST,contentData,207,250,353155859322707968,cac83ba316f74cb09bac92d8d0524fe9,神策数据 数据分析师 一面面经,反问面试官：最有挑战性的一次经历 从面试官的回答中，得知数据分析师这个岗位主要还是在跟客户打交道，沟通为主，实际看数据的时候比较少 附搜集的一些资料：...远程，深圳岗，面试官是女Leader，秋招 自我介绍 对神策的了解 对岗位的理解 项目：抠了项目的业务流程，各个指标之间的关系和联动影响 职业规划：数据科学家和数据分析师的区别 对埋点了解吗 以前的学习实习里面有遇到什么挫折,190,917186711,大厂捞我,2019-11-04 02:45:05 UTC,2019-11-04 02:59:45 UTC,https://www.nowcoder.com/feed/main/detail/cac83ba316f74cb09bac92d8d0524fe9,334152,uuid:cac83ba316f74cb09bac92d8d0524fe9
www.nowcoder.com.har,数据分析面经,14,18,POST,contentData,207,250,353155468648456192,b67f96bdda8d4d64a44786d395108fde,VIVO数据分析经理面经,数据分析这个职位？没能从事专业相关的工作你觉得可惜吗？...第二个月的销量环比增长，但老板不满意，请分析是什么原因； 怎么向微信老用户推荐新用户？（从共同兴趣、手机联系人、关注列表等指标入手） 解释一下聚类分析、回归分析等； 左连接和右连接的区别。...自我介绍； 从简历上选择一个项目介绍一下； 一道SQL题； 自己的专业是电子和通信相关的为什么会选择,177,991685732,今天拿到offer了么,2019-09-17 14:19:31 UTC,2019-09-17 14:35:43 UTC,https://www.nowcoder.com/feed/main/detail/b67f96bdda8d4d64a44786d395108fde,264105,uuid:b67f96bdda8d4d64a44786d395108fde
www.nowcoder.com.har,数据分析面经,14,19,POST,contentData,207,250,353155273374244864,cffec9554fe14f228f89e1697b1f85da,阿里数据分析一面面经,某一渠道入口流量下降该如何分析 四、你有没有啥问题...大概30分钟 三、针对实习的项目，,45,480479950,已注销,2019-08-22 09:45:49 UTC,2019-08-22 10:11:29 UTC,https://www.nowcoder.com/feed/main/detail/cffec9554fe14f228f89e1697b1f85da,230642,uuid:cffec9554fe14f228f89e1697b1f85da
www.nowcoder.com.har,数据分析面经,14,20,POST,contentData,207,250,353157414692265984,72abeb78e9ca4c65949b3f7b02b4162c,同盾科技数据分析师面经,数据分析师（同盾咨询） 一面 电话面试，大约35分钟 1、自我介绍 2、深挖简历中做过的项目 3、模型、机器学习相关 4、地域期望、是否接受出差等 5、反问 二面 电话面试（一开始发的是视频链接，到面试时间直接打的电话,109,942854778,牛客942854778号,2020-12-11 09:12:04 UTC,2020-12-11 09:57:15 UTC,https://www.nowcoder.com/feed/main/detail/72abeb78e9ca4c65949b3f7b02b4162c,578329,uuid:72abeb78e9ca4c65949b3f7b02b4162c
www.nowcoder.com.har,数据分析面经,15,1,POST,contentData,207,250,353157766787309568,cc70843342f249fe887677320c96ed34,兴业数金数据分析实习面经,3.具体问了简历其中一个研究项目，问了两三个问题，包括数据获取方式，内容，及结论，结论对企业有何意义？ 4.何时可以开始实习，实习时间，每周出勤天数，地点。,78,842762129,牛客842762129号,2021-04-06 03:13:06 UTC,2021-04-06 03:35:44 UTC,https://www.nowcoder.com/feed/main/detail/cc70843342f249fe887677320c96ed34,632738,uuid:cc70843342f249fe887677320c96ed34
www.nowcoder.com.har,数据分析面经,15,2,MOMENT,momentData,201,74,2132245,4ad9266edc9a42608b0eb7a3a61433e7,求助：优时颜数据分析岗位的面经,有人了解优时颜【懿奈（上海）生物科技有限公司】数据分析实习生岗位面试会聊些什么吗？这间公司氛围如何？[等offer] #安利/避雷我的岗位# #牛客在线求职答疑中心#,83,445109481,风吹云不乱,,2024-02-28 08:35:19 UTC,https://www.nowcoder.com/feed/main/detail/4ad9266edc9a42608b0eb7a3a61433e7,2132245,uuid:4ad9266edc9a42608b0eb7a3a61433e7
www.nowcoder.com.har,数据分析面经,15,3,POST,contentData,207,250,353157248274866176,afc095b93a2846ce81edb45580c0b33f,201030便利蜂数据分析面经,参加的是最后一场笔试，28号通知面试，可以自己预约时间。 我选的是下午16:20场，因为上午头脑容易不清醒hhh 1.简单自我介绍 2.实习经历 3.项目介绍，针对项目发问。 以上大概10分钟左右，我的语速比较快，一直在输出. 4.未来的职业规划 5.你有技术背景，我们更多的做业务，对技术要求不那么高，对此有什么看法？ 6.SQL 到此，面试官发问结束，向我介绍了一下大体的工作内容 7.反问2个问题 说后续会有hr再联系我。。 发帖许愿。求求便利蜂给个机会，信女愿只逛便利蜂不去711。 [offer+1][offer+1][offer+1][offer+1],282,39870805,GoGoJing,2020-10-30 12:36:40 UTC,2020-10-30 12:40:30 UTC,https://www.nowcoder.com/feed/main/detail/afc095b93a2846ce81edb45580c0b33f,554200,uuid:afc095b93a2846ce81edb45580c0b33f
www.nowcoder.com.har,数据分析面经,15,4,MOMENT,momentData,201,74,2753141,d33598f0607c4339b36c62ba7ba0d4e0,移动数据分析求面经,移动 网络数据分析研发岗二面问什么呀 会问八股文嘛[牛泪][牛泪][牛泪][牛泪],41,472694644,Lilithw,,2025-11-26 07:51:53 UTC,https://www.nowcoder.com/feed/main/detail/d33598f0607c4339b36c62ba7ba0d4e0,2753141,uuid:d33598f0607c4339b36c62ba7ba0d4e0
www.nowcoder.com.har,数据分析面经,15,5,POST,contentData,207,250,411569047375020032,391532865a53498e9b8feae079a3a397,深圳联通 大数据分析 面经,问我纯数据分析技术岗和带点综合管理的岗位选哪个 然后就结束了······ 二面 时间：2022.10.17 内容...问我参与了什么大数据方向的项目 大概就这些 PS：二面时间真的安排的太离谱了！一开始通知我早上12:40，后面又通知我下午3:00，结果我从3:00等到4:30才开始。。。。...一面 时间：具体时间忘记了，应该是上个月的事情，反正离今天好久了 内容： 1.自我介绍 2.,195,814771191,可可小樱糯米饭,2022-10-17 09:08:27 UTC,2022-10-17 09:08:27 UTC,https://www.nowcoder.com/feed/main/detail/391532865a53498e9b8feae079a3a397,1079048,uuid:391532865a53498e9b8feae079a3a397
www.nowcoder.com.har,数据分析面经,15,6,POST,contentData,207,250,353158308074823680,847a2f355c74483bb814ff30f3554110,关于数据分析师的疑问,想请问成为数据分析实习生，excel一定要掌握外，sql掌握程度是多少？还有哪些分析方法一定要掌握？我是否需要报班学习？ 求分享数据分析面经！！...本人22届毕业生，未来想成为数据分析师。想找一个实习锻炼一下，看过很多信息，说大部分公司要求sql只要掌握增删查，但是看到很多岗位要求都是掌握sql或使用python等等。,161,92229927,牛客92229927号,2021-08-21 06:55:47 UTC,2021-08-21 06:55:47 UTC,https://www.nowcoder.com/feed/main/detail/847a2f355c74483bb814ff30f3554110,714929,uuid:847a2f355c74483bb814ff30f3554110
www.nowcoder.com.har,数据分析面经,15,7,POST,contentData,207,250,353158320158613504,46c08a919711488a8e9c3c106c43f8b6,字节数据分析 面经,原题是 中介店铺 A店铺单独看电话/线上app响应的效率都比B店铺低 但是A店铺的线上+电话整体看 响应的效率就比B店铺高的 这是什么原因,69,971718263,Q1nyzzz,2021-08-23 06:30:02 UTC,2021-08-23 06:30:02 UTC,https://www.nowcoder.com/feed/main/detail/46c08a919711488a8e9c3c106c43f8b6,716635,uuid:46c08a919711488a8e9c3c106c43f8b6
www.nowcoder.com.har,数据分析面经,15,8,POST,contentData,207,250,353159123724345344,624565a498a94868bf43a528ada440fb,新浪微博数据分析秋招面经,如何分析 你觉得微博竞对有哪些，简单分析 为什么会选择微博 之前实习都是在什么城市，为什么来北京 可以提前来实习吗 职业发展规划...一面： 自我介绍 实习项目-要介绍背景、过程、结论 微博DAU环比下降，,103,297315998,牛客297315998号,2022-01-23 08:17:06 UTC,2022-01-23 08:17:06 UTC,https://www.nowcoder.com/feed/main/detail/624565a498a94868bf43a528ada440fb,832922,uuid:624565a498a94868bf43a528ada440fb
www.nowcoder.com.har,数据分析面经,15,9,POST,contentData,207,250,353154578487123968,3555ba10e31c411f83765874d5e1eb9a,携程数据分析岗，凉凉的面经,武汉11号面了一场后面试官说回去等消息，一直饱受煎熬啊有木有！！！ 一面主要结合项目问了一些算法的问题，例如损失函数有哪些，聚类算法有哪些，算法的具体区别是什么，再就问了一些关于统计学方面的知识，比如贝叶斯公式的解释意义是什么，先验概率和后验概率。 今天晚上发短信说电话面试，然后面试官问的问题全是统计学方面的（面试官估计在商场或者餐厅，有点吵，我现在已经记不起来问了啥.....反正全都不会😂），然后问了xgboost的一些知识，就愉快的结束了面试。 虽然凉了，也攒攒人品吧！,239,210680934,offer进口袋,2018-09-19 14:14:20 UTC,2018-09-20 05:41:57 UTC,https://www.nowcoder.com/feed/main/detail/3555ba10e31c411f83765874d5e1eb9a,113745,uuid:3555ba10e31c411f83765874d5e1eb9a
www.nowcoder.com.har,数据分析面经,15,10,POST,contentData,207,250,353157321935233024,47d48766361b4b138bdfc7cc9b33c2ab,广汽传祺 数据分析 初面面经,广汽传祺初面 初面一轮，二对一的半结构化面试，主要都是结合简历问问题 初面二轮，群面，结合一个案例两组进行辩论，最后每人一分钟总结发言 面试的普遍是985211，小白瑟瑟发抖,87,132607907,牛客132607907号,2020-11-12 07:30:44 UTC,2020-11-12 09:27:07 UTC,https://www.nowcoder.com/feed/main/detail/47d48766361b4b138bdfc7cc9b33c2ab,563264,uuid:47d48766361b4b138bdfc7cc9b33c2ab
www.nowcoder.com.har,数据分析面经,15,11,MOMENT,momentData,201,74,1741429,9837cd119f334186bed8dda700db92e5,求微博商业数据师二面面经,#微博# #数据分析师# #面经# ...过了一面（问了过往经历，统计和机器学习的概念），发来一个笔试题（分析近期微博上的时尚热点事件并写出报告），也过了。hr说接下来就是leader进行业务面。能求一个商业数据分析师二面的面经嘛？,116,450350662,工作快快来吧,,2023-05-06 04:03:03 UTC,https://www.nowcoder.com/feed/main/detail/9837cd119f334186bed8dda700db92e5,1741429,uuid:9837cd119f334186bed8dda700db92e5
www.nowcoder.com.har,数据分析面经,15,12,POST,contentData,207,250,353156390271262720,304394343dda4c9ea902a823cc11b48c,网易互娱 数据分析 二面面经,（因为我本专业不是数据分析） 3、在英国交流期间学过什么？做过什么项目？ 4、实习时间能多久？ 4、为什么不考虑直接工作？（因为我是大四准留学生···） 5、为数据分析做过哪些准备？...这次面试体验比一面好太多了，上次迟到了一个多小时 这次只迟到了十几分钟 一个小哥面试官，人挺好，面试十五分钟左右 没问什么技术，我还准备了好久··· 1、自我介绍 2、为什么对数据分析感兴趣？,190,426976963,chengyu079,2020-04-28 10:35:19 UTC,2020-04-28 10:49:49 UTC,https://www.nowcoder.com/feed/main/detail/304394343dda4c9ea902a823cc11b48c,419545,uuid:304394343dda4c9ea902a823cc11b48c
www.nowcoder.com.har,数据分析面经,15,13,POST,contentData,207,250,353159123745316864,7621626248d8451a9ff8829fe318fe3a,龙湖数科数据分析师秋招面经,异动分析 数据挖掘项目，将对算法的了解 反问...一面： 自我介绍 实习项目：有几个人负责、涉及的技术能力是怎么样的 数据分析（挖掘）的过程 缺失值怎么填补 了解什么算法、Kmeans原理 数据倾斜是什么 怎么避免 python用什么包、pandas数据缺失的标志是什么...有一些作弊流量的数据，用什么无监督的算法去识别出来 你觉得分析师需要什么技能：软性和硬性两方面 感觉面试官对业务理解毫无兴趣，可能龙湖的业务和我的实习差异太大，比较看重技术能力 二面： 自我介绍 实习工作,240,297315998,牛客297315998号,2022-01-23 08:26:17 UTC,2022-01-23 08:26:17 UTC,https://www.nowcoder.com/feed/main/detail/7621626248d8451a9ff8829fe318fe3a,832924,uuid:7621626248d8451a9ff8829fe318fe3a
www.nowcoder.com.har,数据分析面经,15,14,POST,contentData,207,250,353155600760643584,9c52ccb63f1a457080cbe97422b105aa,网易互娱 数据分析 一面面经,5.一款游戏，月活没变，周活下降，分析原因 6.常用的app（我答的新浪） 7.拉新活动，怎么分析效果 8.新浪用户的划分 20分钟差不多少，除了项目感觉其他答的不也太好，大家讨论讨论呗，比如说5,98,630853697,deer201903071508519,2019-09-27 08:52:22 UTC,2019-09-27 09:42:53 UTC,https://www.nowcoder.com/feed/main/detail/9c52ccb63f1a457080cbe97422b105aa,287107,uuid:9c52ccb63f1a457080cbe97422b105aa
www.nowcoder.com.har,数据分析面经,15,15,POST,contentData,207,250,353157308396019712,60e4f77cc62e4de2a74630c8f8c547a4,滴滴国际化数据分析实习面经,面试官是小姐姐，很nice～ 1:自我介绍 2:数据分析以往实习经历介绍（询问了一些细节，比如漏斗， 3:有没有接触过ABtest 4:平时分析中对接的人员 5:你想来公司学到什么 6:举例证明你是一个学习能力强...，逻辑性强的人 7:夏天北京网约车呼叫量增加，分析原因 8:最快什么时间能来，实习时间确认 9:反问 希望给大家参考～,168,613220434,dududu199,2020-11-09 08:57:49 UTC,2020-11-09 08:57:49 UTC,https://www.nowcoder.com/feed/main/detail/60e4f77cc62e4de2a74630c8f8c547a4,561023,uuid:60e4f77cc62e4de2a74630c8f8c547a4
www.nowcoder.com.har,数据分析面经,15,16,POST,contentData,207,250,599570860160184320,0f4c6b9882964477893ba5a0831d826f,快手数据分析面经｜快手电商实习,"[面试必过]【快手电商数据分析实习面经】 1️⃣自我介绍 2️⃣现场写SQL给定date（日期）,user_id（打赏人）,author_id（主播）,total_cost（打赏金额），求总打赏金额超过...100000的打赏人中，打赏金额前3名的主播id和打赏给他们的总金额 3️⃣讲一个实习中的项目 4️⃣GMV环比上周下降20%，从哪些原因分析？",176,180590162,令人心动的O子,2024-03-19 04:00:33 UTC,2024-03-19 04:00:33 UTC,https://www.nowcoder.com/feed/main/detail/0f4c6b9882964477893ba5a0831d826f,1267245,uuid:0f4c6b9882964477893ba5a0831d826f
www.nowcoder.com.har,数据分析面经,15,17,POST,contentData,207,250,353154642567700480,66a50af2d98d41fa85375b69937e270b,vivo数据分析经理杭州面经,作为微信的数据分析师，如何推荐好友 5. 如何验证中医的有效性 6. 公司只有两部电梯，下班时过于拥挤如何解决 7. 要赢一场篮球比赛的重点是什么？...从相关性分析、回归、分类、聚类中选择一个阐述,99,331046257,Leeyx03,2018-10-08 02:51:53 UTC,2018-10-08 05:59:08 UTC,https://www.nowcoder.com/feed/main/detail/66a50af2d98d41fa85375b69937e270b,124108,uuid:66a50af2d98d41fa85375b69937e270b
www.nowcoder.com.har,数据分析面经,15,18,POST,contentData,207,250,353158854101901312,bbd47c25d44c4e54b78f530cb21497e8,字节跳动数据分析实习面经,两个sql三个业务题，想问一下大家这种业务题应该怎么分析~ sql：一个联结一个窗口函数 业务： 指标异动分析(广告收入环比下降)？...广告收入拆解，如果收入和客户数都在上涨但是客单价在下降，问怎么分析，如何确定？ 另一个如何预测今年的收入？ 有没有朋友可以分享一下业务的解题思路呀~,143,614192230,今天我找到工作了吗,2021-11-01 07:05:07 UTC,2021-11-01 07:05:07 UTC,https://www.nowcoder.com/feed/main/detail/bbd47c25d44c4e54b78f530cb21497e8,793353,uuid:bbd47c25d44c4e54b78f530cb21497e8
www.nowcoder.com.har,数据分析面经,15,19,POST,contentData,207,250,353156999955292160,6fa1ddf1414f4031aee2f9c46eaf1072,电信云计算数据分析面经,整个半小时左右。2个面1个。问的都是项目里面的深度学习的两个项目。有关机器学习的问的都不会。首次被问到简历里写的个人博客。开心。许愿一个二面。[面试必过][面试必过][面试必过]。牛客许愿灵灵灵,97,507384088,坂井泉水,2020-09-17 16:26:10 UTC,2020-09-18 06:15:05 UTC,https://www.nowcoder.com/feed/main/detail/6fa1ddf1414f4031aee2f9c46eaf1072,515220,uuid:6fa1ddf1414f4031aee2f9c46eaf1072
www.nowcoder.com.har,数据分析面经,15,20,MOMENT,momentData,201,74,2159870,e8afa6703d9d4ef7adce9411156aa5c4,蔚来数据分析 一面,"#数据分析求职# #技术面经# ...自我介绍 最满意的实习项目经历，展开说做了什么 异动分析 拆解场景，考虑哪些数据指标，答得不好 两个sql代码题，一个sql开放题说思路 最后问了会不会python ,那些库，了解埋点吗 问题20分钟，",120,762886007,准备进厂的椰子很活泼,,2024-03-20 03:12:38 UTC,https://www.nowcoder.com/feed/main/detail/e8afa6703d9d4ef7adce9411156aa5c4,2159870,uuid:e8afa6703d9d4ef7adce9411156aa5c4
www.nowcoder.com.har,数据分析面经,16,1,POST,contentData,207,250,792454182237118464,229150717f55424aad6dbda0923324ba,26届携程商业数据分析面经,你为什么投递携程的商业数据分析岗位？ 3. 你对携程商业数据分析相关的业务场景（如旅游产品运营、用户增长数据支持）有哪些了解？ 4. 你觉得自己在数据分析或业务解读能力上还有哪些需要提升的地方？...过往学习或实践中，你做过最接近商业数据分析的事情（如数据整理、专题分析）是什么？请简单描述。 6. 如果你需要与业务部门协作完成一项专题分析，会如何与对方沟通明确需求？ 7....你认为自己身上最符合商业数据分析岗位需求的特质是什么？ 8. 当你的分析结论与业务部门的预期不符时，你会怎么处理？ 9. 你如何理解“商业数据分析”岗位的核心价值？ 10.反问,278,1030058900,_Sunflower_Smile,2025-09-02 10:10:00 UTC,2025-09-02 10:10:00 UTC,https://www.nowcoder.com/feed/main/detail/229150717f55424aad6dbda0923324ba,1546458,uuid:229150717f55424aad6dbda0923324ba
www.nowcoder.com.har,数据分析面经,16,2,MOMENT,momentData,201,74,2760175,d08dd93a5aed41019b5cb9ab011bc5ba,巨人网络游戏数据分析面经,要怎么做分析和处理 7.AB实验题：游戏有个页面样式做了优化...1.自我介绍 2.职业规划 3.介绍第三段实习，及实习项目 4.深挖项目 5.深挖第二段实习，业务内容介绍 6.业务题：某款游戏DAU异常下降，,105,285070935,CaneNero,,2025-12-03 03:29:43 UTC,https://www.nowcoder.com/feed/main/detail/d08dd93a5aed41019b5cb9ab011bc5ba,2760175,uuid:d08dd93a5aed41019b5cb9ab011bc5ba
www.nowcoder.com.har,数据分析面经,16,3,MOMENT,momentData,201,74,1624531,bbb4ff13ca0042978126a394ad33be9f,博观大数据（数据分析岗位一面面经）,如何缓解数据稀疏...2.有做过落地的实际项目没； 3.介绍一下xgboost与GBDT的关系； 4.介绍一下常用的聚类算法（K-means）； 5.了解NLP吗，介绍一下BERT的结构（模型结构、任务）； 6.,106,914771841,HsiuQin,,2023-03-11 02:47:55 UTC,https://www.nowcoder.com/feed/main/detail/bbb4ff13ca0042978126a394ad33be9f,1624531,uuid:bbb4ff13ca0042978126a394ad33be9f
www.nowcoder.com.har,数据分析面经,16,4,POST,contentData,207,250,353158642432155648,4fb992a0ea534652801b4d06f16709b6,广联达-数据分析-面经,0914-广联达-一面 分三大块【数据分析的理解+逻辑思维题+实习、项目细节】 2年内希望自己变成一个什么样的数据分析师? 你怎么看数据分析这个岗位 你觉得自己在哪些方面还有成长的空间？...你觉得数据分析师 能 用什么衡量自己的价值呢？,119,363967567,Brickleberry,2021-09-29 05:13:37 UTC,2021-09-29 05:13:37 UTC,https://www.nowcoder.com/feed/main/detail/4fb992a0ea534652801b4d06f16709b6,761811,uuid:4fb992a0ea534652801b4d06f16709b6
www.nowcoder.com.har,数据分析面经,16,5,POST,contentData,207,250,573831908740665344,b657f035de10427aa0b1de83f431bc8a,蔚来——数据分析，二面经验,问题： 自我介绍 优缺点 别人怎么评价你 转向数据分析的契机 实习和竞赛哪个更印象深刻 实习中遇到的困难和解决的方法 对岗位的期待 反问 会不会影响学业 到岗时间 非常快，加起来20分钟[羞涩],97,633558933,花开富贵633,2024-01-08 03:23:08 UTC,2024-01-08 03:23:08 UTC,https://www.nowcoder.com/feed/main/detail/b657f035de10427aa0b1de83f431bc8a,1248572,uuid:b657f035de10427aa0b1de83f431bc8a
www.nowcoder.com.har,数据分析面经,16,6,POST,contentData,207,250,503888711898157056,631141c4da9646759267f777b3538a04,蔚来数据分析实习生面经,我面试的是某项产品下面的数据分析岗位...） 6、从数据的角度如何评价产品好坏，如何挖掘数据背后价值 7、一道简单的sql查询语句 OK，积攒积攒人品好了，虽然我没觉得自己表现很好，但是秒被拒还是有点难受。。...好了，吐槽到此为止，面试官人很好，很温柔反正 1、自我介绍 2、介绍一个最有价值的项目经历 3、深度挖掘这个项目的一些提问 4、提问一个其他相关的项目经历 5、对公司产品的了解（,196,116580643,有胆量的勇士不放弃,2023-06-29 03:13:51 UTC,2023-06-29 03:13:51 UTC,https://www.nowcoder.com/feed/main/detail/631141c4da9646759267f777b3538a04,1166997,uuid:631141c4da9646759267f777b3538a04
www.nowcoder.com.har,数据分析面经,16,7,POST,contentData,207,250,353158121382158336,5b38f40e3df94588b39e12bcc44d719b,快手战略部数据分析实习面经,业务分析...1h10min 1.自我介绍 2.实习项目 3.业务问题 4.机器学习模型 5.SQL笔试 6.反问 面试官说hr联系 二面：7.16 时长30min（面试官有其他会议） 1、自我介绍 2、,102,689361059,牛客689361059号,2021-07-21 07:56:18 UTC,2021-07-21 07:56:18 UTC,https://www.nowcoder.com/feed/main/detail/5b38f40e3df94588b39e12bcc44d719b,688090,uuid:5b38f40e3df94588b39e12bcc44d719b
www.nowcoder.com.har,数据分析面经,16,8,POST,contentData,207,250,465197001144049664,9d019e5ffc9a457fb6a44249d2d9dee0,求面经！,[嘤嘤嘤]求国央企的数据分析师面经！！[仰慕],23,712616685,CC维CX,2023-03-14 08:46:48 UTC,2023-03-14 08:46:48 UTC,https://www.nowcoder.com/feed/main/detail/9d019e5ffc9a457fb6a44249d2d9dee0,1134843,uuid:9d019e5ffc9a457fb6a44249d2d9dee0
www.nowcoder.com.har,数据分析面经,16,9,POST,contentData,207,250,353155085284876288,ff2964e41c8348448b18daebc0841e50,农行数据分析岗位,之前看帖没有刷到农行总行数据分析岗实习的面经 参加完了我来写一下供大家参考吧 1自我介绍，不允许说名字，介绍基本是学校，专业，项目。...2自由问答，考官问每个人做过的项目，和项目中涉及的算法 3岗位需要的素质和技能 农总行数据分析感觉问的问题偏向于文本和图像处理，问很多算法的区别和原理。,145,928128728,Spidermannnnn,2019-06-17 04:11:44 UTC,2019-06-17 05:09:08 UTC,https://www.nowcoder.com/feed/main/detail/ff2964e41c8348448b18daebc0841e50,198952,uuid:ff2964e41c8348448b18daebc0841e50
www.nowcoder.com.har,数据分析面经,16,10,MOMENT,momentData,201,74,2776855,7cf54bfc5fc24d3d8028eb6995ff44de,快手数据分析二面-实习面经,1. 介绍之前实习做的预算追踪 2. 碰到重大外部事件影响怎么调节预算 3. 制定的预算和业务侧存在gap怎么办 4. 设计改按钮颜色的ab实验 回答中过程中被问： a. 样本分流比例 b. 该实验中的一类错误、二类错误是什么，怎么降低错误 5. 怎么衡量广告投放带来的用户增量 6. 用PSM、合成控制法，被业务方质疑怎么办 7. 职业规划 8. 为什么上段实习只干了3个月,188,900378930,B34st,,2026-01-01 23:20:00 UTC,https://www.nowcoder.com/feed/main/detail/7cf54bfc5fc24d3d8028eb6995ff44de,2776855,uuid:7cf54bfc5fc24d3d8028eb6995ff44de
www.nowcoder.com.har,数据分析面经,16,11,POST,contentData,207,250,353156350068858880,efc155838e8449d9b5a55acf81d9d7d0,网易严选 数据分析 一面面经,预约的是4.17下午的面试，面试了约半小时，面经如下： 自我介绍 学校项目或实习中有没有用到统计学的东西 数据分析师的职业规划 严选个性化推荐应该怎么做 自己在数据分析上的优势和劣势 严选的模式怎么理解,101,578830418,牛客578830418号,2020-04-21 01:10:15 UTC,2020-04-21 02:08:34 UTC,https://www.nowcoder.com/feed/main/detail/efc155838e8449d9b5a55acf81d9d7d0,413091,uuid:efc155838e8449d9b5a55acf81d9d7d0
www.nowcoder.com.har,数据分析面经,16,12,POST,contentData,207,250,353158528900734976,7ad2cbe2714c41fbb07a99d8d3e5d967,东方财富 天天基金 数据分析 面经,当天晚上 hr微信通知OC 主要业务是做天天基金的用户分析和个性化推荐,35,310233732,小鱼儿Fischer,2021-09-16 02:19:09 UTC,2021-09-16 02:24:15 UTC,https://www.nowcoder.com/feed/main/detail/7ad2cbe2714c41fbb07a99d8d3e5d967,746142,uuid:7ad2cbe2714c41fbb07a99d8d3e5d967
www.nowcoder.com.har,数据分析面经,16,13,POST,contentData,207,250,353155467155283968,7db679db735b471784b316094c490c33,vivo！～数据分析面经，攒人品,希望可以拿到offer 9.17成都 vivo数据分析经理 很温柔的面试官 面试形式:单面+HR 1.自我介绍 2.实习 3.项目经历 4.统计学知识，比如相关分析 5.K均值聚类讲一下 6.数据挖掘算法知道的有哪些,108,904006579,yebao,2019-09-17 12:53:10 UTC,2019-09-17 14:09:12 UTC,https://www.nowcoder.com/feed/main/detail/7db679db735b471784b316094c490c33,263861,uuid:7db679db735b471784b316094c490c33
www.nowcoder.com.har,数据分析面经,16,14,POST,contentData,207,250,353156198566404096,1506ab6887194d619c797e8e91f0f207,三七互娱数据分析专员面经,为什么想做数据分析（lz半路转行），所有投的岗位里数据分析排第几（意思是有没有投原专业的岗位） 3. 实习过程中比较有成就感的事 4. 实习过程中遇到的有挑战的事 5. 三个词描述自己的优点 6....下午刚面完业务面，面试官是业务经理，全程15min，写写面经攒人品QAQ （以下问题顺序可能跟面试过程有出入，尽量回忆了） 1. 自我介绍 2.,173,334462711,Liu小鸭,2020-03-23 15:41:22 UTC,2020-03-23 19:59:29 UTC,https://www.nowcoder.com/feed/main/detail/1506ab6887194d619c797e8e91f0f207,389852,uuid:1506ab6887194d619c797e8e91f0f207
www.nowcoder.com.har,数据分析面经,16,15,POST,contentData,207,250,353155502551015424,b176e5ea23f6436c90d958d5315fe5fe,京东数据分析hr面面经,时长：8min 形式：电话面试 比约定的时间晚了20多分钟，hr今天应该非常忙，感谢在午饭前打过来了。 自我介绍 看你实习过的公司，你有关注xx的秋招吗？你关注秋招时想做的工作、看重的公司是什么呢？ 说一段你最有成就感的实习经历。 平时你和你的导师怎么评价你呢？ 你的导师没有给你一些建议吗？是什么呢？ 你觉的自己性格上有什么缺点？ 关于此次招聘，你还有什么问题要问我吗？ 问了下一步进展，说9月底前发出是否有offer的邮件通知。(☆▽☆) 许愿offer🙏🏻🙏🏻🙏🏻 [明天发offer][心想事成][来个offer][成功上岸][消灭0offer][offer+1],286,438256605,Offer+++2019WWW,2019-09-20 04:06:24 UTC,2019-09-20 05:29:44 UTC,https://www.nowcoder.com/feed/main/detail/b176e5ea23f6436c90d958d5315fe5fe,270030,uuid:b176e5ea23f6436c90d958d5315fe5fe
www.nowcoder.com.har,数据分析面经,16,16,MOMENT,momentData,201,74,1846943,cfa87e5356334b2b933ee25357e1b97d,软件测试和数据分析哪个好一点啊？,请大佬指教 #数据分析# #数据# #数据分析实习招聘# #数据分析岗# #数据分析面试笔试# #数据分析这么卷的吗？...目前在一家国企实习软件测试，每次在boss上看到工资还不错的数据分析，就有点心动，比较迷茫，不知道测试和数据分析哪个好一点？...# #测试# #软件测试# #测试开发# #测试开发工程师实习生# #软件测试面经# #软件测试工程师#,179,634002697,这是个响亮的名字6,,2023-08-22 02:08:15 UTC,https://www.nowcoder.com/feed/main/detail/cfa87e5356334b2b933ee25357e1b97d,1846943,uuid:cfa87e5356334b2b933ee25357e1b97d
www.nowcoder.com.har,数据分析面经,16,17,POST,contentData,207,250,353157858017615872,8b5f8e30a6b6401b9b59003d4be0fc88,美团 数据开发一面面经,7.一个数据你拿到手，怎么去分析处理 8.二分查找,25,630620979,Valzhouhzou,2021-04-23 03:09:23 UTC,2021-04-23 04:05:28 UTC,https://www.nowcoder.com/feed/main/detail/8b5f8e30a6b6401b9b59003d4be0fc88,647288,uuid:8b5f8e30a6b6401b9b59003d4be0fc88
www.nowcoder.com.har,数据分析面经,16,18,POST,contentData,207,250,353158574366990336,61662a40ef1c4c35bdadc228cb6791ef,浙江大华数据分析,以及和业务贴合的部分 第一次写面经，许愿大华 [顺利签约]...一面：挖了简历一个项目，简单聊聊过 二面：深挖简历，问了很多实习的工作，,68,814287106,牛客814287106号,2021-09-21 08:42:36 UTC,2021-09-21 08:42:36 UTC,https://www.nowcoder.com/feed/main/detail/61662a40ef1c4c35bdadc228cb6791ef,751874,uuid:61662a40ef1c4c35bdadc228cb6791ef
www.nowcoder.com.har,数据分析面经,16,19,MOMENT,momentData,201,74,2711056,4a50e06b34ab4e3c81f957867219d2fd,vivo数据分析面经,为什么选择vivo数据分析经理岗位？你对“数据驱动产品体验优化”的理解是什么？ 3. 分享一次你通过数据分析解决实际问题的经历，关键思路是什么？ 4....如果你负责新业务线的数据分析，如何快速熟悉业务逻辑与数据指标？ 10. 你平时如何关注数据分析行业趋势或技术动态？有哪些学习渠道？...如果业务团队对你的数据结论有疑问，你会如何沟通验证？ 5. 你认为数据分析经理最核心的非专业能力是什么？你的优势在哪里？ 6. 描述一次你主动学习新工具或方法的经历，如何应用于实践？ 7....如何看待“数据结论”与“业务直觉”的关系？请举例说明平衡策略。 8. 分享一次你在团队中推动数据项目落地的经历，遇到的最大挑战是什么？ 9.,313,948951963,LuceSottile,,2025-10-28 04:30:09 UTC,https://www.nowcoder.com/feed/main/detail/4a50e06b34ab4e3c81f957867219d2fd,2711056,uuid:4a50e06b34ab4e3c81f957867219d2fd
www.nowcoder.com.har,数据分析面经,16,20,MOMENT,momentData,201,74,2387377,80b7477011834e69a84dc38521654604,拼夕夕数据分析笔试,#软件开发笔面经# 我记得我投的不是数开吗，，，选择题全是概率论，仿佛置身于概率论期末考试 题目类型 选择题 15道 60分 编程题 3道 40分 1、分时段订单统计 秒了 2、多件购买用户数,96,150856368,在看机会的奇亚籽很机灵,,2024-09-22 03:35:30 UTC,https://www.nowcoder.com/feed/main/detail/80b7477011834e69a84dc38521654604,2387377,uuid:80b7477011834e69a84dc38521654604
www.nowcoder.com.har,数据分析面经,17,1,POST,contentData,207,250,353154092711223296,475648addbdc46f6ab8c6c8b850effdb,网易杭研公共技术数据分析这个时候通知面试？！,看大家的面经网易的数据分析还是有难度的，心慌慌！！！...求问今天才收到网易数据分析的面试通知是啥意思？ 据说9.5出结果，9.4去面试的是去当炮灰么？ 还是说HC还有？心累累😢 有没有同9.4面试网易数据分析的？,107,9150390,等offer啊等offer,2017-09-01 07:34:11 UTC,2017-09-01 07:34:11 UTC,https://www.nowcoder.com/feed/main/detail/475648addbdc46f6ab8c6c8b850effdb,36799,uuid:475648addbdc46f6ab8c6c8b850effdb
www.nowcoder.com.har,数据分析面经,17,2,POST,contentData,207,250,353158965003493376,0501d8b0092e4b0a95f9b73b11ea929a,面经-有赞产品方向-数据分析-一面211122,@有赞 @数据分析(9536537)...211122有赞产品方向-数据分析 30min 自我介绍 问题： 从有赞财报看到了什么？...营收下降 成本构成 前司的商业模式、优势以及增长飞轮 怎么看sass以及有赞saas 说一个项目--说的是用户画像项目，最近在梳理做过的项目 反问 明年的OKR 数据团队在做什么 数据分析师的职业规划,168,555948348,司圭,2021-11-22 11:45:41 UTC,2021-11-22 11:45:41 UTC,https://www.nowcoder.com/feed/main/detail/0501d8b0092e4b0a95f9b73b11ea929a,810207,uuid:0501d8b0092e4b0a95f9b73b11ea929a
www.nowcoder.com.har,数据分析面经,17,3,POST,contentData,207,250,353156226160730112,2c36942579b7435c8783d16782c1b598,【面经】腾讯-数据分析-二面-凉,（数据结构和算法没复习😭） 开放题： 现在有积木套装和积木零件，设计数据库存储它们的信息； 用户购买了A、B、C套装，现在用户希望得到D套装，但是不想直接购买D套装，因为A、B、C中已经包含了D所需的部分零件,104,573378125,OnePiece-97,2020-03-27 11:36:05 UTC,2020-03-27 11:49:01 UTC,https://www.nowcoder.com/feed/main/detail/2c36942579b7435c8783d16782c1b598,393836,uuid:2c36942579b7435c8783d16782c1b598
www.nowcoder.com.har,数据分析面经,17,4,POST,contentData,207,250,353156346407231488,eb2b7901e5cf4a0a97c3d7c4d05f767f,华为数据分析实习被调剂,本来申请的数据分析，结果接到电话说调剂到软件开发岗去面试 软件开发岗一般要做什么事情啊？纯码代码？会有建模相关的嘛？ 顺便求个面经谢谢！！,69,934025538,牛客934025538号,2020-04-20 07:17:02 UTC,2020-04-20 07:37:12 UTC,https://www.nowcoder.com/feed/main/detail/eb2b7901e5cf4a0a97c3d7c4d05f767f,412560,uuid:eb2b7901e5cf4a0a97c3d7c4d05f767f
www.nowcoder.com.har,数据分析面经,17,5,POST,contentData,207,250,353159255576485888,8fb31decef774517b44dba1a87d3fbef,抖音电商数据分析日常实习面经,"面试官超级nice！超有亲和力！ 1. 自我介绍 2. 投屏两道sql题，简单说思路。难度是牛客“较难”类别。 （1）统计每个大类商品下销售额排名前10的小类商品 Group by,sum,窗口函数 （2）两张表，第一张表是主播id，收入等；第二张表是主播id，地区等。要求输出地区收入排名 Join on;group by;sum;row_number() 3. 项目深挖 4. 实习经历深挖 5. 对这个工作的预期 6. 简单介绍了一下他们的组织架构",227,820527601,Queen_D,2022-03-02 07:34:26 UTC,2022-03-02 07:35:05 UTC,https://www.nowcoder.com/feed/main/detail/8fb31decef774517b44dba1a87d3fbef,851042,uuid:8fb31decef774517b44dba1a87d3fbef
www.nowcoder.com.har,数据分析面经,17,6,POST,contentData,207,250,651452587706793984,718e9c28502e4c75ac0f48a4f94794ed,哈啰出行数据分析实习面经,1.自我介绍 2.介绍实习的归因分析case 3.哈啰订单量下降应该怎么分析 4.详细讲一下自己做的ab实验的case 5.一道SQL手写用户id，部门id，薪资返回每个部门前三名 6.口述SQL orderdate,108,1030055158,想顺利毕业的芭乐,2024-08-09 08:00:00 UTC,2024-08-09 08:00:00 UTC,https://www.nowcoder.com/feed/main/detail/718e9c28502e4c75ac0f48a4f94794ed,1346235,uuid:718e9c28502e4c75ac0f48a4f94794ed
www.nowcoder.com.har,数据分析面经,17,7,MOMENT,momentData,201,74,2263467,92de970d6e604f6eb2f20bf23f212915,网易互娱数据分析,有无什么面经哇，官网这个岗位已经不见了，连JD都找不着了。,29,296137845,等一个offer啊啊啊啊,,2024-06-23 13:52:14 UTC,https://www.nowcoder.com/feed/main/detail/92de970d6e604f6eb2f20bf23f212915,2263467,uuid:92de970d6e604f6eb2f20bf23f212915
www.nowcoder.com.har,数据分析面经,17,8,POST,contentData,207,250,353148210451521536,8cb49e03e2884a8dbfb907f38e6b92eb,京东数据分析实习面经7.20,3、 数据库题，最大连续登录天数（本来很开心这个题看过，结果答完人家问我海量数据咋处理，不能按照普通数据库的思维去思考），我就提了一下hive。 4、 计算机科班出身，说说数据倾斜是啥？,93,196308612,上岸困难户,2020-07-20 12:50:49 UTC,2020-07-29 08:29:17 UTC,https://www.nowcoder.com/feed/main/detail/8cb49e03e2884a8dbfb907f38e6b92eb,112850,uuid:8cb49e03e2884a8dbfb907f38e6b92eb
www.nowcoder.com.har,数据分析面经,17,9,POST,contentData,207,250,353156504951922688,6073faa964604cd398695a976cc9fe21,货拉拉 数据分析 暑期实习面经,面试提问:自我介绍，然后展开提问 1.什么是数据分析师？ 2.你认为一个数据分析师应该具备什么技能？ 3.数据分析的主要流程是怎么样的，你会实操整个流程吗？...货拉拉（深圳，数据分析师技术岗） 第1轮：HR线上面试（微信语音） 约的周末面试，HR小姐姐周末不用休息的吗？比预约时间晚30分钟，没有提前告知。,154,832523677,F长安某,2020-06-10 09:30:07 UTC,2020-06-10 09:44:38 UTC,https://www.nowcoder.com/feed/main/detail/6073faa964604cd398695a976cc9fe21,438183,uuid:6073faa964604cd398695a976cc9fe21
www.nowcoder.com.har,数据分析面经,17,10,MOMENT,momentData,201,74,2486211,6a7e043a157c4a1ba8fbf600c9813b15,建信金科 数据建模分析师 面经,具体做什么业务 技术栈和数据源 20多位同学参加面试，两位面试官从早上9点开始面，到下午五点，两位也是辛苦了...介绍一下现在在做的论文项目 反问：,74,847374311,格拉斯See,,2024-11-28 06:35:46 UTC,https://www.nowcoder.com/feed/main/detail/6a7e043a157c4a1ba8fbf600c9813b15,2486211,uuid:6a7e043a157c4a1ba8fbf600c9813b15
www.nowcoder.com.har,数据分析面经,17,11,POST,contentData,207,250,353156936847794176,27630cf5fc474fde95872580a1a5eea2,蔚来汽车 数据分析凉经,第一次发面经 之前投的是市场营销的岗 不知道为啥给调剂到数据分析了 一面 9/8接到hr电话约到9/10面试 1. 一道SQL题 2. case题目 提出增加销量的方案 3....实习内容提问 面试体验很好~问题基本从市场和数据相结合的角度，以一种讨论的方式进行的，还会基于我的回答作补充 希望正在找工作的小伙伴们一起加油，祝我们[面试必过][万事顺利],177,537472279,537472279,2020-09-10 07:49:46 UTC,2020-09-19 03:47:18 UTC,https://www.nowcoder.com/feed/main/detail/27630cf5fc474fde95872580a1a5eea2,505524,uuid:27630cf5fc474fde95872580a1a5eea2
www.nowcoder.com.har,数据分析面经,17,12,MOMENT,momentData,201,74,2479534,98ef4e1af5c842659cf0bef5e77ee541,链家数据分析实习面经（凉）,线下面试，全程不到半个小时 - 自我介绍 - 讲做过的数据分析项目 - 面试官介绍岗位职责 - 询问以前是开发现在做数分的原因 - 反问 挂了原因如图，干过开发就别想碰业务了,87,510834597,我是一个粉刷匠粉刷本领强,,2024-11-25 02:20:55 UTC,https://www.nowcoder.com/feed/main/detail/98ef4e1af5c842659cf0bef5e77ee541,2479534,uuid:98ef4e1af5c842659cf0bef5e77ee541
www.nowcoder.com.har,数据分析面经,17,13,MOMENT,momentData,201,74,1601386,e62038059e564d07bce6b25635ee5d42,杭州银行面经,2.17一面：两个面试官 一个人问 一个人记录 深挖实习 数据库索引 适用场景 数据仓库分层 指标分析 更新：3.16二面 两个面试官分别提问 介绍实习 主要用到什么工具 两个排序的sql场景题 自身的优势,103,459298796,什么时候能上岸啊啊啊啊,,2023-03-17 10:50:20 UTC,https://www.nowcoder.com/feed/main/detail/e62038059e564d07bce6b25635ee5d42,1601386,uuid:e62038059e564d07bce6b25635ee5d42
www.nowcoder.com.har,数据分析面经,17,14,POST,contentData,207,250,353155784714428416,9d03e9cfa24543fa860e44836054f9d4,数据分析找不到工作,参加了几家制造业公司的数据分析，群面一直挂，哎。 本人渣硕，哎，没有项目，没有实习，只有参加了两个数学建模竞赛的奖，项目实在没有，就把自己的一个爬虫项目还有一个课程报告写在简历上面。...自己目前有想法做一个不水的项目加牛客刷题，看面经笔经。 求问各位大佬我应该去哪里找项目做啊？ 哎，难受😖,146,995493306,求offer的渣渣一枚,2019-10-22 11:51:34 UTC,2019-10-22 12:03:04 UTC,https://www.nowcoder.com/feed/main/detail/9d03e9cfa24543fa860e44836054f9d4,320904,uuid:9d03e9cfa24543fa860e44836054f9d4
www.nowcoder.com.har,数据分析面经,17,15,MOMENT,momentData,201,74,1480284,cfb3ab2a3c3040bca809354ebd730af6,小米 智能制造 数据分析师,已二面，全程聊简历里的机器学习数据挖掘经历。 有人知道待遇水平嘛 #校招# #面经# #秋招# #小米# #数据分析#,59,378025700,不想上班的红太狼很爱吃香菜,,2022-09-23 05:20:12 UTC,https://www.nowcoder.com/feed/main/detail/cfb3ab2a3c3040bca809354ebd730af6,1480284,uuid:cfb3ab2a3c3040bca809354ebd730af6
www.nowcoder.com.har,数据分析面经,17,16,POST,contentData,207,250,353154994679521280,e170605a6d1a49e8be641107722ca2af,腾讯数据分析一面面经,当时笔试只A了两道，等了好久都是灰的，以为已经凉凉了，19号突然收到面试邮件。 至今0offer的菜鸡，抱着试一试的心态去的，结果感觉如果之前复习以下机器学习的话还有戏，唉。 1.快排； 2.SQL：流失率；还有一个是每天每个游戏充值最多的三个用户； 3.项目简单聊了一下，有点水，扯机器学习，面试官希望我深入阐述各种模型衡量标准，答得很一般，如果复习一下就好了； 最后面试官说我前面编程做得挺好，很诧异。 腾讯面试官挺好的，不用做自我介绍。,221,390601631,while(0),2019-04-22 12:14:04 UTC,2019-04-22 12:36:42 UTC,https://www.nowcoder.com/feed/main/detail/e170605a6d1a49e8be641107722ca2af,182214,uuid:e170605a6d1a49e8be641107722ca2af
www.nowcoder.com.har,数据分析面经,17,17,POST,contentData,207,250,353155481390751744,584c7a95d9d5443b8e724322fa0e6ec0,京东数据分析一面面经,运用数据分析，分析一下酒店的漏水情况。和面试官一来一往提出假设，具化问题， 分析讨论。 你有什么问题？ 你SQL怎么样？...记录一下菜菜的面经 时长：约40min 形式：一v一现场 先是聊了聊学校和专业 你学的这个专业，你认为对你影响最大，最大的成长或收获是什么呢？为什么？举个最近实际的例子？,148,438256605,Offer+++2019WWW,2019-09-18 14:47:37 UTC,2019-09-18 15:49:46 UTC,https://www.nowcoder.com/feed/main/detail/584c7a95d9d5443b8e724322fa0e6ec0,266388,uuid:584c7a95d9d5443b8e724322fa0e6ec0
www.nowcoder.com.har,数据分析面经,17,18,MOMENT,momentData,201,74,1770120,19f366611ac04fb2b8cc5400c19362d3,蔚来 数分实习面经,假如新上线了一个产品功能，怎样去分析这个产品功能的好坏？ 由于本人平时接触到的都是机器学习相关的，对业务上面的数据分析一窍不通，希望对大家有所帮助。...发面经，攒人品！ 先说结果：已凉 部门好像是智能座舱的 面试内容： 1. 了解蔚来吗？ 2. 简单介绍一下简历上的项目 3. 了解mysql吗？简单介绍一下常用的函数？怎样求窗口移动平均？ 4.,174,487914975,有1个不想去的offer,,2023-06-07 11:27:18 UTC,https://www.nowcoder.com/feed/main/detail/19f366611ac04fb2b8cc5400c19362d3,1770120,uuid:19f366611ac04fb2b8cc5400c19362d3
www.nowcoder.com.har,数据分析面经,17,19,POST,contentData,207,250,353159466432536576,906ba72ad523454990d34f346036f294,数据分析/数据建模面经,"中小厂很少很少有做数据分析的...数据相关： 项目中不平衡数据如何处理 项目中数据量的大小 项目中数据的特征介绍 什么是hard样本什么是easy样本 机器学习相关： Boosting 和 bagging的区别 决策树的分裂的计算（ID3...大厂数分没个985本硕或者同级别海外院校基本没戏，中小厂数据岗位吃经验基本不招应届生。建议，想找数分的不要来杭州！...好在哪里 RNN, LSTM, BERT的优缺点 梯度消失和梯度爆炸产生的原因 如何解决梯度消失和梯度爆炸 介绍一下推荐系统的算法（协同过滤，基于内容的推荐） 插一句，杭州除了大厂以外，",275,924962550,树蛙datatree,2022-04-01 14:46:01 UTC,2022-04-01 14:46:01 UTC,https://www.nowcoder.com/feed/main/detail/906ba72ad523454990d34f346036f294,921362,uuid:906ba72ad523454990d34f346036f294
www.nowcoder.com.har,数据分析面经,17,20,POST,contentData,207,250,353159020540272640,0bd0a2f3046249f385a246dfa36a3fe7,北京联通大数据开发与分析支持,求一下面经…还有待遇… 求求了，帮帮孩子吧…...这北京联通什么情况…突然给我发了个面试邀请，之前以为我电脑bug笔试没开摄像头直接挂了呢…而且搜进程大家都面试完了，就没在关注，结果突然给我发了面试邀请…,102,574582341,朗姆绿茶,2021-12-07 10:24:53 UTC,2021-12-07 10:24:53 UTC,https://www.nowcoder.com/feed/main/detail/0bd0a2f3046249f385a246dfa36a3fe7,818387,uuid:0bd0a2f3046249f385a246dfa36a3fe7
www.nowcoder.com.har,数据分析面经,18,1,POST,contentData,207,250,353147583751200768,95968a62f8c0407e98a5f70bf0c4a960,京东数据分析一面面经,你对数据分析哪方面感兴趣 听她的意思有bi组，模型研发组之类的 4你做数据分析优势在哪...感觉不同的面试官面试风格不一样 主要内容如下，二十分钟的样子 1自我介绍 2kaggle比赛 你做了哪些 3你的职业规划，,107,999997224,面经,2019-12-16 03:37:01 UTC,2019-12-22 06:05:26 UTC,https://www.nowcoder.com/feed/main/detail/95968a62f8c0407e98a5f70bf0c4a960,60934,uuid:95968a62f8c0407e98a5f70bf0c4a960
www.nowcoder.com.har,数据分析面经,18,2,POST,contentData,207,250,353158824569806848,eccb33b4ab6e4cf8a841893725d95905,老板电器 数据分析类 面经,"数据清洗问题很烦躁，如何在技术和心理上应对的...2v2,先后自我介绍之后就两个面试官各问各的了 现场有五六组在一个大厅里面试 1.万年不变自我介绍 2.挖项目 3.为什么不选择留在现在的实习公司 4.社团经历 5.",108,920243992,牛客920243992号,2021-10-27 08:55:02 UTC,2021-10-27 08:58:30 UTC,https://www.nowcoder.com/feed/main/detail/eccb33b4ab6e4cf8a841893725d95905,788651,uuid:eccb33b4ab6e4cf8a841893725d95905
www.nowcoder.com.har,数据分析面经,18,3,MOMENT,momentData,201,74,2037028,c84483e5eba0460a9e0aaa575ad848de,虎牙数分面经,要分析游戏数据吗...面试官说该岗还是要会一点算法，问我学过没 两道算法题，只用提供思路（应该是看我没咋学过 一个特征平方和为100的分类任务怎么解决 最有含金量的项目 为什么要用深度学习（而不是单层神经网络 反问：,108,522891932,风陵渡口初相遇,,2023-11-07 04:05:18 UTC,https://www.nowcoder.com/feed/main/detail/c84483e5eba0460a9e0aaa575ad848de,2037028,uuid:c84483e5eba0460a9e0aaa575ad848de
www.nowcoder.com.har,数据分析面经,18,4,POST,contentData,207,250,353159463005790208,1a5e206272954249a201d5221e97123a,柠檬微趣-数据分析,面经...要是不想真心实意招人早点说，之前我和hr沟通说的是先试下技术方向的数分，如果不行转业务的流程，结果这面结束两天后通知我选了另一个更合适的，我的流程终止并不能转，感情就一个hc啊😅 以下是别人记录的二面,105,142433517,牛客142433517号,2022-04-01 08:04:34 UTC,2022-04-01 17:24:02 UTC,https://www.nowcoder.com/feed/main/detail/1a5e206272954249a201d5221e97123a,920870,uuid:1a5e206272954249a201d5221e97123a
www.nowcoder.com.har,数据分析面经,18,5,POST,contentData,207,250,926155090849693696,29d0e30daa174c68be4ede900e5aa1cf,拼多多服务端开发秋招面经,写完以后分析复杂度...，怎么能立即读到 kafka怎么保证不丢数据 手撕1：设计数据结构，这个数据结构是一个标签组，包括七种不同的int标签，取值范围不同，两个是0——15，四个是0——200，一个是100——20000，要求这个数据结构尽量节省内存...分布式锁提前释放怎么办 redis内存淘汰策略，淘汰产生的内存碎片怎么处理 哨兵是什么，怎么选主 redis集群怎么计算命中哪个节点 集群操作时可能遇到什么问题，例如扩容时如果访问旧节点怎么办 es写入可以立即读到数据吗...缓存穿透，cache aside，怎么确定缓存过期时间应该是多少 进程线程协程区别，通信方式对比 三次握手、四次挥手 closewait特别多什么原因，怎么办 手撕：合并k个升序链表，每个长度m，,340,758252854,newnew寿喜烧,2026-09-06 08:49:41 UTC,2026-09-18 12:43:41 UTC,https://www.nowcoder.com/feed/main/detail/29d0e30daa174c68be4ede900e5aa1cf,1673534,uuid:29d0e30daa174c68be4ede900e5aa1cf
www.nowcoder.com.har,数据分析面经,18,6,POST,contentData,207,250,729772727254392832,bd8c94dd530746be901abbf0c010dc88,数据分析 - 联蔚数科 - 面经（已OC）,Hive 可视化看板 埋点工具 数据查询 数据量：上亿，需要对接沟通...这个项目的团队规模介绍一下 在数据部分，详细讲一下主要工作，在数据采集，处理等方面 这些工具是学校教的呢？还是自学 目前居住地 工作地点能接受吗 对加班怎么看？...你个人的发展方向 反问环节: 团队或者部门的主要工作 具体技术和工具：,155,100957974,糖醋_诗酒,2025-03-13 10:56:17 UTC,2025-03-13 10:56:17 UTC,https://www.nowcoder.com/feed/main/detail/bd8c94dd530746be901abbf0c010dc88,1469089,uuid:bd8c94dd530746be901abbf0c010dc88
www.nowcoder.com.har,数据分析面经,18,7,POST,contentData,207,250,353149883123179520,e2aa60065e864e808630f824b314709a,京东数据分析一面面经,招的还是数据分析。） 自我介绍。...数据倾斜原理和解决方案。 hive了解吗（不了解）。 机器学习算法有哪些，举例。 逻辑回归原理；逻辑函数是怎样的，优化目标是什么。 链表结构是怎样的；怎么进行链表排序；适合做什么操作。...（发的邮件岗位是产品运营，以为是调剂的，还搜了一些运营问题，结果进去后面试官说邮件发的有问题，,161,97981842,permanent1220,2021-10-26 14:09:40 UTC,2021-10-26 14:15:22 UTC,https://www.nowcoder.com/feed/main/detail/e2aa60065e864e808630f824b314709a,249374,uuid:e2aa60065e864e808630f824b314709a
www.nowcoder.com.har,数据分析面经,18,8,POST,contentData,207,250,602996206930784256,861b6c5946af4506a8309512f5bdf837,蚂蚁数据分析暑期实习面经｜数字金融,面经05[mark一下] |【蚂蚁数据分析暑期实习面经-一面】电话面试 1.面试官介绍工作内容 2.学得最好的一门课？对它有什么独特的理解？为什么会诞生这么一门课？,82,180590162,令人心动的O子,2024-03-28 14:51:39 UTC,2024-03-28 14:51:39 UTC,https://www.nowcoder.com/feed/main/detail/861b6c5946af4506a8309512f5bdf837,1275036,uuid:861b6c5946af4506a8309512f5bdf837
www.nowcoder.com.har,数据分析面经,18,9,MOMENT,momentData,201,74,1527094,631984c84ad641e09cf70eb592039889,数据分析和数据科学就业具体工作有什区别,这两个专业看课程设计数据分析是数据科学的一个子集对数学要求更高更深入一些，数据科学学的东西更广一些。...就业方面看企业招人分得也不是很清楚，有牛友能讲讲吗 #秋招# #校招# #面经#,93,304567003,牛客304567003号,,2022-10-27 12:00:45 UTC,https://www.nowcoder.com/feed/main/detail/631984c84ad641e09cf70eb592039889,1527094,uuid:631984c84ad641e09cf70eb592039889
www.nowcoder.com.har,数据分析面经,18,10,POST,contentData,207,250,353156386664161280,077a895160204d37994f85b9971edda9,求问这几家公司的数据岗开始面试了吗,微众数据分析、字节数据产品、富途数据分析、华为供应链、斗鱼数据分析、BIGO数据分析、欢聚时代数据分析属于个啥情况，没搜到有面经，都已经投递超过一个月了，到底是没开始还是已经挂了,89,218644038,牛客218644038号,2020-04-27 16:28:32 UTC,2020-04-28 03:22:15 UTC,https://www.nowcoder.com/feed/main/detail/077a895160204d37994f85b9971edda9,418935,uuid:077a895160204d37994f85b9971edda9
www.nowcoder.com.har,数据分析面经,18,11,POST,contentData,207,250,353159389576110080,0e6a0f77b7d0474ba276acd233b99d92,高途 社招 数据分析师面经,面完火速来整理问题 数据分析师（经分） 一面 （30min）3.22 第一部分 实习经历 1.自我介绍 2.实习项目介绍 3.根据项目深挖、各种提问 4.ab实验流程（因为项目里有ab实验） 第二部分...个人问题 1.工作时间等 2.之前的实习都用了什么分析工具 3.在高途希望工作内容是什么样的 第三部分 反问 问了一下工作内容 总结：小哥脾气非常好的样子，问的业务问题比较深。,191,381898803,超大只温柔怪兽,2022-03-22 07:33:45 UTC,2022-03-22 07:33:45 UTC,https://www.nowcoder.com/feed/main/detail/0e6a0f77b7d0474ba276acd233b99d92,870504,uuid:0e6a0f77b7d0474ba276acd233b99d92
www.nowcoder.com.har,数据分析面经,18,12,POST,contentData,207,250,353158946439503872,7075d976dd9d4124b2dc0534916cec22,海康威视数据分析,许愿offer，看面经说很多都挂在hr面。。。瑟瑟发抖。😰,29,182954359,牛客182954359号,2021-11-18 03:40:55 UTC,2021-11-18 03:40:55 UTC,https://www.nowcoder.com/feed/main/detail/7075d976dd9d4124b2dc0534916cec22,807427,uuid:7075d976dd9d4124b2dc0534916cec22
www.nowcoder.com.har,数据分析面经,18,13,POST,contentData,207,250,353147586376835072,0f37de5161ac4678886cf80f108c5701,龙湖数据分析二面面经,1.挖简历，挖项目，怎么想到这样做的 2.为什么想做数据分析师 3.挖自我评价，要有事实支撑 4.对龙湖有什么了解 5.你在项目中遇到过和别人的什么冲突，你怎么解决的 6.你做项目时遇到过什么困难 7.,101,999997224,面经,2019-12-16 04:35:10 UTC,2019-12-22 01:56:59 UTC,https://www.nowcoder.com/feed/main/detail/0f37de5161ac4678886cf80f108c5701,61189,uuid:0f37de5161ac4678886cf80f108c5701
www.nowcoder.com.har,数据分析面经,18,14,MOMENT,momentData,201,74,2701464,7bbc74c9ce394adea0f94e75387482f5,京东-数据分析-二面,📍面试公司：京东 💻面试岗位：数据分析 ❓面试问题： 1. 自我介绍 2. 简历内容提问 3. Hadoop的MapReduce在分布式节点计算时候出现的热节点是什么？ 4.... #发面经攒人品#,99,180590162,令人心动的O子,,2025-09-24 12:49:50 UTC,https://www.nowcoder.com/feed/main/detail/7bbc74c9ce394adea0f94e75387482f5,2701464,uuid:7bbc74c9ce394adea0f94e75387482f5
www.nowcoder.com.har,数据分析面经,18,15,POST,contentData,207,250,353157044830150656,83b3b2b29d9b43b59e5c4935ec176ad4,大华数据挖掘面经,不用shuffle分发到各个节点 统计分析怎么指导决策（热度。相关视频 在线怎么做flink做了什么 聊项目MMOE等 1、模型学习率波动大什么原因（数据，模型方面考虑。...，脏数据，数据清晰过程，模型参数，学习率等 2、为什么模型loss一开始下降，后面波动：学习率 3、为什么小模型学习率有时候从大到小调整，大模型从小到大 4、怎么训练一个大模型会好一点，,181,36125342,DoublefishGO,2020-09-23 07:48:16 UTC,2020-09-23 07:58:55 UTC,https://www.nowcoder.com/feed/main/detail/83b3b2b29d9b43b59e5c4935ec176ad4,522256,uuid:83b3b2b29d9b43b59e5c4935ec176ad4
www.nowcoder.com.har,数据分析面经,18,16,MOMENT,momentData,201,74,2015992,6beb11afda0942ddb19e52e5237ec050,23秋招面经：经纬恒润1面+数据分析,数据分析方向（具体岗位就不说了） 1、进行自我介绍 2、项目交流，国赛中负责的内容？ 3、国赛中的模型？模型的选择方法？...数据预处理采用的方法？模型的改进？组合模型的效果？……问了很多 4、数据库类型？正则表达式搜索？更新和删除的操作？排序检索操作？ 5、反问 #晒一晒我的offer# ... #24届软开秋招面试经验大赏# 面试形式：线上 岗位：,177,465944196,尧尧落后AAA,,2023-10-27 12:57:35 UTC,https://www.nowcoder.com/feed/main/detail/6beb11afda0942ddb19e52e5237ec050,2015992,uuid:6beb11afda0942ddb19e52e5237ec050
www.nowcoder.com.har,数据分析面经,18,17,POST,contentData,207,250,353158856450711552,e5ff2204353641fca38941a27c022300,趣加funplus战略分析面经,后面追问我国际商务到底是什么专业，论文写的什么，用什么数据分析，然后还有追不追星，你认为最近优秀的综艺人是谁以及爱不爱出门玩😂😂😂😂 面试一共只进行了11分钟🥶🥶 哈哈看来我是真的没有对游戏分析得很专业...偶然间看到某聘给我推送的校招信息，我就投了一下大概三天左右接到hr电话约面 一共有两个面试官，一位应该是hr，用韩语进行的面试，另一位应该是战略分析的leader，问了我对现在正在玩的游戏的看法。,202,448413999,一只焦虑的兔子,2021-11-01 12:28:34 UTC,2021-11-01 12:28:34 UTC,https://www.nowcoder.com/feed/main/detail/e5ff2204353641fca38941a27c022300,793708,uuid:e5ff2204353641fca38941a27c022300
www.nowcoder.com.har,数据分析面经,18,18,POST,contentData,207,250,353147584069967872,8e501755fb1545c495a1340bd872cd06,滴滴出行数据分析面经,时间：30分钟左右，视频面试 1.自我介绍 2.数据分析师和算法工程师的区别 3.用代驾这个业务构建一个用户画像，期望得到什么结论 4.介绍项目中的算法，如kmeans，dbscan，谱聚类，自编码网络,101,999997224,面经,2019-12-16 03:42:00 UTC,2019-12-22 05:52:13 UTC,https://www.nowcoder.com/feed/main/detail/8e501755fb1545c495a1340bd872cd06,60954,uuid:8e501755fb1545c495a1340bd872cd06
www.nowcoder.com.har,数据分析面经,18,19,POST,contentData,207,250,353159554059935744,fa489d246b8444ce97b0cc847a1a82a3,华为产品数据工程师实习一面面经,，可变与不可变数据类型，sql groupby作用 有没有使用过大数据方面的工具hadloop spark 视频软件有什么分析指标，说一下对用户行为分析的了解 对数据结构掌握到什么程度 总结一下你之前刷过的题...自我介绍，成绩排名，学过什么数据分析课程 数据分析的流程，使用什么工具 机器学习深度学习掌握到什么程度 逻辑回归的超参数调整，svm，决策树原理，模型评估方法 excel透视表，python内存管理，深浅复制,211,561914478,牛客561914478号,2022-04-16 05:11:24 UTC,2022-04-16 05:12:22 UTC,https://www.nowcoder.com/feed/main/detail/fa489d246b8444ce97b0cc847a1a82a3,933962,uuid:fa489d246b8444ce97b0cc847a1a82a3
www.nowcoder.com.har,数据分析面经,18,20,MOMENT,momentData,201,74,1827802,40d998af50f9437991334706c1970d82,快手数开面经,事务性事实表细分还能分什么 血缘分析组件，OLAP组件还用过什么 4. MR和Spark的shuffle， 5....了解其他最新大数据框架没 手撕2道sql 连续登陆7天的用户id 互相关注用户...问数仓项目，你在这个项目中负责什么，两个项目的数仓模型你觉得有什么区别 项目中是如何取数的，埋点是基于什么协议http，数据是直接存储到mysql中的吗（存储到本地再导入mysql） 3....数仓分层，为什么这么分，有什么好处，建模方式都有什么，有哪些事实表类型，,234,765083514,牛客765083514号,,2023-08-10 10:56:53 UTC,https://www.nowcoder.com/feed/main/detail/40d998af50f9437991334706c1970d82,1827802,uuid:40d998af50f9437991334706c1970d82
www.nowcoder.com.har,数据分析面经,19,1,MOMENT,momentData,201,74,1718597,492152af54c64dd9b069373cc8c35655,得物暑期风控数分面经,#暑期实习# #数据分析# 1.自我介绍 2.深挖实习经历(这点准备的不充分) 3.武汉有多少个理发店 反问 1.岗位相关工作 2.有哪些需要提高的地方(说他们一般不给面评) 15分钟就面完了,96,502760708,我不是图图12138,,2023-04-23 04:07:49 UTC,https://www.nowcoder.com/feed/main/detail/492152af54c64dd9b069373cc8c35655,1718597,uuid:492152af54c64dd9b069373cc8c35655
www.nowcoder.com.har,数据分析面经,19,2,MOMENT,momentData,201,74,857075,a6caf94a68984ef6ad7660d71a8df915,,#蚂蚁金服数据分析# #2021暑期实习# #群面模拟# 有暑期蚂蚁金服数据分析实习生的三面需要群面的吗，lz0群面经验，想找队友模拟下群面，欢迎随时滴滴我！,79,790437384,銀201809251951266,,2021-03-31 01:51:12 UTC,https://www.nowcoder.com/feed/main/detail/a6caf94a68984ef6ad7660d71a8df915,857075,uuid:a6caf94a68984ef6ad7660d71a8df915
www.nowcoder.com.har,数据分析面经,19,3,POST,contentData,207,250,353159317803180032,26ddc7e086fa4de7810c361473756aa6,思特奇大数据面经（已offer）,7.MapReduce数据倾斜发生在哪个阶段？ 二面（13分钟） 1.自我介绍 2.简单介绍一下项目 3.问职业规划 4.数据处理，数仓建模，数据分析，比较喜欢向哪个发展？ 5.想去哪个城市工作？...一面（34分钟） 1.自我介绍 2.项目介绍 3.数据仓库怎么搭建？应用场景：学生数据系统怎么搭 4.了解维度建模吗？ 5.数据倾斜怎么办？ 6.Kafka的工作流程了解吗？,188,553880101,内向的袋鼠在看数据,2022-03-11 12:50:07 UTC,2022-03-11 12:50:07 UTC,https://www.nowcoder.com/feed/main/detail/26ddc7e086fa4de7810c361473756aa6,860651,uuid:26ddc7e086fa4de7810c361473756aa6
www.nowcoder.com.har,数据分析面经,19,4,POST,contentData,207,250,353157233502527488,bcc87c0e74fb443ea18f550a4089f1e4,挖财 大数据平台开发 面经,hash方法不同对效率的影响 分析hash冲突解决方式的应用场景 分析堆快排的应用场景 mysql的索引结合sql说一下 b- b+ 树 一个类从点运行到运行出来都做了什么 spring 标注了注解或者配到,103,3625022,Incanus,2020-10-29 02:58:32 UTC,2020-10-29 10:59:51 UTC,https://www.nowcoder.com/feed/main/detail/bcc87c0e74fb443ea18f550a4089f1e4,552522,uuid:bcc87c0e74fb443ea18f550a4089f1e4
www.nowcoder.com.har,数据分析面经,19,5,POST,contentData,207,250,704258035471945728,71f06f60adb8471fbca0fc8cd9f45b72,小红书数据产品实习面经,6、如果负责一个数据产品项目，你会怎样规划前期的数据收集工作？ 7、面对大量的数据，你会采用哪些方法进行有效的数据分析？ 8、反问环节...1、简单介绍一下你自己 2、说说你使用过的一款产品，分析下它的功能，再讲讲优化建议。 3、简历里项目的目标用户群体是哪些，目前大概有多少用户在使用？,144,1030058913,_Ivory_Illusion,2025-01-02 01:10:00 UTC,2025-01-02 01:10:00 UTC,https://www.nowcoder.com/feed/main/detail/71f06f60adb8471fbca0fc8cd9f45b72,1449227,uuid:71f06f60adb8471fbca0fc8cd9f45b72
www.nowcoder.com.har,数据分析面经,19,6,POST,contentData,207,250,353147586309726208,fd3629d8f5574b06b16f4657659bce81,快手数据分析一二面面经,项目数据结构怎么设计的（不太懂这个问题） 5. 对互联网公司有什么理解 6. 对快手直播有什么理解 7. 拼多多电商VS. 快手电商。。。 面试官说等通知 虽然自己答的不好 但是面试官人都很好！,97,999997224,面经,2019-12-16 04:33:38 UTC,2019-12-22 01:58:14 UTC,https://www.nowcoder.com/feed/main/detail/fd3629d8f5574b06b16f4657659bce81,61183,uuid:fd3629d8f5574b06b16f4657659bce81
www.nowcoder.com.har,数据分析面经,19,7,POST,contentData,207,250,353148265069748224,1ed5133bb2fc4f5ab2f1e62fd895a64f,网易-数据分析一面面经,数据分析需要的品质...刚开始没收到面试链接爆哭啊后来耽搁了，面试官还说声音太散，以后记得戴耳机 1.自我介绍 2.讲一讲滴滴异动指标怎么拆维度的，怎么看是不是季节性因素 3.怎么确定是不是异常波动的（阈值，回归 4.讲一个最能代表你分析能力的专题...，最后的落地是什么，有没有看到实际提升效果 5.反问 （1）云音乐的组织架构 （2）,169,209166912,zerooooO,2020-08-15 05:28:20 UTC,2020-08-15 05:28:20 UTC,https://www.nowcoder.com/feed/main/detail/1ed5133bb2fc4f5ab2f1e62fd895a64f,117499,uuid:1ed5133bb2fc4f5ab2f1e62fd895a64f
www.nowcoder.com.har,数据分析面经,19,8,POST,contentData,207,250,729772422072668160,8066f1f221434be8844c0b5c48676a32,数据分析 - 灵狐科技 - 面经（已OC）,数据分析岗位的理解，在公司中有怎样的作用 讲一下你专业技能，性格契合岗位的点 讲一下可以提升或者欠缺的点 你有对数据分析领域哪方面感兴趣...面试流程： 请就以往工作经历做一下自我介绍 详细说一下电商平台这个项目 说一下对,111,100957974,糖醋_诗酒,2025-03-13 10:55:04 UTC,2025-03-13 10:55:04 UTC,https://www.nowcoder.com/feed/main/detail/8066f1f221434be8844c0b5c48676a32,1469086,uuid:8066f1f221434be8844c0b5c48676a32
www.nowcoder.com.har,数据分析面经,19,9,POST,contentData,207,250,785104656723607552,2639f885b14c40c4b60e69c1c00da416,小米数据产品实习一面面经,还问了一些AB测试和数据分析能力的问题 3.数据异常的来源有哪些 4.有跨部门合作案例吗 5.职业规划，认为自己做数据产品的个人优势...是日常实习，面试时长大概30min 1.自我介绍 2.实习经历拷打，,103,1030058912,_Mellow_Melody,2025-08-13 03:25:37 UTC,2025-08-13 03:25:37 UTC,https://www.nowcoder.com/feed/main/detail/2639f885b14c40c4b60e69c1c00da416,1534054,uuid:2639f885b14c40c4b60e69c1c00da416
www.nowcoder.com.har,数据分析面经,19,10,MOMENT,momentData,201,74,1510092,920b67e70e0e438a82132689cad41ebe,如何从零学习业务题,rt，没在互联网实习过，看了很多面经感觉自己对很多业务题毫无思路，请问有推荐的学习途径嘛 #面经# #数据分析# #数据分析师#,64,182059463,_南有乔木_,,2022-10-16 21:59:25 UTC,https://www.nowcoder.com/feed/main/detail/920b67e70e0e438a82132689cad41ebe,1510092,uuid:920b67e70e0e438a82132689cad41ebe
www.nowcoder.com.har,数据分析面经,19,11,POST,contentData,207,250,573623906314027008,a5890ccbae8f4391babe9b28003bbc6e,蔚来——数据分析实习，一面经验,数据的准确性 非常轻松愉悦的一次面试[喝可乐] 期待二面[诶嘿]...问题： 自我介绍 简历上指标选取原则 优缺点 对实习的期待 常用的sql聚合函数 项目落地的措施和策略 怎么保证,91,633558933,花开富贵633,2024-01-07 13:36:37 UTC,2024-01-07 13:36:37 UTC,https://www.nowcoder.com/feed/main/detail/a5890ccbae8f4391babe9b28003bbc6e,1248536,uuid:a5890ccbae8f4391babe9b28003bbc6e
www.nowcoder.com.har,数据分析面经,19,12,MOMENT,momentData,201,74,1958320,e206472ef66342dca6af52238369c7ce,昇维旭二面面经,对数据分析的敏感程度 4.对我们公司了解？制程品质保证了解？...1.常规自我介绍 2.就我的实习经历（pie）问了主要工作内容，具体负责部分，收获 3.硕士课题内容，衍生：,87,6751987,都在高贵什么,,2023-10-08 12:23:59 UTC,https://www.nowcoder.com/feed/main/detail/e206472ef66342dca6af52238369c7ce,1958320,uuid:e206472ef66342dca6af52238369c7ce
www.nowcoder.com.har,数据分析面经,19,13,POST,contentData,207,250,353157771027750912,c475fa5e35764a32a8b23d1e5bdcdda1,美团测开面经,分析浏览器显示不出画面 6.熟悉啥数据库？...面了1个小时18分钟 1.面试官介绍了他们的业务 2.http/https 3.cookie/session 4.状态码 5.,87,324508814,许愿offer多多呀,2021-04-06 13:25:02 UTC,2021-04-20 13:47:34 UTC,https://www.nowcoder.com/feed/main/detail/c475fa5e35764a32a8b23d1e5bdcdda1,633359,uuid:c475fa5e35764a32a8b23d1e5bdcdda1
www.nowcoder.com.har,数据分析面经,19,14,MOMENT,momentData,201,74,2614713,a3a17e957def45c99e60b17c800f1770,求助韶音数分面经,是分析物流，库存周转数据这种嘛，有无面试过的同学，体验如何...投递的信息化，约面的是数分，都是供应链方向，想了解这里的数分具体是做什么的，,70,300250586,walta,,2025-06-05 18:17:21 UTC,https://www.nowcoder.com/feed/main/detail/a3a17e957def45c99e60b17c800f1770,2614713,uuid:a3a17e957def45c99e60b17c800f1770
www.nowcoder.com.har,数据分析面经,19,15,POST,contentData,207,250,633014845876490240,ea03f26e09794507815afb5bed7e7084,滴滴两轮车数据运营面经,请详细讲一条关于数据分析的实习或项目经历 ①使用了哪些数据分析的方法、工具以及如何实现 ②你的数据分析结果带给你们项目业务提升多少绩效...(转化率、留存率、访问) 4.思考如何分析共享单车数据指标 5.共享交通政策监管渐紧对共享单车行业是利是弊 6.使用开窗函数去重的思路是(只讲方法和函数) 7.最后是未来职业规划，以及为什么选择数据运营而非开发和产品...一面 业务面 1.是否使用过青桔单车，简述特点 2.什么是 a/b test，它的优缺点有哪些 3.深挖简历:,236,1030056721,梦旅奇缘,2024-06-19 10:55:00 UTC,2024-06-19 10:55:00 UTC,https://www.nowcoder.com/feed/main/detail/ea03f26e09794507815afb5bed7e7084,1320426,uuid:ea03f26e09794507815afb5bed7e7084
www.nowcoder.com.har,数据分析面经,19,16,POST,contentData,207,250,923722092887937024,ea930feda67945de97191309b1f92495,阿里面经-阿里数据开发与数据分析岗面经-02,说说你的优缺点，后续往哪个地方改进 大数据未来的趋势是往哪方面靠，你后续对于大数据的技术有啥想法 来了阿里之后一直想做数据开发吗，后续想过转方向吗 面经 02 面试岗位：大数据开发 ｜ 面试时间：2025...面经 01 面试岗位：数据开发 ｜ 面试时间：2025 年 9 月 4 日 简单介绍自己 离职原因是啥，为啥想来阿里 对于你来说想从阿里获取什么，对于今后有啥规划 你认为数据岗位如何能体现你的价值，你是容易被取代的吗...，阿里和别的公司比较有啥好处和不好的地方 面经 03 面试岗位：数据研发 ｜ 面试时间：2025 年 5 月 31 日 分享一个有成就感的项目，解决的问题，最终拿到的价值，同时数据架构的方案，遇到的困难点...Kafka 延迟该怎么处理，并行度和资源该怎么分配可以做到不浪费也不会影响任务的产出 你觉得自己在数据开发方面有哪些优点，平时是怎么表示出来的 你为什么要离职来阿里 面经 05 面试岗位：数据研发 ｜...MR 运行中，map 数和 reduce 数怎么确定的 Storm，实时和 python 了解程度 怎么理解数仓架构 英语水平 面经 04 面试岗位：大数据开发 ｜ 面试时间：2025 年 5 月 10,525,646661816,林小白zii,2026-08-30 15:41:49 UTC,2026-08-30 15:41:49 UTC,https://www.nowcoder.com/feed/main/detail/ea930feda67945de97191309b1f92495,1671615,uuid:ea930feda67945de97191309b1f92495
www.nowcoder.com.har,数据分析面经,19,17,MOMENT,momentData,201,74,1513793,b9d57616f36c496bbccc8daece5ae7f4,陕西联通面经,用的数据分析工具是什么 Python用过哪些库(无深究) 反问 我:这个岗位招多少人？...自我介绍 身高(后来的一个面试官又问了一次) 如果调剂去产品设计等岗位愿不愿意 (项目),90,4741017,真真11414,,2022-10-19 03:21:10 UTC,https://www.nowcoder.com/feed/main/detail/b9d57616f36c496bbccc8daece5ae7f4,1513793,uuid:b9d57616f36c496bbccc8daece5ae7f4
www.nowcoder.com.har,数据分析面经,19,18,POST,contentData,207,250,624689335610204160,0ff569144ca24cbdb4585a1971679132,大疆运营岗面经,6、你觉得应该关注哪些数据？为什么？ 7、你的这个作品是否有几率成为爆款的数据分析的依据和来源分别是？ 8、反问,56,1030053268,钢弹战士,2024-05-27 11:32:24 UTC,2024-05-27 11:32:24 UTC,https://www.nowcoder.com/feed/main/detail/0ff569144ca24cbdb4585a1971679132,1311980,uuid:0ff569144ca24cbdb4585a1971679132
www.nowcoder.com.har,数据分析面经,19,19,MOMENT,momentData,201,74,2207873,06a15a55a4c6490eaa15b3c992df6ac0,蹲蹲这个岗位的面经,第一次找数据类实习…感觉根本摸不着头脑[笑cry] #找实习多的是你不知道的事# #数据分析#,47,210211125,向光而行的小熊猫很想奋斗,,2024-04-22 17:49:15 UTC,https://www.nowcoder.com/feed/main/detail/06a15a55a4c6490eaa15b3c992df6ac0,2207873,uuid:06a15a55a4c6490eaa15b3c992df6ac0
www.nowcoder.com.har,数据分析面经,19,20,MOMENT,momentData,201,74,2729057,ec5b8f4e8336467a909ea4424b9e96a9,携程数分一面面经,3、**涉及多市场，你怎么处理不同国家用户数据的差异？ 4、怎么判断异常是正常波动还是业务策略导致?异动分析的分析流程？ 5、你对携程的业务了解吗？比如旅游、酒店、机票等，有什么想法？...如何用Spark处理大规模数据？遇到过性能问题吗？ 9、base地偏好？ 10、反问,137,673260591,VolpeBianca,,2025-10-28 22:53:04 UTC,https://www.nowcoder.com/feed/main/detail/ec5b8f4e8336467a909ea4424b9e96a9,2729057,uuid:ec5b8f4e8336467a909ea4424b9e96a9
www.nowcoder.com.har,数据分析面经,20,1,POST,contentData,207,250,414786229289463808,2ee0148af1f24113b5552ef6bfdbea83,浙商银行面经,分析 堆的分区 GCRoot G1垃圾回收器 索引的数据结构 B+树和B树的不同 线程的通信方式 10.12 已提交材料 求好运...先是发小视频自我介绍 9.28 20min jvm内存模型 元空间 可达性,104,812449422,想回家的茶叶蛋ssp到手了,2022-10-26 06:12:23 UTC,2022-10-26 06:12:23 UTC,https://www.nowcoder.com/feed/main/detail/2ee0148af1f24113b5552ef6bfdbea83,1085431,uuid:2ee0148af1f24113b5552ef6bfdbea83
www.nowcoder.com.har,数据分析面经,20,2,MOMENT,momentData,201,74,2718195,7a404e59f26749be9d772bb72b3ceac9,百度大模型算法面经,如何分析训练结果并改进训练数据的构造方式？ 多模态的DPO的训练是如何做的，如果构造数据？,45,819303711,Shiny_Luck,,2025-10-17 03:15:00 UTC,https://www.nowcoder.com/feed/main/detail/7a404e59f26749be9d772bb72b3ceac9,2718195,uuid:7a404e59f26749be9d772bb72b3ceac9
www.nowcoder.com.har,数据分析面经,20,3,POST,contentData,207,250,353156487918854144,bfe72a917c4045c88898be501a86afc8,【已offer】滴滴数分面经,🙏🙏🙏🙏🙏 数据分析岗，面了三面，zoom面试 一二面的内容都差不多，第三面应该是主管面没有问SQL，更注重岗位相关的匹配问题，如未来职业规划，专业学习课程相关的问题。...简历项目中用到的算法原理 【还愿】：神奇的是被同一个部门的大数据开发收了！...1️⃣简单SQL题目2️⃣统计学基础知识（置信水平、置信区间的含义；中心极限定理；条件概率计算题目；假设检验；方差分析）3️⃣实际业务分析问题（订单量or留存率下降怎么分析；AB测试相关应用问题）4️⃣,228,873860745,收到offer回馈🐮！,2020-06-02 12:43:42 UTC,2020-06-11 14:29:58 UTC,https://www.nowcoder.com/feed/main/detail/bfe72a917c4045c88898be501a86afc8,435222,uuid:bfe72a917c4045c88898be501a86afc8
www.nowcoder.com.har,数据分析面经,20,4,MOMENT,momentData,201,74,2841377,12903d6a6f664c66a908af91bda0ad88,快手广告策略产品 -- 一面面经,1、自我介绍 2、你平时会用哪些数据分析的软件，做一些什么类型的数据分析 3、SQL会用吗，能力如何，平时会用SQL写一些复杂的语句吗 4、聊一下上段实习 5、自己最大的优点和缺点 6、当前Base地在哪...可以实习多久 7、LEFT JOIN 和 INNER JOIN的区别，什么时候会用到LEFT JOIN 8、地理位置在北京，能接受吗 9、反问 #发面经攒人品#,185,894871673,W1uSeven7,,2026-04-23 13:11:40 UTC,https://www.nowcoder.com/feed/main/detail/12903d6a6f664c66a908af91bda0ad88,2841377,uuid:12903d6a6f664c66a908af91bda0ad88
www.nowcoder.com.har,数据分析面经,20,5,MOMENT,momentData,201,74,1554270,56e4ff148aba4b01be2bb0e17d82a707,交通银行江苏省分行面经,岗位：金融科技-数据分析 / IT 一面：群面多对多，自我介绍，一个结构化问题over 终面：群面多对多，自我介绍，然后就说没有数据分析这个岗位，offer签的是支行网点的前台业务岗，如果在业务表现好balabala...呵呵 下一届不想做业务只想做后台的同学们注意了哈 #秋招# #银行# #面经#,150,529111498,牛客529111498号,,2022-11-19 11:01:12 UTC,https://www.nowcoder.com/feed/main/detail/56e4ff148aba4b01be2bb0e17d82a707,1554270,uuid:56e4ff148aba4b01be2bb0e17d82a707
www.nowcoder.com.har,数据分析面经,20,6,MOMENT,momentData,201,74,2761978,9d8c946b023a4b68b5ffe373b17562ab,搜狐实习面经,有数据分析基础 3️⃣周报别糊弄！leader真的会逐字看👀 4️⃣茶水间有免费咖啡☕️，续命神器get！...📌干货时间： 1️⃣我的岗位是有电脑的，可以不用自带电脑上班啦 2️⃣提前学好sql、,99,144556599,风度翩翩的茶叶蛋很有胆量,,2025-12-08 02:20:55 UTC,https://www.nowcoder.com/feed/main/detail/9d8c946b023a4b68b5ffe373b17562ab,2761978,uuid:9d8c946b023a4b68b5ffe373b17562ab
www.nowcoder.com.har,数据分析面经,20,7,MOMENT,momentData,201,74,2717239,82fb4ce3faa3460bb1b7d1860cd4eff1,得物国际商家履约运营面经,4 我看简历上有提到数据分析能力，能具体说说主要的一些数据分析场景？有无方法论？ 5 UI设计优化这一部分你在里面的case是什么？具体负责什么，都解决了什么问题？ 6 对国际商家履约业务有了解吗？,99,1030058946,DaisyBreeze,,2025-10-16 07:03:18 UTC,https://www.nowcoder.com/feed/main/detail/82fb4ce3faa3460bb1b7d1860cd4eff1,2717239,uuid:82fb4ce3faa3460bb1b7d1860cd4eff1
www.nowcoder.com.har,数据分析面经,20,8,MOMENT,momentData,201,74,2710214,b8498e8221b14aaabc07490a6a5524c7,阿里智能信息后端开发面经,5.你项目中的数据分析平台在未来要如何在功能上进行拓展？ 6.从用户方面来看，你的数据分析平台目前有哪些比较重要的问题？ 7.业界目前的解决方案是什么？在整个调用链路上面有区别吗？...10.找到10亿个数中的topK用什么数据结构？,117,600094338,Orin,,2025-10-09 10:40:59 UTC,https://www.nowcoder.com/feed/main/detail/b8498e8221b14aaabc07490a6a5524c7,2710214,uuid:b8498e8221b14aaabc07490a6a5524c7
www.nowcoder.com.har,数据分析面经,20,9,POST,contentData,207,250,353157288741511168,d37ba8e11e8b4732b22b837e13bc5326,工行软开杭研面经,更新一下进度 数据分析岗居然有二面，并且有30➕人，不知道面试会问啥，再许个愿叭🙏 ———————————————— 岗位：大数据研发 自我介绍 学历问题（楼主留学生，为什么现在在国内，哪个学院的）,99,671991550,牛客671991550号,2020-11-05 02:33:06 UTC,2020-11-11 10:17:16 UTC,https://www.nowcoder.com/feed/main/detail/d37ba8e11e8b4732b22b837e13bc5326,558032,uuid:d37ba8e11e8b4732b22b837e13bc5326
www.nowcoder.com.har,数据分析面经,20,10,MOMENT,momentData,201,74,2418564,d6fb8d3e91cb4baf881a99b3610dc29b,分享字节实习生面经,废了] #字节面经# #数仓面试# #数据分析面试# ...秋招投了快一个月都不给机会，实习一投就来面试了，上来就字节属实吓到自己了[掉小珍珠了] DDC数据科学实习岗（base 上海） 两轮面试时间2024.10.11和10.12 目前还没收到后续通知，难绷[,131,131770524,REBE0304,,2024-10-13 04:34:56 UTC,https://www.nowcoder.com/feed/main/detail/d6fb8d3e91cb4baf881a99b3610dc29b,2418564,uuid:d6fb8d3e91cb4baf881a99b3610dc29b
www.nowcoder.com.har,数据分析面经,20,11,MOMENT,momentData,201,74,2727179,60dc62849c724da29f80a2f8f59d644b,字节抖音搜索数分三面面经,提前准备好一份数据分析报告 1. 自我介绍 2. 讲解数据分析报告 3. 报告里给到业务的建议，哪些是被采纳的，哪些是未被采纳的？不被采纳的原因有哪些？...聊下来感觉比较看重候选人的业务视角，注重数据分析思路以及给业务建议的能力。,116,900378930,B34st,,2025-10-26 14:55:00 UTC,https://www.nowcoder.com/feed/main/detail/60dc62849c724da29f80a2f8f59d644b,2727179,uuid:60dc62849c724da29f80a2f8f59d644b
www.nowcoder.com.har,数据分析面经,20,12,POST,contentData,207,250,353154840320745472,70a06dc97af34f48a5039567e878f018,苏州同程艺龙的面经 实习(Java),然后我开始扯JVM，内存布局、GC、逃逸分析什么的说了一些...你对集合了解多少 讲一下HashMap HashSet是如何set的 线程的状态 你了解JUC吗 static代码块顺序问题 你了解数据库的底层吗(扯了一些数据库底层的东西) 你觉得你还有什么擅长的?,132,9082126,某某橙,2019-02-26 07:17:07 UTC,2019-02-26 07:20:25 UTC,https://www.nowcoder.com/feed/main/detail/70a06dc97af34f48a5039567e878f018,156277,uuid:70a06dc97af34f48a5039567e878f018
www.nowcoder.com.har,数据分析面经,20,13,POST,contentData,207,250,695687814205145088,5107a4f8566c4e628fc9cdb76816a647,银联市场运营面经,你数据分析的能力怎么样？,12,1030057669,你月佥好大哦,2024-12-09 09:35:00 UTC,2024-12-09 09:35:00 UTC,https://www.nowcoder.com/feed/main/detail/5107a4f8566c4e628fc9cdb76816a647,1445407,uuid:5107a4f8566c4e628fc9cdb76816a647
www.nowcoder.com.har,数据分析面经,20,14,POST,contentData,207,250,488021103789559808,3d98d6710179481c828cca4f010ab0a4,滴滴数据运营实习笔面经,你为什么要做xx数据报表？你是怎么做这个数据报表的？ 4.你为什么会判断xx指标是异常的？...笔试： 1.excel：找最大值、漏斗分析、投产比计算等等，sumifs、vlookup基本都考了。 2.sql：比较简单，除了基础的where只用到了groupby和having。...面试： 1.自我介绍 2.给我介绍一段你觉得自己做的最好的实习吧 3.在这段实习中，,184,1030048931,荆野,2023-05-16 08:21:38 UTC,2023-05-16 08:21:38 UTC,https://www.nowcoder.com/feed/main/detail/3d98d6710179481c828cca4f010ab0a4,1158798,uuid:3d98d6710179481c828cca4f010ab0a4
www.nowcoder.com.har,数据分析面经,20,15,POST,contentData,207,250,796735834719289344,d746bd1d0d874106971447d3381ebada,欢聚时代数据运营面经,8.excel的使用情况 9.如何理解数据分析师的角色? 10.为什么想做数据分析 11.介绍了部门要做的业务和日常实习工作 12.反问...1.自我介绍 2.介绍过往实习经历，主要工作，有什么收获，有没有和数据分析相关的。 3.表连接的几种方式的区别? 4.如果是纵向连接要怎么连?,142,846666243,Bronzo_Marrone,2025-09-14 05:43:46 UTC,2025-09-14 05:43:46 UTC,https://www.nowcoder.com/feed/main/detail/d746bd1d0d874106971447d3381ebada,1554219,uuid:d746bd1d0d874106971447d3381ebada
www.nowcoder.com.har,数据分析面经,20,16,POST,contentData,207,250,792380836271181824,cdac4673653646179c064b8737de880b,滴滴运营面经,扣车项目中怎么用到数据分析。 5.扣车项目中有没有涉及到策略相关 6.车辆调度的策略。 7.中台没有明确的目标，是怎么看待的。...3.目前公司策略岗位的组织架构，个人的工作职责范围 4.,94,873728676,Ansel,2025-09-02 05:18:33 UTC,2025-09-02 05:18:33 UTC,https://www.nowcoder.com/feed/main/detail/cdac4673653646179c064b8737de880b,1546101,uuid:cdac4673653646179c064b8737de880b
www.nowcoder.com.har,数据分析面经,20,17,POST,contentData,207,250,677209607026081792,30190196aed644f891d3c510756241f4,招联金融 数据开发 面经,"数据开发都是怎么做的？ 登陆量以前都是百万级，某一天只有90%,怎么分析？ 通知我下午2面 10.19 终面 自我介绍 参与感最多的实习项目，缺失值怎么处理 过拟合怎么办？...10.15 笔试 题目都是牛客的，三个部分，第一部分是选择题，第二部分sql的修改，第三部分简单的python 10.19早上一面 自我介绍 拷打实习 数据从哪收集 python用了哪些函数？",185,754658159,牛客754658159号,2024-10-19 09:49:12 UTC,2024-10-19 09:49:12 UTC,https://www.nowcoder.com/feed/main/detail/30190196aed644f891d3c510756241f4,1421384,uuid:30190196aed644f891d3c510756241f4
www.nowcoder.com.har,数据分析面经,20,18,POST,contentData,207,250,635490075576418304,db711a145e4a4939b2a08800a2304b20,快手数据产品经理一面面经,岗位是快手数据产品经理，一面是同事面，乖乖泡池子啦[拜拜] 自我介绍 指标体系构建方法考察 数据可视化的了解 数据面板的搭建 基于case：XXX指标 XXX数据如何分析 对数据产品经理的了解,96,1030056479,beep*0318,2024-06-26 06:50:41 UTC,2024-06-26 06:50:41 UTC,https://www.nowcoder.com/feed/main/detail/db711a145e4a4939b2a08800a2304b20,1323202,uuid:db711a145e4a4939b2a08800a2304b20
www.nowcoder.com.har,数据分析面经,20,19,POST,contentData,207,250,627888757827448832,7125da3bc5f04a6bacb60f2effcbf8e6,小红书金融风控面经,风控数据分析，30min 1、自我介绍 2、为什么想来投这个岗，如何看待该行业发展 3、对风控的理解 4、如何识别风险 5、无监督的方法，会考虑哪些指标 6、行为序列数据量过大跑不动怎么办 7、sql水平,102,1030048727,sweep^0416,2024-06-05 07:25:45 UTC,2024-06-05 07:25:45 UTC,https://www.nowcoder.com/feed/main/detail/7125da3bc5f04a6bacb60f2effcbf8e6,1315693,uuid:7125da3bc5f04a6bacb60f2effcbf8e6
www.nowcoder.com.har,数据分析面经,20,20,POST,contentData,207,250,668551506085302272,21ec626be1694d159162647dba827793,好未来运营实习面经分享,如何进行直播运营及数据分析。,14,1030057622,笨蛋无需搭理,2024-09-25 12:25:00 UTC,2024-09-25 12:25:00 UTC,https://www.nowcoder.com/feed/main/detail/21ec626be1694d159162647dba827793,1396725,uuid:21ec626be1694d159162647dba827793
