keyword,subreddit,title,text,date,score,url
business analyst interview experience,analytics,3+ YOE Data Analyst barely getting interview calls — what am I missing?,"Looking for honest feedback, especially from recruiters/hiring managers in India.

**Profile:**  
3+ YOE | Manufacturing BI/Data Analytics  
Power BI, DAX, Power Query, SQL  
Pentaho ETL, SQL Server, Infor LN ERP  
Microsoft Fabric ( learning )  
Star/Snowflake modelling, RLS  
Power BI reports across 3 companies ( 2 sub companies)

100+ stakeholders, 6 business functions

End-to-end ERP → Data Lake → ETL → SQL → Power BI experience

B.E. Mechanical + PG Diploma in Big Data Analytics (CDAC)

**Location:** Gujarat  
**Target:** Data Analyst / BI Analyst / Power BI roles  
**Open to:** Bangalore, Hyderabad, Pune, Mumbai, Remote

**Current Package** : 4.7 LPA  
**Expected:** \~₹10–12 LPA

Despite relevant experience, I’m getting very few interview calls.  
**What am I doing wrong?**  
Is it my resume/positioning, skillset, target salary, location, role selection, ATS, or something else?  
Resume attached.

**Please be brutally honest — what would make you skip/reject this profile?**",2026-09-18,32,https://www.reddit.com/r/analytics/comments/1wjp3le/3_yoe_data_analyst_barely_getting_interview_calls/
business analyst interview experience,analytics,1.7 years of Data Analyst experience + 2.5-year career gap. How can I get back into the industry?,"Hi everyone,

I have **1.7 years of experience as a Business/Data Analyst**. After leaving my job, I had a **2.5-year career gap** due to preparation for competitive government exams. Now I've decided to return to data analytics, but I'm struggling to get interview calls.

Over the last few months, I've been working on upskilling and building my portfolio. I've completed:

* FP20 Power BI Challenge
* Quantium Data Analytics Virtual Experience (Forage)
* Tata Data Visualisation (Forage)
* End-to-end retail analytics projects using **SQL, Power BI, and Python**

I've updated my resume, LinkedIn, and GitHub, and I'm applying for jobs daily, but I'm still not getting many interview calls. I feel the career gap is the biggest reason.

I'm also planning to prepare for the **Microsoft DP-600 (Fabric Analytics Engineer)** certification.

My questions are:

1. Is DP-600 a good choice, or should I focus on something else first?
2. What else can I do to improve my chances of getting interview calls despite the career gap?
3. Has anyone here successfully returned to data analytics after a long gap? I'd really appreciate hearing your experience.

Any advice would be greatly appreciated. Thanks in advance!",2026-07-29,60,https://www.reddit.com/r/analytics/comments/1v9n28v/17_years_of_data_analyst_experience_25year_career/
business analyst interview experience,analytics,Data Analyst interview process — how many rounds & what questions?,"Hi all,

I’m preparing for switch to Data Analyst roles (2 YOE) and wanted to hear from those who’ve been through interviews recently:

* How many rounds did you go through?
* What types (SQL, case study, take-home, business/behavioral, etc.)?
* Any sample questions you remember?

Would love to hear experiences :)",2025-08-18,13,https://www.reddit.com/r/analytics/comments/1mtiwky/data_analyst_interview_process_how_many_rounds/
business analyst interview experience,analytics,Recent interviews experience,"
I’m seeking some guidance regarding my job search in the tech field. I have five years of experience as a Data Coordinator and Business Intelligence Analyst, and my relevant tech stack includes SQL, Power BI, coding, stakeholder management, data validation, QA automation also domain knowledge including in supply chain management, healthcare management (insurance claims), non profits organization 

Here's a brief overview of my recent interview process:

1. **Round 1:** Phone interview
2. **Round 2:** Take-home assessment/data project focused on analysis and strategic recommendations
3. **Round 3:** Coding assessment (cleared)
4. **Round 4:** Team interview
5. **Round 5:** Final interview with the director

After completing all these rounds, I sent a thank-you email that conveyed assertiveness without sounding desperate. I also negotiated for a salary at the lower end of the spectrum.

Despite this effort, I have faced repeated rejections. I have experienced a similar situation with other companies, going through up to five final rounds without receiving any offers. To date, I have submitted around 800 applications, participated in 8 interviews, and reached the final rounds in 5 instances, yet I have not received any offers.

I am beginning to wonder if I am genuinely qualified for these roles or if there are other factors at play that might be affecting my chances. I am open to hybrid or remote work arrangements.

I would greatly appreciate any suggestions on how to improve my chances of receiving a job offer.",2025-03-04,10,https://www.reddit.com/r/analytics/comments/1j3ntd5/recent_interviews_experience/
business analyst interview experience,analytics,Im looking for a professional in the field to do a mock interview that can help others through business analytics day to day deliverables. Does anyone know who i can reach out to with experience or cache in a major role?,"Hi, im lookkng to start a series where i tackle typical analytics jobs in a fun and i think exciting way wiyh various challenges attached but i need persons from the industry or business owners to interview. Are you or anyone you know up for a short interview tutorial or walkthrough of work deliverables as an analyst?",2025-03-02,8,https://www.reddit.com/r/analytics/comments/1j1xa67/im_looking_for_a_professional_in_the_field_to_do/
business analyst interview experience,analytics,supply chain to business analyst? how to make resume better w/o business analyst experience? ,"hello. i’m a senior in college, majoring in supply chain. I have experience analyzing supplier lead times, and performing cost and category analysis in excel from internship. i also have  tableau experience through a class project. I would like to be a business analyst but my major did not teach me the hard skills needed for it. SCM is an analytical field, which could maybe help me transition into the field. I would like to get a certificate (not sure which one) and create a portfolio that I can submit alongside my resume as a supplemental. do u think this would benefit in getting interview or making me a more competitive applicant or no? what are some ways i can improve my resume to increase chance of landing business analyst role? Ik there are supply chain analysts, but i still do not have enough technical experience and knowledge for these roles (most require Power BI and SQL, and sometimes coding languages). I’m looking at general business analyst roles and pricing analysts. let me know :) i know it’s unlikely I get a role like this anytime soon, but I wanted to ask ",2024-12-14,3,https://www.reddit.com/r/analytics/comments/1he0rap/supply_chain_to_business_analyst_how_to_make/
business analyst interview experience,analytics,landed my first analyst role interview. Am I in over my head?,"Hi y'all. I currently work in account management and have been trying to get out of sales/customer service field and into analytics. My background is mostly in customer service/sales. I am currently progressing through the Google Data Analytics Professional Certificate and am about halfway finished.

 Last month I set up a networking meeting with a senior manager in another department of my current company. Earlier this week he sent me over a job listing for another team within his department. I applied and got an interview. I'm very excited for the opportunity but I also think I may be in over my head.

 It is a senior analyst role (I've been advised it is somewhat like a business analyst role). Now that the excited has settled and I'm preparing myself for the interview I am starting to feel overwhelmed. My only real experience in the field is my coursework that I have not even completed yet. 

I've taken the time to go through our org chart and have compared my own work history to that of others in similar roles within my company and some do come from non-analyst roles but they have other qualifications that I am lacking. 

I feel it is safe to assume the person I networked with has put in a good word for me as I don't think my resume alone would have gotten me an interview. Although I greatly appreciate his efforts I'd hate to embarrass myself and him by bombing this interview. Should I continue or withdraw my application? ",2023-07-02,18,https://www.reddit.com/r/analytics/comments/14oadsx/landed_my_first_analyst_role_interview_am_i_in/
business analyst interview experience,analytics,How are you all finding jobs in US,"I just got an offer for data analyst position at a non profit and it doesn’t pay the best (70k a year).

I have 1 year of program coordinator experience and 8 months of data analytics internship experience with masters in business analytics from a CA state university. 

I see a lot of you guys are going into roles that are paying 100k plus right after doing MSBA. idk if you all are lying or what it is? 

I barely got any interviews but the ones I got was for data management coordinator and operations coordinator that paid even less than the data analyst role. 

This is after applying for over 700 jobs, tailored applications using jobright ai   
Job boards I used: hiring cafe, LinkedIn, indeed, Google jobs. 

Maybe I am doing something wrong or what? ",2026-09-18,44,https://www.reddit.com/r/analytics/comments/1wjhqgm/how_are_you_all_finding_jobs_in_us/
business analyst interview experience,analytics,How do I prepare for an Analytics interview with 7 years of experience?,"I've 7 years of experience working as a Business Analyst with my current job with 2 YOE in e-commerce. I want to explore new opportunities and have to prepare myself on various skills which were learned and lost in course of the last 7 years, but I'm feeling scared about prepping myself and constantly feeling like an imposter who knows nothing about this field with my junior analysts knowing far more than myself.  
I want to push myself out of this fear and want to prepare for exploring new opportunities. What are the different skills (technical/business) where I should focus on strengthening myself? which would help me interview for analytics/consulting roles for 7 YOE.

  
TIA",2023-03-04,2,https://www.reddit.com/r/analytics/comments/11hyjv6/how_do_i_prepare_for_an_analytics_interview_with/
business analyst interview experience,analytics,My career change is official as of today. From Social Worker to Data Analyst,"Applied to about 35 jobs. 
Interviewed 6 places
Got 1 offer. 

My career change started in 2019 when I went back to school for Business Analytics. When I first went back I felt inadequate in my first few semesters but by the end I felt more confident than ever. The job I have been working isn't data related at all so in order to make it look like I had Data Analytics experience I started incorporating data in the job on my own. I did this for 2 years and as of today that same job that was non data related is now 50% data and 50% social work. 

Once I graduated I interviewed for 5 entry level data jobs and was denied by them all. I somehow landed an interview for a senior Data analyst role and did very well in the interview because I focused more on showing that I could communicate more than showing I knew SQL, Python and Excel. Turns out that's what they were looking for and the fact that I came off as a learner. I was offered the role and immediately went from $70k to $135k base. 

I'm still completely shocked that I was able to land this job but I'm extremely excited about the things I will be learning.

To Those still trying to break in....keep grinding 🤙🏾",2023-09-16,897,https://www.reddit.com/r/analytics/comments/16jy5g5/my_career_change_is_official_as_of_today_from/
business analyst interview experience,analytics,I finally broke in!,"Business Intelligence Analyst, 
Remote (other than the occasional in person meetings with clients), 
Salary $67,392, 
major healthcare org in GA, USA. 
Bachelor's degree in Mathematics and Statistics, 
No prior experience.

I just wanted to share my success story:

I got my CNA license while I was in college and worked as a Patient Care Tech in the emergency department. I really wanted to apply my degree somewhere so I landed on data analysis. After I graduated and did tons of self study with analyst tools, I started applying to hundreds of different jobs with little luck. An interview here and there but my portfolio only got me so far. 

So I decided to try something else. I reached out to our IT department to see if they could take me on as an intern. We had a meeting and I told the director of IT what I was interested in. He said he would love to hire me on as an intern with our analytics department, but the only issue was that I could not keep my current health insurance benefits I had with the ER as interns do not qualify. I also couldn't apply to a regular position because they all required 7-10 years of experience. So the man MAKES A WHOLE NEW ENTRY LEVEL ROLE FOR ME. This process takes a while, so he said in the meantime I needed to get some certifications in Epic (our electronic medical records system). I do that, learn the visualization tool they use, and work on an introductory project to get me used to the work flow. 

They were highly impressed with the dashboard I ended up creating, which will be used by one of our physician leaders and hopefully help save Epic end-users tons of time. I guess that means I've made a great first impression!

Finally had the official ""interview"" a couple of days ago, and asked for 60,000 (this seems to be about market for entry level BI Analysts in my area). I was very surprised to see they offered 7,000 more than my ask!

I feel like I'm going to be working with a team that really cares. For them to go out of their way to create a new role for me, mentor me, and give me even more than my requested salary, it gives me a good feeling that I hope continues with my career with them.

TLDR; I made it in guys!",2024-05-02,228,https://www.reddit.com/r/analytics/comments/1ci4uzi/i_finally_broke_in/
business analyst interview experience,analytics,Advice 22yo on getting a job in data analytics?,"Context: 22yo graduate of large university with B.S in Business Analytics + concentration in Information Management. Have internship experience in financial advisory and worked for a study abroad company as an ambassador. I have quite a few personal projects highlighting primarily my skills in SQL, Tableau, Python, PowerBI, and Excel. I also have experience in C++, C#, R, MS Access, and Alteryx. 


As the title says, I welcome all and any advice for my career path in data analytics. My goal is to land a job in data, something involving analyzing data and draw actionable insights. This could be data analyst, business analyst, marketing analyst, etc. I’ve applied to ~350 roles, have interviewed 21 times, and nearly had a role (got really unlucky, they wanted to hire me but couldn’t because of their lack of clients, it was a contracting-based startup so very small). 

I’m starting to feel very discouraged. I understand I’m young and that the market isn’t super friendly, but surely I can break the trend. I’ve been considering doing Kedeisha Bryan’s Data in Motion academy after reading their success stories on landing their students roles rather quickly upon completion (of course, the opposite could happen to me so that’s the risk I run). I still apply to jobs daily, tailoring my resume and sending cover letters. 

I’m just feeling a little lost and definitely frustrated. Although it’s only been 7 weeks since graduating, I have a standard for myself which is to be employed in an analyst role by the end of the calendar year. I feel like I need to switch up my current tactics? Any advice for people who were also struggling or are currently in my boat too? Thank you!",2025-07-08,14,https://www.reddit.com/r/analytics/comments/1lutn7k/advice_22yo_on_getting_a_job_in_data_analytics/
business analyst interview experience,analytics,"What will tomorrow's analysts look like, and will there even be any?","I've noticed quite a lot of discussion in here recently about chatbots for BI, and people are even second-guessing their career choices. As a business analyst, I have decided to investigate the impact that these tools will have on our line of work, but I will need your help to do so.

My research question: **how are conversational business intelligence (CBI) interfaces shaping the role of analysts in modern enterprises?**

For my master thesis, I'm looking to interview peers working as data analysts, BI analysts, business analysts, or data scientists who have experienced (or are experiencing) the introduction of CBI tools at their organization. Such tools are Copilot for PowerBI, Databricks Genie, Tableau Agent, Amazon QuickSight Q, Conversational Analytics in Google Looker, Oracle Analytics AI Assistant and Vanna AI among others.  
  
If you are open to a 45-60 minute virtual interview about your experiences and perspectives, please leave a comment so I can get in touch. Your insights will help to unravel what the analyst of tomorrow will look like! Plus I'll be glad to share my results in here once my research is done :) ",2025-11-01,22,https://www.reddit.com/r/analytics/comments/1oljhu3/what_will_tomorrows_analysts_look_like_and_will/
business analyst interview experience,analytics,Worried I'll never get that first job,"Sorry, this is a long one. I graduated last year with a business degree. While in college and shortly after post grad I wanted to be a data analyst. I took several classes which used SQL and Python and also completed some personal projects using SQL, Python, and PowerBI after graduating to add to my resume/ github. Albeit, the projects I completed are pretty lack luster and by no means impressive. I also did an ""internship"" in which I basically just helped a small company with writing some formulas in Excel to automate some things for them.

After graduating I applied to 100 jobs or so and only ended up getting 1 interview in which I was passed up for not having experience using Alteryx. After realizing how underqualified I was for these roles, I switched gears and just tried to find ANY job. Eventually I found a decent job which pays me well enough but it has nothing to do with data, analytics, or anything that may be relevant to a data role, it's essentially a sales support role and not something I want to make into a long term career. Now that I'm feeling more financially secure and have an ok full time job, I'm starting to have time again to get back to practicing SQL/Python and am getting ready to start a new project. I know I have some holes in both my knowledge and experience, which I want to make up for with 2-3 really solid projects; something where I build a full end to end data project, harvesting raw data, cleaning it and throwing it in a database, and connecting it to a live dashboard; projects where I can really show off my knowledge and ability and actually build something really cool that I can talk about and show.

My question is: If i put in the time to really expand my skills by doing some great projects, trying to network, and attempting to do pro bono work, is it feasible for me to land that first data analyst role within a year? Things just seem so bleak right now and I don't want to give up, I've spent so much time learning what I know today and really enjoy learning more. I don't want that all go to waste. I also think that once you get that first job and continue to work hard and learn you have great job security with plenty of opportunities for growth. Please let me know what you all think, any advice is welcome.",2025-12-15,21,https://www.reddit.com/r/analytics/comments/1pmzby6/worried_ill_never_get_that_first_job/
business analyst interview experience,analytics,Trying to break into marketing analytics - where do I even start?,"I’m 28 and graduated in 2022 with a bachelors in Business Management. Most of my work experience has been in restaurants, but I did a 6 month internship in 2023 as an SEO Account Manager at a marketing firm. That internship is what made me realize I’m way more interested in the analytical/research side of marketing. I really liked digging into performance data, working with dashboards and CRM tools, conducting keyword research, competitor analysis, etc.

The kinds of roles I’ve been looking at are like Marketing Analyst, Market Research Analyst, Digital Marketing Analyst, and Consumer Insights Analyst.

The issue I’m running into is I’m not really sure what’s realistic as a starting point with my background. Even entry level jobs seem to want years of experience and a long list of tools I’ve barely touched. I’m also a little worried about my internship being from 2023. I’m not sure how relevant that still looks to employers or if they’ll think the experience is outdated. I did use tools like Excel, GA4, CRM systems, but I definitely need to refresh everything and get more up to speed. I’m also planning to learn SQL and Tableau or Power BI.

My goal is to follow a focused plan over the next few months so I can actually become a strong candidate, without wasting time chasing random certifications that don’t really help.

For anyone working in marketing analytics, market research, or consumer insights:

* What’s the most realistic entry point for someone in my situation?
* What skills should I focus on first (so I don’t overwhelm myself)?
* What kind of portfolio project would actually help me get interviews?

Also open to any honest advice from people who broke into this field without a traditional analytics background. Thanks!",2026-07-30,5,https://www.reddit.com/r/analytics/comments/1vb0l49/trying_to_break_into_marketing_analytics_where_do/
business analyst interview experience,analytics,Would you take the $100k+ paycut?,"I work as a marketing analyst and make $280k a year. I have a BS in Business and an MS in Information Systems. I’ve been at my job for 7.5 years and absolutely hate it. I’m an analyst, but I don’t analyze anything. I’ve worked with a data scientist who helps people with their resumes, and he said, at most, I’m a senior analyst, although my skill is really on the low end of that. I’ve stayed in my job for so long because of the money. I’ve been at the company for almost 13 years now. My pay rises to around $23k annually, but my skill does not. I got an MS in Info Systems, thinking this would help me get another job, but then the pandemic hit, and I was scared to leave my current company because I didn’t know what was happening with anything. No one did. Now that I’m looking again and have interviewed a couple of times, I’ve found that I’d be lucky to get paid $125k. I’ve been told that I don’t have the acumen for marketing. True. My company has a marketing department, but we hardly do traditional marketing. Anyway, I have two options: Jump ship, take the pay cut, and climb the ladder elsewhere. Another option is to stay in my current job and go for a statistics master's over the next four years, which would give me more skills in Python, SQL, R, working with big data, etc., and then jump ship. I hope I’d have a better chance at making something more like $150k and wouldn’t have to start in a junior role. There’s also a super small possibility that I will be allowed to work more in a department that does work with data. Ideally, I would move to this department, keep making money, go for the master's in statistics, then leave when I’ve completed it and have more job experience. However, I hate my job so much I don’t know that I can make it. Also, the money has allowed me to save a ton, buy a house, pay for my first master's, etc. If I stayed a little longer, I'd be set up for my retirement. What do you think? 

I should note that my company overpays so that people stay. They've been successful. We have a 2% overturn rate.",2023-02-23,31,https://www.reddit.com/r/analytics/comments/11a4bxy/would_you_take_the_100k_paycut/
business analyst interview experience,analytics,Recent Data Science Grad — Which Path Has the Best Long-Term Growth?,"I recently graduated with a Data Science degree and have been applying for about a month. After exploring different options, I've realized I'm most interested in Business Analyst, Operations Analyst, and Program/Project Analyst-type roles.

For context, I completed a Data Analytics internship with the FDIC and spent the last 3+ years running my own clothing brand, where I handled operations, vendor management, analytics, marketing, and overall business strategy.

I'm currently interviewing for:

* Operations Analyst ($70k–$85k)
* Junior IT Business Analyst ($60k–$65k)
* Implementation Consultant ($60k–$65k)
* Business Development Associate (\~$45k–$60k)

My current ranking is in that order.

Long-term, I want a career that combines data analysis, process improvement, stakeholder communication, and solving business problems. I'm less interested in pure sales or highly technical coding roles.

For those with experience in these fields:

1. Which path has the best long-term growth and compensation?
2. Which builds the most transferable skills early in a career?
3. If you were in my position, which path would you choose and why?

Thanks!",2026-06-09,2,https://www.reddit.com/r/analytics/comments/1u1b56h/recent_data_science_grad_which_path_has_the_best/
business analyst interview experience,analytics,Trying to break into an entry-level data job with no experience. Need advice on skills & where to look,"Hey everyone,

I’m looking for some guidance on breaking into an entry-level data-related role (data analyst, junior analyst, reporting analyst, data entry, etc.) and could really use advice from people who’ve done it.

Background:
	•	No degree in data / CS
	•	No professional data job experience
	•	Currently working a banking job
	•	Willing to self-study, build projects, and start at the bottom

What I’m struggling with:
	1.	Which skills actually matter for entry-level roles?
(Excel, SQL, Python, Power BI, Tableau — what should I prioritize?)
	2.	What kinds of projects actually help get interviews?
Personal projects? Kaggle? Mock business dashboards?
	3.	Where do people actually find true entry-level data jobs?
LinkedIn feels oversaturated and most “entry-level” roles still want 2–3 years experience.
	4.	Are there specific job titles I should be searching for that are more beginner-friendly?
	5.	Is it realistic to break in without a degree, or should I be aiming for adjacent roles first?

I’m open to:
	•	Analyst-adjacent roles
	•	Internal reporting jobs
	•	Operations / business analyst roles
	•	Contract, temp, or internship-style positions

If you were starting over today with no experience, what would your roadmap look like?

Appreciate any advice, brutal honesty, or success stories. ",2026-01-13,19,https://www.reddit.com/r/analytics/comments/1qbzz7c/trying_to_break_into_an_entrylevel_data_job_with/
business analyst interview experience,analytics,Manager Delegating all Tasks to Students,"I worked on multiple co-op and part-time contracts as a data analyst for the same employer over the past 1.5 years. The team consisted of myself, another co-op student when I was working part-time and the manager, who had been there since last winter (2025). He has a degree in CS from about 15 years ago and his technical skills are SQL, Power BI/Tableau, Excel. His main tasks were to gain requirements from stakeholders and update the ticket planner. One thing I noticed is that he delegated all technical tasks to the students:

1. A large part of the codebase is in pandas, but he never learned it since he said it would be too hard for him to understand code. I tried to encourage him since he knows SQL and transitioning to pandas is not challenging. Even though his CS degree was a long time ago, he would still have that programming background and he mentioned that he already learned harder languages in his degree (e.g. Java, Prolog). However, he always refused and just cared about running the scripts. I also tried to teach him Git, but he did not care. At the end, I was responsible for trying to understand the other student's code and merge everything together.
2. When a co-op student joined the team, he would give them a dashboard and data pipeline to complete. If the co-op student did not finish the task by the end of the term, it would just be given to the next co-op student. If one student finished early and the other student started later, the project would be uncompleted for 2 weeks since he did not work on it.
3. Many tickets on the backlog had not been looked at for months, since myself or the other co-op student were busy with our own tasks and the manager expected the tickets to be only completed by us. Some of the tickets were Power BI dashboard updates I am sure he could do.
4. When migrating data pipelines to Azure, the main IT team was responsible for building the infastructure (e.g. VM, Self-Hosted Integrated Runtime) and the manager said we should just give them all our code so they can deploy it to Azure. Luckily, we still kept ownership and our team needed to build the pipelines to Azure Data Factory with the Python code. The director above my manager asked him to take Azure courses, but he never did. When the project was starting, he said it was a priority for leadership and I asked him what he was doing for it. He just laughed and did some random test contribution and I had to complete the whole project. Although I learned a lot, it did not make sense for a part-time student to build a whole data pipeline in Azure Data Factory and try to learn everything fully myself. When I told the director and manager this, the response was that ""rotating between co-op students and giving them projects is what makes the team innovative and you should be glad to have this experience with Azure.""
5. The manager gave challenging interviews for co-op students that would be meant for junior, mid-level. During the behavioural interview, the students would be disqualified if they said that they wanted to ""learn and improve their technical skills"" in the co-op because the manager said ""he cannot teach them anything"". He also gave students a technical assessment and a take-home project of creating a dashboard and doing an in-person presentation. Even with competitive companies, I have not seen such a long process.

I am not trying to say the manager did not do anything because talking to stakeholders and understanding their requirements is important. He also seems to be a nice guy and praises my work. He believed that doing data pipelines with Python, SQL and Git was revolutionary since he would just use Power BI transformations, which means he would just give the students all the technical work. While I understand he did not have the technical skills, he could have learned them given his background. This would help with business continuity since temporary students would not be responsible for everything. It is also unfair for the students to be paid a very low wage and do a lot of the big projects.

But, I am not sure if my concerns are valid. Maybe I should not complain since I did learn a lot and some students don't do anything. I am starting a new co-op at a larger organization where there is more structure so I am wondering how I will adjust.",2026-05-04,6,https://www.reddit.com/r/analytics/comments/1t34wuk/manager_delegating_all_tasks_to_students/
business analyst interview experience,analytics,Screener call questions?,"Hi all, I just landed my first interview/screener for a data analyst position, and I'm wondering if anyone can provide some insight into questions that might be asked. While the role wasn't specifically advertised as a junior position, the qualifications they asked for seem at the junior level (e.g., no strict requirement for previous experience). 

I'm worried because I come from a psychology background as opposed to a data science or statistics background. I have a basic understanding of statistics (things like p-values, correlation, regression, etc.) and have used tools like R and SPSS (though tbh I am quite rusty with these), but I feel out of my depth seeing some of the questions I've found online. For example, I've never had to handle missing values in a dataset or describe my ""analysis process."" I've also never had to translate my analyses into business insights, which seems like a pretty key part in what they do. 

I'm also not sure how technical this interview is going to be. The manager is calling it a screener call, and it's scheduled to last 30 minutes - is this the same as an interview? Should I expect technical questions, soft skills questions, or a mix of both?",2026-05-01,1,https://www.reddit.com/r/analytics/comments/1t1377j/screener_call_questions/
business analyst interview experience,analytics,PL-300 actually useful for entry-level jobs/grad internships?,"I’m a recent university grad and I’m currently working through the Coursera Power BI Data Analyst Professional Certificate, planning to take the PL-300 exam after.

I’ve got two internships so far, one in software engineering and one in business analysis, but neither was super data-heavy. I’m trying to pivot more into entry-level data or BI roles, consulting analyst roles, or grad programs at bigger companies.

I keep seeing mixed opinions online, so I wanted to ask people who actually use Power BI or are involved in hiring. Did PL-300 help you get interviews? Do recruiters actually care about it for junior roles? Or is it only really useful if you already have work experience and projects?

I’m not expecting it to magically land me a job, just trying to figure out how much signal it actually adds and whether it’s worth the time",2025-12-15,15,https://www.reddit.com/r/analytics/comments/1pmth4w/pl300_actually_useful_for_entrylevel_jobsgrad/
business analyst interview experience,analytics,Meeting Preferred Qualifications for Data Analyst Roles but not the Required ones,"I have applied to like 300 jobs, mostly Data Analysts, Analytics Engineer, and Data Scientist roles and have only gotten 1 interview so far.

I was a technical Business Analyst in my last role where I learned and used Python for automating a month end financial reconciliation, built Power BI dashboards for DevOps, and used the Selenium WebDriver for QA testing and automating operational tasks. 

In addition I completed a machine learning engineer bootcamp which covered feature engineering, EDA, model development, and deploying trained models as endpoints for inference. So like a Full-stack Data Scientist.  

I would say I have an advanced knowledge of Python but am intermediate at best with SQL. Last job didn’t give access to analysts, only Data Engineers, Database Admins, and Data Analysts. 

So I will often meet the preferred qualifications like a willingness to learn Python, scripting, automation, knowledge of Data Science/machine learning, REST APIs, etc but don’t have 2-3 years
experience in SQL, data warehouses, dbt, Snowflake, Databricks and so on. 

Not really sure where my skills would be transferable. Didn’t really do the common stuff Business Analysts do either like requirement gathering, project management, and using Jira or Azure DevOps for software releases. ",2025-11-06,0,https://www.reddit.com/r/analytics/comments/1opkqui/meeting_preferred_qualifications_for_data_analyst/
business analyst interview experience,analytics,Resume Feedback? 200+ applications zero interviews,"I’ve been told my resume (in comments) is solid by a couple people who are recruiters. I’ve tried data analyst, financial analyst, associate level, entry level, you name it. I cannot get an interview to save my life. I have a business degree and background, and tailor my resume typically when it comes to specific positions. Ive applied to well over 200 positions but can’t get past the first round ever. I get I’m transitioning from education but I have a lot of relevant experience. Are teachers just THAT black listed that it’s impossible to find anything other than a minimum wage job??",2025-05-20,16,https://www.reddit.com/r/analytics/comments/1krcs63/resume_feedback_200_applications_zero_interviews/
business analyst interview experience,analytics,Got 62% on technical assessment after great interview - should I request retake? What should I say?,"**Post:**

I had a really good interview for a Data Analyst role at a Series B healthcare startup yesterday. The recruiter went 10 minutes over our scheduled time and seemed genuinely excited about my background. He said I ""got him going"" even though he's just a recruiter. At the end, he mentioned they're moving fast with hiring because there are a lot of candidates, so ""the faster you finish the assessment, the better.""

The assesment was on coderpad and came through right after completion. It was 8 questions, about 2 hours total, with individual timers per question (couldn't go back once submitted). Mix of SQL and Python.

**My results:**

* **Overall: 800/1300 (62%)**
* SQL: 600/600 (100% - perfect score)
* Star Schema: 100/300 (33%)
* Python: 100/400 (25%)

The SQL was my strength and I crushed it. But the Python question was a complex business logic problem (calculating insurance approval dates based on dependencies) and I struggled to translate the requirements into working code. The star schema questions were also harder than I expected.

The assessment platform has a ""Request retake"" button that says ""Not happy with your score? You can ask the recruiter for a second chance.""

**My questions:**

1. Is 62% even salvageable or am I done?
2. Should I request the retake or does that make me look desperate/unprepared?
3. **If I do request it, what should I say to the recruiter? How do I explain the low score without sounding like I'm making excuses?**

**Additional context:**

* I have 3 years of experience as a Data Analyst
* My daily work is 90% SQL and dashboards, minimal Python
* The role mentioned Python in the job description but didn't emphasize it heavily
* I genuinely want this role - mission-driven startup helping patients navigate healthcare
* Honestly, I was nervous about the ""faster is better"" comment so I started the assessment right away instead of taking a day to prepare more thoroughly. I focused my prep on SQL since that's what I use daily and underestimated the Python complexity.

**If I request the retake, I'm thinking of saying something like:**

""After completing the assessment, I realized I focused too heavily on SQL preparation and underestimated the Python components. While I'm pleased with my SQL performance, I know my Python score didn't reflect my analytical capabilities. I'd appreciate the opportunity to demonstrate stronger performance across all sections.""

**Is this professional enough? Or does it sound like excuses? What would you say instead?**",2026-01-14,0,https://www.reddit.com/r/analytics/comments/1qchz4f/got_62_on_technical_assessment_after_great/
business analyst interview experience,analytics,Interviews make me question my ability,"I have more than 7 years of experience in analytics but interviewing makes me feel like an imposter.

I had an interview with a recruiter for mid level data analyst position and I walked away feeling like I shouldn’t even try. The role asks for experimentation experience, which I have but I don’t necessarily feel super confident in my ability. I barely use it in my current role because business leaders are hesitant to do any experimentation. It’s been a couple years since I used it regularly. If I make it to the next rounds one will be specifically statistics and another experimentation. Although the role sounds very interesting to me and I took stats classes in college and masters I feel very uneasy.

I guess this is just a rant, I know I can brush up on these areas and take a Udemey class to refresh. But I can’t help but feel like with all my education and experience I’m still struggling to get a job.",2025-07-29,21,https://www.reddit.com/r/analytics/comments/1mcpu4z/interviews_make_me_question_my_ability/
business analyst interview experience,analytics,Is excel future proof for analytics in the future? I prefer python and SQL,"For context I am doing a data analytics master with focus on data science at a business school, so far I think it has been quite alright specially having 0 technical background, I did enjoy all the technical classes specially the stats and econometric one. Also I am in my 30s doing a career change into analytics, with some experience in supply chain.

Now it's time to apply for internships, I haven't really start applying because I was busy with projects and exams but I got an interview from a F500 company after meeting them at a career fair organized by the school, overall I think I did quite ok in the interview and I know it's a good opportunity but I don't know if it's going to be a step in the career I want.

* Pros: Big company, work is about doing analytics for each business area and create the reporting and dashboards
* Cons: Tools are basically excel and powerpoint.
* My opinion: I know in a big company there's a lot to learn from, I declined a similar big company after my bs, which I regretted, and I think that set me back during my work experience. So I know even with just the name it could open other doors.  I personally think I would be looking for a more analytical roles where I can use python and SQL, I really enjoy using them and I want to keep improving them.

I think I would like to work more in the predictive analytics part, but I feel that coming from a business school this is the type of jobs I would get and the more technical jobs, even if it's junior analyst using python and sql, would be mostly for engineers. It was actually also mentioned by the HR from this company when I said that I would like a more data/operations role, so that was a bit of blow.

But my second interview with the business manager he said that he wanted somebody that was planning to stay in the company even if it was at different departments. So it got me thinking that perhaps getting the job and getting the experience is more helpful for an internal transfer or even  for another job search.

But if I my end goal is to work using python/sql in the future am I setting myself back to just using excel? is it common a transition from excel to other more technical programming tools?",2024-03-06,28,https://www.reddit.com/r/analytics/comments/1b85if4/is_excel_future_proof_for_analytics_in_the_future/
business analyst interview experience,analytics,Feedback on resume (Entry level/ final year student),"Hi everyone, 
I hope you’re all well! I have seen some posts about reviewing and giving feedback on some resumes and I was hoping for the same. I am a final year student and i’ve been applying to roles like junior business analyst, junior marketing analyst, junior data analyst or some data analyst roles that don’t require much, junior marketing, junior e-commerce coordinator roles but have not even been getting through to an interview. I’ve attached the resume in the comments. I’d appreciate some feedback as I would like at least some responses to be a chance to be interviewed instead of rejected or ghosted. I am currently learning SQL (SQLite) and Python in my current semester which i make known in my cover letter. I’d appreciate any kind of advice to break into the field or even get a role that is transferable. I’ve never gotten an interview and it makes me wonder if i even have anything to offer to companies because of my lack of experience or resume. 
Thank you all so so much!! ",2025-05-06,5,https://www.reddit.com/r/analytics/comments/1kgizk7/feedback_on_resume_entry_level_final_year_student/
business analyst interview experience,analytics,"What are the realistic ""go-to"" data jobs in Malaysia for a fresh Masters grad (on a Graduate Pass) with only project experience?","Hey everyone,
I'd really appreciate some career advice. I'm an international student just about to graduate (this December) from Sunway University with a Masters of Business Analytics.
I'll be applying for the Graduate Pass, which gives me some time to find a data-related job here in Malaysia.

My Background:
1. Academics: Masters of Business Analytics.

2. Experience: I have around 4 years of experience with data (analysis, visualization, SQL, Python, etc.) and about 1 year of experience with AI/ML modeling.

3. The Catch: My main concern is that all of this experience is from academic and personal projects, not from a formal industry/internship environment.

My Questions:
1. Given my situation (fresh Masters, no professional experience, foreigner on a Graduate Pass), what are the most realistic ""go-to"" job titles I should be searching for?

2. Are roles like ""Data Analyst,"" ""Business Intelligence Analyst,"" or ""Junior Data Scientist"" the right keywords? Is ""Data Scientist"" too senior to aim for right now?

3. Are there specific companies or ""graduate programmes"" in Malaysia that are known to be more open to hiring international students without prior industry experience?

4. How can I best position my 4+ years of project experience on my resume and in interviews to make up for the lack of formal work history?

I'm eager to start my career and am open to any and all advice on how to get my foot in the door.
Thanks in advance!",2025-10-21,0,https://www.reddit.com/r/analytics/comments/1ockg0l/what_are_the_realistic_goto_data_jobs_in_malaysia/
business analyst interview experience,analytics,Anyone getting job interviewS?,"Hey, I have abour 3.5 years of experience in data analytics (currently data analyst, have a masters in business analytics) and I am looking to switch to senior analyst roles. Is anyone who is on student visa/h1b getting job interviews?

  
If yes, what strategies are you following? Are you applying to all jobs/selective jobs where you think you have a chance?Are you cold emailing?",2025-09-05,6,https://www.reddit.com/r/analytics/comments/1n8vor2/anyone_getting_job_interviews/
business analyst interview experience,analytics,"I'm finding it extremely hard to move away from ""web analytics""","I started as a Digital Analyst, basically a Google Analytics email job. I've job hopped to up my skills and now have many projects utilizing SQL, Python, Adobe, airflow, cloud platforms, tableau, and some ML projects too. I'm now a sr. data analyst. But my analytics jobs have only consisted of supporting business stakeholders with large retail companies' e-commerce. I also know HTML, Java, and finance from previous experiences, but those were 10 years ago, so I don't broadcast it a lot on my applications. But basically, I have a desirable tech stack one wants when going into the DA/DS job market.

However, **almost every interview I've gotten in the past two years of applying has been for roles supporting business stakeholders with their e-commerce platform.** I have multiple different resumes for different industries, I have a ""business"" resume and a ""technical"" resume, depending on what I think they are looking for. Nothing else sticks. I've gotten a few finance interviews because of my previous IB experience, but I haven't made it past the first round in those.
What else can I do? I feel like I've exhausted every option. I really want to get into a real tech company, not a retail company that needs a technical role, but it's just a pile of rejections for these tech roles.

I just made another mass edit to my resume. This one includes more impact and leadership. I had it on there before, but now I just littered it on every fucking line. Let's see if this one sticks. If this doesn't work, I'm literally going to start writing cover letters for every job I apply for like it's 2011. Imma start applying after posting this.",2024-03-07,15,https://www.reddit.com/r/analytics/comments/1b8luep/im_finding_it_extremely_hard_to_move_away_from/
business analyst interview experience,analytics,"Laid off a few months ago, just got new job offer, trying to decide if I should take it or not","Background, I graduated college in 2019 and worked a couple random temp/contract jobs to get experience, struggled a bit, ended up landing a Data Analyst role at a smaller Food & Bev consulting company in early 2021.  After 3 years there I got laid off earlier this year in February due to company downsizing.  At that company I was responsible of all reporting, data visualization/dashboards/analytics, and CRM management.  Ended up figuring out how to use SQL properly for some of the data for dashboards despite no one else knowing it at the company.  

I am based in NYC but was working remotely for that last company.  Recently finished interviewing for a Business Analyst role after 3 Zoom interviews, a 2-hour in-person technical interview (Excel/SQL/PowerBI), and then another 2 hours of interviews in-person.  I received an offer today, which is definitely exciting, but I have some things to consider.  

My thoughts:

**Pros:** 

- It is a cool company/business model in a domain of interest for me (Food & Beverage)

- They were acquired by PE 2 years ago and are growing/acquiring a lot right now, potential for role to develop 

- Still a small company so can interact with different parts of business and more directly see my impact from early on

- Person who'd be my boss seems nice/chill.  Overall I like the rest of the people I’ve met that would be on my team

- Extensive interview process indicated that they are serious about who they bring onto their team

- Hybrid work (plus for me, don't want to be 100% remote), and the commute is easy

**Cons:** 

- Being a small company, not as much mentorship opportunity on the tech/data side

- Since it’s smaller, I could end up having to wear a bunch of hats that I’m not as thrilled about (like CRM admin again), but they’re definitely way more put-together than my last company 

- Not able to work with tons of consumer data since it’s mainly B2B sales and not a huge company 

- I talked them up to the top of their salary range so it’d be $90K (no equity), which is still $15K more than I made at my last job, but obviously not that great for NYC

- The avg. tenure at the company is 5 years and they said they want someone to ""grow with them"" (lol), so if I would maybe feel like I'm screwing them over if I left for a better job after 4-5 months

  

A couple days before I got the offer I had a first-round interview with a well-known entertainment tech company.  Interviewer was impressed with my skillset but was concerned that I didn't have prior experience in ""AdTech"" (lol).  The job would pay a lot more, like $120K, but I obviously cannot bank on getting that job at this point at all.  

  
At this point since I have no other offers, I'm leaning towards taking this job, getting some more experience under my belt while committing to upskilling and maybe a few months down the line trying to get some interviews for higher-paying opportunities (which is obviously easier to do when you already have a job).  But I also am anxious about whether I'm ""settling"" for this job or not since it doesn't pay great, and also what if it's unexpectedly a nightmare and I regret taking it?  ",2024-05-25,0,https://www.reddit.com/r/analytics/comments/1d0fnwn/laid_off_a_few_months_ago_just_got_new_job_offer/
business analyst interview experience,analytics,Having a hard time deciding on a domain/sector for DA,"Hi all, I'm currently doing a 2-year masters in Data Analytics, and my goal is to become an entry-level data analyst after graduation.

I'm almost at the end of my first year, and I believe that by the time I graduate I'll be well versed on the foundational technical skills such as SQL, Python, etc.

The problem is, I'm having a hard time deciding on a sector to specialize in.

Starting from this summer break (hopefully while doing some kind of internship), I wish to also begin studying for that particular domain I choose, so that I can actually start creating my own projects that are relevant to that sector and begin to create my portfolio.

However, I do not have any industry work experience (went straight to masters after undergrad) so I have no idea which sector Data Analytics is most in demand. Furthermore, I have zero business knowledge so choosing the field early on is very important for me so that I can start studying and develop an understanding of how to formulate a DA project process.

My current thoughts are wondering around Finance, Marketing, Healthcare, etc. I do not have a particular passion or preference for a sector since I have no experience in any (so I hope you don't tell me to just choose the area I like, not a helpful answer for me unfortunately because I don't know what I like!), so I just wish to study a sector where data analytics is most in-demand so that I will have the highest chance of landing an entry-level job.

I've been really having a hard time regarding this choice because no matter what I choose, people tell me that the field is not for me. For instance, if I choose Finance, I'm told that there is no such thing as data analysts in Finance (only either financial analysts or quant which are both different from data analysts, and I'm not quantitatively skilled enough to become a quant). If I choose Healthcare, I'm told that people who majored in a medical field (such as bioengineering, medical school) are all trying to become healthcare data analysts, so my background (I majored in Economics) is unsuitable, and I won't be able to win the competition. If I choose marketing, I'm told this field is seriously oversaturated and I have to be at the level of a data scientist to be able to barely interview for an entry-level data analyst spot. So yeah, I really can't decide.

Therefore, considering my situation, what should I study? I really hope those who are already working as active data analysts could give me some advice if you were in my shoes, I would sincerely appreciate it.

TLDR: I'm currently studying Data Analytics in my masters program learning the core technical skills, but I don't know how to make DA projects for my portfolio because I don't know what domain/sector (e.g. Finance, Marketing, Healthcare, etc) I want to get into. I have no preference for a field since I don't have work experience in any, so I just wish to choose a sector where DA is most in-demand, where I have the highest chance of landing an entry-level data analyst job. I'm seeking advice on what sector to choose and how to study that field in a way that I can create relevant DA projects for my portfolio.",2024-03-11,11,https://www.reddit.com/r/analytics/comments/1bcf3gk/having_a_hard_time_deciding_on_a_domainsector_for/
business analyst interview experience,analytics,"Based on the current job market, what non analytics or adjacent role can I do while developing my technical skills?","Hi all. This is similar yet different from my other posts. I have been unemployed for 7 months now. I have interviewed at big named companies like Pinterest, EY, JP Morgan, Best Buy, AT&T, Mayo Clinic, Rice University, other hospitals & clinics etc but what’s apparent is that I don’t have enough business/data/systems analyst experience. 

My degrees are:
- Assoc of Science in Biology
- BSc in Health Sciences
- MBA in Management Information Systems 

My Experience:
• The last role I did was an IT Business Systems Analyst for few months where the company had no precedent & no structure. Since that was my first tech role and didn’t get supported, I struggled so bad & quit due to insomnia & stress. 

• Prior to that I worked 1yr in tech support & sales (surface level troubleshooting cos sales was the main thing)

• Prior to that it was 3yrs in retail pharmacy

• Prior to that it was ~4yrs in home health care with also no structure but different mergers (meaning it was like working for 3 different companies who were trying to figure it out)


What career do you recommend I try? Analytics is something I’ll ultimately want to do but I still have a long way to develop my technical skills.

Any advice helps!



",2025-05-19,2,https://www.reddit.com/r/analytics/comments/1kqe5sk/based_on_the_current_job_market_what_non/
business analyst interview experience,analytics,Any advice for on-site?,"Data analyst roles in my area are rare. The few available positions are with small or new businesses requiring 3–5 years of experience. Remote roles are highly competitive, and honestly, I don’t want to work remotely anymore. I’d prefer an on-site data analyst job.

I also don’t want to send out hundreds of applications just to get an interview. I did that for my current job, and it was exhausting. Plus, I don’t feel competitive enough since I’ve never worked as a data analyst before, though I’ve had data-adjacent roles. My current experience in FinTech doesn’t seem to help much either since it’s a very competitive industry.

I recently applied for a Reporting Analyst role at a company in the same industry as my current one. It’s on-site, offers good pay, and is only 30 minutes away. It seemed like a perfect role for me. I met all the qualifications and even reached out directly, but I was ignored and was sent a “we have identified other candidates whom we feel more closely align with our needs for the position” email. 

The nearest big city with data analyst jobs is Miami, but commuting nearly two hours each way isn’t realistic. I’ve been considering applying to roles in other states or larger cities within my state, but I don’t know if companies will seriously consider me before I move, since I don’t have direct experience working as a data analyst. Moving without a job lined up also feels like a huge risk.

So, my main questions are:

How did you break into a data analyst role?

Are on-site data analyst roles really this rare and hard to land?

I’d appreciate any advice!",2025-03-02,3,https://www.reddit.com/r/analytics/comments/1j1sisw/any_advice_for_onsite/
business analyst interview experience,analytics,What is it like to work as a remote/hybrid data analyst?,"What are your experiences concerning job tenure, security, workload, and daily schedule as a remote data analyst? Compared to on-site or hybrid roles, how much of the current job is constantly looking for your next role?

I am a mechanical engineer (MSME) who has upskilled to create and fill a data analyst/scientist role in my company for the last 15 months. Based on the requirements I've seen in job postings, I could easily pass technical interviews for senior data analyst positions today. Still, I don't have the ""time-in-grade"" requirements. (Many are 3+ years.) I'm not sure whether I want to continue this track if it means non-stop hustling and Medium content churning to differentiate myself.

My family plans to relocate in about 18 months. Since I started the role, I've been transparent about the relocation, and my immediate bosses have been very supportive. However, I learned that the company will not approve a transition to remote work to support the relocation. Now I have to choose: do I keep specializing in data analysis to build the time-in-grade to find a remote or hybrid senior data analyst role in the area I'm relocating to, or do I pivot to specializing in a Scrum Master role that generalizes better to the location we're relocating to? (I have a CSM certification and currently Scrum for a small dev team in addition to my D&A work. The added benefit is that I may join a business segment where remote work is better supported.) Are the time-in-grade requirements typically negotiable based on interview performance? ",2023-12-11,6,https://www.reddit.com/r/analytics/comments/18g87tk/what_is_it_like_to_work_as_a_remotehybrid_data/
business analyst interview experience,analytics,Is it worth learning PowerBi just to check a box when my strength is in Tableau?,"I've been a data analyst for about 2 years now and in this time I have worked extensively in Tableau in my professional job, my masters degree I am working on, side projects, and training programs. However, I have never had to touch powerbi so I know very little about it. It's been on my short list to learn but between my full time job and part time school I don't have a ton of free time to do so.

Recently, I had a job interview with another firm that the recruiter briefly asked about my PowerBi experience and I told them I have virtually none. The recruiter said it was fine and scheduled the interview. 

Two business days later the interviewer starts grilling me on PowerBi right out the gate. It got to the point that almost every other question was about PowerBi in some form. I haven't heard back from the firm yet but given how annoyed the interviewer seemed to be with me not knowing PowerBi, despite me trying to demonstrate my similar work experience with Tableau, that I bombed the interview. 

Also to note my resume does not list PowerBi anywhere but lists Tableau a few times. 

I think I can chalk most of this up to poor communication between the recruiter and the interviewer, but would it worthwhile to try to carve out some time to get some basic working understand of PowerBi, and maybe even build out a small project or two, just to say I have some working knowledge on the topic or was this firm just being a clown?",2023-02-24,38,https://www.reddit.com/r/analytics/comments/11aed97/is_it_worth_learning_powerbi_just_to_check_a_box/
business analyst interview experience,analytics,"Canada, 2 YoE: I have some major career-shifting questions, if you can please help me out.","Whose boots should I lick just to get a damn interview, let alone a Job ?

That's the gist. In 2023, when I was looking for my 2nd job out of college, and less YoE, I got 3 interviews in 5 months, then a job offer. Now, I am getting a whopping 0 interviews in 10 months. 

Very very quickly, my background...you can skip to the end for my actual questions, but you can use this as reference. 

**Academic Bkg:** I live in Ontario. B. Eng in Electronics Systems Engineering. It was a very practical program - we had at least 1 engineering project every semester, sometimes multiple, amounting to 10 total. 

**Co-ops/Paid Internships**: Three in total. One at BlackBerry-QNX and One at Ciena. One was in a startup. All 3 were in the realm of high-level SWE. This taught me everything in my toolbox which landed me my jobs after grad. 

**Professional Experience:** First job, was in Data engineering - they provided all the training material and were patient, but got laid off due to lack of work. My second job was at a very famous Canadian company working for their automation team. At the end of probation, they terminated me due to lack of skill. Total YoE: 2 Years (1.5 + .5, respectively). 

**First 8 months:** I tried to focus on SWE fields, such as DevOps, and upskilling, but not doing the certs since my other SWE friends told me that just having it on your resume is a strong bait, but you will have to prove yourself in the interview. Just 1 phone screen. 

**Last 2 Months** Three of my friends who left their respective careers and became Data analysts talked to me and advised me to strongly consider DA or BA because it's got an easy barrier to entry and they all have stable jobs, so I took a big course, did a few personal projects, put on my resume and started applying. Not a single peep, just recruiters hopping on calls just to get my details and ghosting me immediately after I tell them I am pivoting to DA/BA. 

**What I have tried**: Applying to jobs is obvious, and I don't do Easy Apply because of how saturated it is. Instead, I have an excel sheet of all companies that meet my requirements - I go to to their careers page and apply directly. In January, I started cold calling & cold approaching recruiters and recruiting agencies and following up with them, as much as 3 times. I try to get them to agree to call on teams because it's more human, and I can make sure they aren't scammers. It's VERY effective if you are a senior dev, but not if you have 2 YoE. 

______

1. Is it just the Junior market that is fucked, or is it the whole industry ? 

1.	I have 2 YoE in various SWE – can I pivot into DA and find a Job? 

3.	How saturated is the market ? 

4.	I spoke to 3 of my friends (actual friends, not co-workers or anything). One of them is a PhD in Math, another is a former Master’s of Engineering, and one of them is a Master’s of Genetics. Between them, an average of 7 years of experience in their own respective fields *before* they pivoted. They are all now doing BA or DA. They all recommended to me that DA will always have jobs, even for Juniors in DA/BA. Albeit, they found their jobs *3-4 years ago*, each. How true is that sentiment today ? 

5.	Someone recommended to me that I join him in a start-up, and I was interested, but deep down, I have fears about startups, primarily because my dad opening his own shop for his own line of work but after the pandemic he struggled immensely and that put a very strong fear in me about business management. Plus, I just don’t have the confidence to put myself out there, so if I have a start up, I must always rely on someone else being there to co-manage. That’s why I tend not to think about creating my own business or going freelance. But do you recommend it ? 

6.	Will the Canada – US Tariffs affect the job market in the future? 

8.	Do I have a better chance looking for work in the US ? 

Thank you for taking the time to read through my post. Have a wonderful Saturday!",2025-03-08,0,https://www.reddit.com/r/analytics/comments/1j6s051/canada_2_yoe_i_have_some_major_careershifting/
business analyst interview experience,analytics,Best Resources For SQL Interview Questions,"Hi everyone!

Following the positive response to my previous post, *“*[Best Practical Way to Learn SQL](https://www.reddit.com/r/SQL/comments/1hqyvuh/best_practical_way_to_lean_sql/)*”*, I wanted to share the next step in your learning journey: practicing real interview questions.

In a typical Data Analyst or Analytics interview, you’ll encounter these stages:

# 1. Technical Screening

* Often a HackerRank or similar test designed to filter candidates based on technical proficiency.

# 2. Hiring Manager Round

* A discussion with the hiring manager focusing on your work experience, problem-solving skills, and understanding of business concepts.

# 3. Technical Rounds (1–2)

* **SQL-focused round**: This tests your hard skills, such as query writing and problem-solving with databases.
* **Product Case Study (varies by company)**: A more in-depth exploration of your analytical thinking and approach to product-related problems (more on this in a future post).

# 4. Cross-Team/Stakeholder Round

* A soft skills round assessing your ability to collaborate with other teams and communicate effectively.

Look at this pattern we realise that SQL is the cornerstone of success in most Data Analytics interviews. While other factors like communication and business understanding matter, as a hiring manager, I’ve often observed that candidates are underprepared for the SQL round.

Just like coding rounds are essential for Software Engineering roles, SQL proficiency is crucial for entry-level Data Analytics positions. When you lack prior experience, technical skills often carry the most weight.

I’ve said it before, and I’ll say it again: the **technical screening round can make or break your interview**.

# Recommended Resources for SQL Practice

Here are some resources I’ve personally used and recommend to ace SQL interview questions:

# 1. LeetCode (Database Section)

* Start with the free SQL questions — no need for a subscription initially.
* Explore the “SQL 50 Questions” list as a structured starting point.

# 2. DataLemur

* A dedicated platform for SQL interview questions.
* Use this after completing the free questions on LeetCode.
* Again no need to buy anything, the free section is good to begin with

# 3. StrataScratch

* Offers SQL questions alongside other analytics-related technical problems.

# 4. HackerRank (SQL Section)

* Not the most comprehensive but worth completing for its free and limited set of questions.

# Pro Tips for SQL Prep

1. **Practice Consistently**: Go through the resources 2–3 times to build speed and intuition.
2. **Bookmark Tough Questions**: Track questions that challenge you so you can revisit them during subsequent practice rounds.
3. **Master Problem-Solving**: Aim to develop an intuition for solving SQL problems, which only comes with repetition and persistence.



Feel free to drop any questions in the comments below — I’ll do my best to answer and help you succeed in your SQL and analytics career!

Happy learning and good luck! 🚀",2025-01-02,18,https://www.reddit.com/r/analytics/comments/1hrocwx/best_resources_for_sql_interview_questions/
business analyst interview experience,analytics,What's going on with the analytics job market? Need help with my resume.,"I've been actively looking for a job change for the last 6 months, but I'm not getting enough calls. The few calls I do get don't offer more than my current CTC (28 LPA, all fixed). I've had a few interviews, but unfortunately, I didn’t make it through. I'm targeting Lead/Manager Business Analyst roles.



I'm wondering if anyone can help me review my resume or offer some advice on how to stand out. Also, should I consider paying for premium services like Naukri or are there better alternatives? Any suggestions would be appreciated!

(My resume is attached below)

\-----------------------



I have a friend with similar experience who recently got into Amazon. His last CTC was 22 LPA, and he received multiple offers before choosing Amazon, where he got 35 LPA (base) + 17 LPA in stocks. He did use Naukri Premium, but we're not sure if the multiple calls and offers were directly because of the premium service or just luck.

\----------------------

https://preview.redd.it/f7u9qay9mnwd1.png?width=811&format=png&auto=webp&s=e40a597311d91f17b053fd3b35fe598884c2d64a

",2024-10-24,3,https://www.reddit.com/r/analytics/comments/1gawsta/whats_going_on_with_the_analytics_job_market_need/
business analyst interview experience,analytics,For those of you who want to know the actual day-to-day of a data analyst…,"Come to work with me next week! (Just kidding - though I wish, that would be fun and probably pretty eye-opening for people who are applying).

I'm hosting a free workshop next Friday, 11am-11:30pm EST to talk about how you can gain hands-on, business-relevant experience and optimize your job hunt, resume, and portfolio when it comes to landing a role in analytics. The program I’ll be talking about is based on my years of being a data analyst (currently director in data), hiring analysts across 4 companies, conducting more technical interviews than I can count, being a bootcamp instructor and a mentor to many analysts on my team.

The workshop is linked in my Reddit bio - sign up and feel free to connect with me on LinkedIn (also linked in my bio). If you’re interested in chatting 1:1, shoot me a message on LinkedIn since my Reddit chats don’t always work.",2023-04-28,79,https://www.reddit.com/r/analytics/comments/131yexf/for_those_of_you_who_want_to_know_the_actual/
business analyst interview experience,analytics,Resume Review - Upcoming MS Grad Applying to Entry-Level Data Analyst Roles,"Hey all, I am a long time lurker of this sub and the many adjacent subs regarding data analytics / data science. I have been following the advice of many online in regards to my studies and the skills to focus on, so I am now ramping up to graduate in May with my M.S. in Statistics, along with several years of work and internship experience under my belt utilizing SQL, Python, and R to improve business processes and perform various types of database reporting.

I have been applying to jobs (300+) over the past few months and have yet to receive an interview. I know the market is tough right now, but I also have never had anyone review my resume, and thought it might be a good idea just to make sure there's nothing glaring that I should fix or change. If any of you could take the time to review my (anonymized) resume and provide any thoughts, I would really appreciate it!

[https://drive.google.com/file/d/1h7G90CFqTxHSJjFRbY-GpvE60TtCK1sH/view?usp=sharing](https://drive.google.com/file/d/1h7G90CFqTxHSJjFRbY-GpvE60TtCK1sH/view?usp=sharing)

EDIT: Updated resume based on comments from here and others:

[https://drive.google.com/file/d/1IiC8KsV3hlv\_6snzU4yxS5gGwUn2Y\_CB/view?usp=sharing](https://drive.google.com/file/d/1IiC8KsV3hlv_6snzU4yxS5gGwUn2Y_CB/view?usp=sharing)

Thank you to those of you who took the time, I appreciate it very much!",2024-03-13,4,https://www.reddit.com/r/analytics/comments/1bdurlm/resume_review_upcoming_ms_grad_applying_to/
business analyst interview experience,analytics,Getting over the hump into a starting analysis role,"I studied business analytics and statistics in school. Just completed googles data analytics certificate. I worked for 1.5 years for a health insurance company in a claims role. I have no relevant data/business analyst experience outside of course work. Should I just grind away on getting very good a SQL, focus on building a portfolio, or? Looking for what will make me stand out to get the foot in the door. I’ve applied to tons of Junior/associate level analysts jobs with very few interviews. Any suggestions are appreciated.",2023-12-05,2,https://www.reddit.com/r/analytics/comments/18bjyxt/getting_over_the_hump_into_a_starting_analysis/
business analyst interview experience,analytics,Have some experience in analytics roles but not too savy on the tech side-best way to up my experience?,"So ever since I graduated my masters in information systems for business performance I've acquired 1.5 years experience in analytics- 1 year as a data analyst and another as a data processor which was part data analyst part data entry. As part of my masters I used excel extensively with a small bit of SQL,  Tableau, R-Studio, nothing too strong and barebones. As part of my graduate programme as a data analyst, I got certifications in Microsoft AZ-900, PL-900, AI-900, DP-900. All theory, small bit of experience in Power BI.

The issue I'm having now is that I've recently moved to Canada and have started applying for jobs. I recently had an interview I didn't get where I feel that while I did good for the most part, the main kicker was that they dropped an SQL question in the middle and I don't feel I answered it sufficiently enough, if at all correct. 

Essentially, I have a lot of theory knowledge behind analysis, but what could I do while on the job search to help me get over the line and provide me with some stronger technical knowledge?

&#x200B;

&#x200B;",2024-03-07,1,https://www.reddit.com/r/analytics/comments/1b8oeut/have_some_experience_in_analytics_roles_but_not/
business analyst interview experience,analytics,How MBA in finance can turn into data analyst / data science?,"I have done B Com and now going to complete MBA in 2025 from one of the top institutes in India. I have work experience of couple of years in auditing and finance.  I want to know if companies are open to candidates like me for analytics / data science related profile during placements. (Just for idea regarding placement scenario, am doing MBA in International Business Finance, my college placement's average is 14 LPA and 100% students get placed.)

If yes, then,

Q1. What analytics profiles do they offer?

Q2. What skill set should I build to get shortlisted for interview etc?

Q3. Are there any certifications that I should do / valued for candidate like me?

I also have one last basic question. My current understanding is that today data analyst / data science jobs are well paying and in boom. And I am also equally interested in them.

Q4. I want to know if data analyst / science jobs are good options (in terms of career growth) for MBA grad in comparison to other jobs?",2023-11-15,2,https://www.reddit.com/r/analytics/comments/17w2d0w/how_mba_in_finance_can_turn_into_data_analyst/
business analyst interview experience,analytics,How do you handle people not giving you what you need,"I started a senior data analyst position 4 months ago. 

I've done no analysis of data at all and mostly am just working as a middle man between IT and the business. Kinda like a project manager. 

During interviews, I never claimed that project management was a strength of mine at all, and quite frankly I'm miserably just plowing along until we get our bonus checks and then I'll try to jump ship. My boss also has no experience with analytics. 

*Regardless, I've had this scenario happen a lot*

Person1: Hi MikeyCyrus, can you ask [boss] if he will approve budget for (new product)? 

Me: Hi [boss] can we accommodate (new product) in our budget this year? 

Boss: No absolutely not that should cone from [Person2].

Me: Me: Hi [Person2] can you accommodate (new product) in your budget this year? 

Person2: No, per company policy that should come from [boss]  

Me: Hi [boss], Person2 said it should come from your budget.

Boss: No, ask [Person1] to take in their budget.

Etc etc etc until eventually Person1 gets pissed at me cause this has been going on for months and that I need to give them a timeline of completion. It's insane. 

How do I deal with this? How much project management do you even do in your analytics job? I need a sanity check because I'm miserable.",2023-01-05,18,https://www.reddit.com/r/analytics/comments/1042gva/how_do_you_handle_people_not_giving_you_what_you/
business analyst interview experience,analytics,From Finance to Data Analyst / Business Analyst,"Hi everyone, I left my job at an audit firm a while back, where I specialized in asset management funds and private equity. I also have some experience in general corporate audit and financial analysis. I’m having trouble finding a new audit role, so I’d like to take this opportunity to become a data analyst—a field that has always appealed to me—while staying within the finance sector. I understand that I need to master tools like SQL, Power BI, and Python/R, and also grasp AI and its applications in finance. I’m not sure where to start. In your opinion, which courses or certifications would be useful for becoming a financial data analyst? I’m looking for a clear roadmap. Thanks for your help!",2026-08-30,24,https://www.reddit.com/r/analytics/comments/1w2wl6x/from_finance_to_data_analyst_business_analyst/
business analyst interview experience,analytics,"Applied for 500+ Entry-Mid Level Data Analyst Jobs, 20ish Interviews, 12ish Final Interviews, 0 Job Offers, In Severe Need Of Advice","As the title of this post explains, I need some serious advice for where I'm going wrong.

As a quick background, I'm 22 years old and I graduated in December with a degree in Sport & Entertainment Business Management. I have always had a very analytical mindset and been great with numbers and statistics. My post-grad internship dealt with lots of analysis and report-building which got me very interested in data analytics and moved me away from sport venue management where I thought I wanted to work. I have since taught myself SQL, Tableau, and R (much more confident in first 2 than R) and was already very fluent with Excel and VBA. I completed my Google Data Analytics Certification in May and have been all-out job searching since the beginning of March. I have recently applied to the Master of Science and Data Analytics Program at Kennesaw State University as a back-up plan should I not be able to get a job by the end of the summer.

I understand I'm not going to be a serious contender for mid-level data analytics jobs with 500+ applicants, however it is a bit disturbing that I feel like I haven't even gotten close to an entry-level job offer despite seemingly doing everything right. My whole life people have told me that your degree doesn't matter and that technology is the easiest industry to break into, however right now it just doesn't seem like that's the case. Feel free to take a look at my resume and portfolio links and let me know if there's anything y'all would recommend doing differently. Thanks!

Resume Link: [https://drive.google.com/drive/folders/1gmh\_zjc2-T-v6aQOwirzllYpaUFw2if-?usp=sharing](https://drive.google.com/drive/folders/1gmh_zjc2-T-v6aQOwirzllYpaUFw2if-?usp=sharing)

GitHub SQL Portfolio Link: [https://github.com/jordan-butler/JB-Data-Analytics/tree/main/SQL%20Workspace](https://github.com/jordan-butler/JB-Data-Analytics/tree/main/SQL%20Workspace)

Tableau Public Portfolio Link: [https://public.tableau.com/app/profile/jordan.butler](https://public.tableau.com/app/profile/jordan.butler)",2023-06-09,96,https://www.reddit.com/r/analytics/comments/145bvsi/applied_for_500_entrymid_level_data_analyst_jobs/
business analyst interview experience,analytics,"Is a BA in Accounting, Finance or Business Ad. best for transitioning from Bookkeeper to Financial Analyst?","Hi all. I've been trying to decide and need help from those with experience. Ive been a bookkeeper for several years and have a career studies cert in Accounting, but no degree.

Id like to get my degree online and start reaching towards Financial Analyst roles but not sure what the best path there is? 

Would an accounting degree and experience in Excel be enough? Or do I have to get something more general like Buss Administration or Finance?",2026-08-23,4,https://www.reddit.com/r/analytics/comments/1vwmhd4/is_a_ba_in_accounting_finance_or_business_ad_best/
business analyst interview experience,analytics,Job Search with 2 yrs data analyst experience,"Hey everyone,

I’ve been job hunting on LinkedIn for the past 3 months and haven’t landed a single interview. I’m currently working as a data analyst in Canada with over 2 years of experience. My tech stack includes Python, SQL, Excel, Power BI, and VBA.

I’ve been applying to roles that match my current experience and use the same tools, but I’m either getting rejected or completely ghosted. I know the market’s tough right now, but I honestly don’t get how people with no experience are managing to get interviews when even someone like me isn’t getting callbacks.

Would love to hear your thoughts—has anyone else faced something similar? I’m open to discussing more. This just feels really discouraging.",2025-04-30,73,https://www.reddit.com/r/analytics/comments/1kbqan6/job_search_with_2_yrs_data_analyst_experience/
business analyst interview experience,analytics,Elevance Data Admin Analyst interview - Need help,"Hey everyone,

I recently applied for a Senior Data Admin Analyst role at Elevance Health and made it past the initial virtual screening (done by their virtual assistant). I just got scheduled for an interview with a Senior Engineering Manager, and I'm trying to figure out what to expect.

For anyone who's interviewed at Elevance (especially for data/engineering roles):

\- Was the first manager round more technical, behavioral, or a mix?

\- Did they do any live coding or was it more of a conversation about past experience?

\- Any specific topics or questions I should prep for?

The JD covers a pretty wide range, everything from star/snowflake schema design and data pipelines to marketing automation and ML data prep. Not sure how deep they go in the actual interview vs. what's just listed on the posting.

Any insights would be hugely appreciated. Thanks!",2026-09-21,6,https://www.reddit.com/r/analytics/comments/1wm2ohr/elevance_data_admin_analyst_interview_need_help/
business analyst interview experience,analytics,Business Analyst Salary Reality Check: 0–5 YOE -> Consulting vs Tech/Product,"Hey everyone! 👋

I'm currently pursuing a BBA through distance learning (IGNOU) and preparing to start my career as a Business Analyst.

I'm trying to understand the realistic salary progression for Business Analysts globally, rather than relying only on salary websites, since compensation can vary significantly depending on the country, location, company, industry, and skills.

I'd really appreciate insights from people currently working as BAs or hiring for BA roles.

I'm curious about:

1. **Starting salary**

For someone entering as a fresher / 0 YOE Business Analyst, what salary range is actually realistic in your country?

2. **Salary progression**

How does compensation typically grow with experience?

For example:

\- 0 YOE → ?

\- 1–2 YOE → ?

\- 3 YOE → ?

\- 4–5 YOE → ?

3. **Consulting vs Tech/Product**

How different is the compensation between:

\- Consulting

\- IT Services / MNCs

\- Product / Tech companies

\- Startups

For someone with around 3–5 years of solid experience, what salary range would be considered realistic in each?

4. **Skills & salary**

How much difference do skills such as:

\- SQL

\- Excel

\- Power BI

\- Requirements Gathering

\- Stakeholder Management

\- Agile/Scrum

\- Jira

\- Data Analysis

actually make compensation?

Are there any particular skills or specializations that can significantly improve your salary after 2–3 years?

5. **Career growth**

If you were starting your BA career today, what would you focus on during your first 3–5 years to reach the higher end of the salary range?

I'd especially love to hear actual numbers from people with different YOE.

If you're comfortable sharing, please mention:

Country/Region | YOE | Company Type | BA Role/Specialization | Approx. Salary/TC

**No need to share your company or anything confidential.**

Thanks to everyone who takes the time to share their experience! 🙌",2026-09-13,3,https://www.reddit.com/r/analytics/comments/1wfhsnn/business_analyst_salary_reality_check_05_yoe/
business analyst interview experience,analytics,Being offered a new role (Business Analyst) at my job,"I'm currently a Help Desk tech at my current employer, with a BA in computer information systems and I'm graduating next spring with my MBA. I've been at my job for a bit over a year and they were looking to move me somewhere else in the company since they've thought I've done a great job in my current role. I've spoke to my boss a few times about doing some analytics stuff and upper management was able to put together a completely new position at the company which they offered to me.

So, as someone with no actual business analytics work experience and a company with no previous history in analytics; what are some general things you would imagine I would need to do and get up to speed on before I switch over? - I'm just trying to compile a list and better prepare myself to be able to this job from scratch. Also, whats a ballpark number I can throw out there that would be a reasonable salary? I'll be working remotely in Arkansas.

The only information I've gotten was pretty informal and was just ""hey, you've done a great job, we're going to make this position for you if you'd like to take it"". Other details for responsibilities, expectations, pay, etc will be had within the next month or so.",2026-09-02,10,https://www.reddit.com/r/analytics/comments/1w5obru/being_offered_a_new_role_business_analyst_at_my/
business analyst interview experience,analytics,QA to Business Analyst — Looking for advice from people who made a similar transition,"Hi everyone,

I’m from Chennai, India, and I’m currently planning my next career move into Business Analysis. I’d really appreciate some honest advice from people who are already working as BAs or have made a similar transition.

My career path has been a little different from the usual one.

I completed my Mechanical Engineering degree and, after that, spent several years preparing for government competitive exams. I wasn’t able to crack them, so I eventually decided to move on and build a career in the private sector.

I then worked for a few years in the US healthcare domain as an AR Caller / AR Analyst. That experience gave me exposure to US healthcare processes, communication with different stakeholders, analysis, and working with process-driven systems.

Around 2020–2021, I decided to move into IT and started preparing for a career in software. In 2022, I moved into Software QA, and I’ve been working in QA since then.

Now I’m thinking about moving into Business Analysis.

I feel that my QA experience gives me some relevant exposure because I’ve worked with requirements, test scenarios, defects, developers, SDLC, releases, and understanding how software is expected to work. At the same time, my previous US healthcare experience could potentially help me if I target Healthcare BA positions.

But I’m not sure how realistic this transition is or how recruiters will view my background.

**For those of you working as BAs:**

What would you recommend I do from here?

Should I focus on strengthening BA fundamentals first, such as requirements gathering, BRD/FRD, user stories, acceptance criteria, process mapping, SQL, Jira/Confluence, etc.?

Would it make more sense to target Healthcare BA roles because of my previous domain experience, or should I focus primarily on Software/IT BA roles because of my current QA experience?

Also, how difficult is it to move from QA to BA without having ""Business Analyst"" in my job title?

If anyone here has made a QA tp BA transition, I'd really appreciate hearing how you did it, what skills helped you get your first BA opportunity, and what you would do differently if you were starting again.

I'm also open to mentorship, networking, guidance, or referrals if anyone knows of suitable opportunities for someone with this kind of background.

I know my career path isn't completely straightforward, but I'm serious about making this transition and willing to put in the work.

Thanks in advance to everyone who takes the time to share their experience.",2026-08-10,4,https://www.reddit.com/r/analytics/comments/1vk9yr9/qa_to_business_analyst_looking_for_advice_from/
business analyst interview experience,analytics,Product Control Analyst interview - waiting for a final answer,"Hello! I applied for the position of Product Control Analyst job for a multinational bank. I passed the HR screening, then I was selected by a Product Control Manager for an interview which took place on last Monday.

The interview happened and I had series of technical questions about Financial Market, along with accounting and, then, I had questions involving my professional and educational background, soft skills, how I generally handle situations.

Though the questions were not so easy as I don't have experience yet involving Product Control Analysis, I had moments when I responded correctly and the manager was supportive, interested in getting to know me and the fact that he continued with diverse technical questions was also because I started mentioning about definitions for equity, bonds, stock, futures, FX and derivatives. 

It was a really good interview, it took 15 minutes more than it was estimated and what was really interesting and something that wasn't present in other interviews was that the manager asked me about the notice period and he told me about when he thinks he will be able to be back with news (either him or someone from HR). He told me that in this week (at the beginning of this week most probably) it will happen.

Now it's Wednesday and I haven't received news yet. In the requirements, it's said that it's an advantage to know basic concepts involving Financial products and financial market. On the other hand, it doesn't mention anything regarding experience besides strong Microsoft Excel Skills (which I've also mentioned at the interview by describing what Excel project I'm working on at my actual job, especially through using sort & filter, conditional formatting and PivotTable). I also mentioned diverse skills that I did for uni projects, particularly Bachelor's thesis (from Excel to Tableau and Python).

I also know that it's possible to be a delay whatever news might be, including when the manager's choosing that person to receive an offer.

For those who have experience with Product Control or financial-services hiring, what do you think? Does this sound like a positive interview? And how likely would you say an offer is at this point?",2026-09-09,3,https://www.reddit.com/r/analytics/comments/1wbm1h5/product_control_analyst_interview_waiting_for_a/
business analyst interview experience,analytics,"Sr. Business Analyst (4 YOE) – good at tools, bad at storytelling & stats. How to fix?","I'm a **Senior Business Analyst with \~4 years of experience**. Learned almost everything **on the job**.

**Strong at:**  
Python, SQL, Excel, Power BI, some ML work

**Weak at:**  
Data **storytelling**, explaining insights clearly, and **basic statistics** (formulas + intuition)

I feel I can do the work but struggle to **communicate it confidently**, especially with stakeholders.

**Looking for:**

* How to start improving **storytelling + stats** (from basics)
* **Book recommendations**
* Practical ways to get better (frameworks, exercises, courses, etc.)

Also, I recently got an offer for another **Senior Analyst role** \- what’s the **rough salary range** for this role? Just a ballpark.

Any advice appreciated. Thanks!",2026-01-20,37,https://www.reddit.com/r/analytics/comments/1qhzuwb/sr_business_analyst_4_yoe_good_at_tools_bad_at/
business analyst interview experience,analytics,Friend has a Citizens Bank Data Analyst case study interview. Anyone know the format?,"&#x200B;

Hi everyone,

A friend of mine is interviewing for a Data Analyst position at Citizens Bank and has been invited to a 60-minute virtual case study interview with a Data Science Manager (SVP).

We're trying to understand what to expect. If anyone has gone through this interview or a similar case study at Citizens, we'd really appreciate any insights.

A few questions:

Is the case study shared beforehand or presented during the interview?

What is the overall format?

Is it more business-focused or analytical?

Is it discussion-based or do you have to present a solution?

Any preparation tips?

Thanks in advance!",2026-07-08,2,https://www.reddit.com/r/analytics/comments/1ur5aa5/friend_has_a_citizens_bank_data_analyst_case/
business analyst interview experience,analytics,Business analyst interview question,If an interviewer asks you what your strengths and weaknesses are. What would you say?,2026-06-16,2,https://www.reddit.com/r/analytics/comments/1u72sjp/business_analyst_interview_question/
business analyst interview experience,analytics,Busines analyst interview question,"I am from the bcom background. If an interviewer asked me why I am entering into a business analyst, what would be the best answer? ",2026-06-16,0,https://www.reddit.com/r/analytics/comments/1u72dms/busines_analyst_interview_question/
business analyst interview experience,analytics,Business analyst interview,"I am a fresh man, I want a business analyst internship. Please help with what questions they ask in interviews. I have skills such as power bi and excel. But i am scared of  speaking. ",2026-06-16,0,https://www.reddit.com/r/analytics/comments/1u6zwmn/business_analyst_interview/
business analyst interview experience,analytics,BCG Business Analytics Optimization Senior Analyst - Anyone interviewed ? or What actually happens in the interviews ?,"Hi everyone,

I have a recruiter screening coming up for BCG's Business Analytics & Optimization Senior Analyst role within the North America People Analytics team.

From the JD, the role seems focused on SQL, Python, Tableau, Snowflake, reporting automation, HR/People Analytics, stakeholder management, and some GenAI initiatives.

I have a few questions for anyone who has interviewed for this role (or a similar analytics role at BCG):

* How many interview rounds were there?
* Was there a technical assessment (SQL/Python/Tableau)?
* Were there any case studies, and if so, what kind?
* How much emphasis was placed on technical skills vs stakeholder management/business communication?
* Any preparation tips or resources you'd recommend?

Coming from a Business Analytics background, I'm trying to understand what to expect and where to focus my preparation.

I can also provide the JD if you want to see it.

Appreciate any insights!",2026-06-10,1,https://www.reddit.com/r/analytics/comments/1u1pd4n/bcg_business_analytics_optimization_senior/
business analyst interview experience,analytics,Genuinely curious: why is it so difficult to get an interview for even an entry level data analyst role? Has it always been so?,"I have a BSc in Computer Science and a Postgraduate certificate in Artificial Intelligence with Machine Learning. I'm proficient in Python, SQL, Power BI, Excel, and Machine Learning applications. I haveover 5 years of technical sales and technical support experience. Yet I applied to over 500 jobs in the last few months and heard back from 0 of them especially for data analyst roles. (I did get some interviews for some other roles but got rejected after a few rounds due to competition). Its been a humbling experience and at some point it starts to affect your self esteem.

I have a basic website where I showcased some of my works, power bi dashboards, articles I've written etc but from what I could tell its barely even visited despite me mentioning it in my resume.

Would appreciate advice from sr data analysts /scientists on how I can land a remote data analyst/scientist role perhaps entry level. My family relies on me for income and I got laid off last April.

Edit: I try to make my resume ATS friendly, used jobscan premium for a while for keyword matching but realized the cost was not bringing much return in results. So now I manually edit my resume even if it takes more time.

LinkedIn - I'm relatively active in networking. In the past few months was able to get 2-3 informational calls with professionals and recruiters. One of them from IBM even sent a referral link later but alas that still led to a rejection.

If any of my fellow redditors are open to referrals (if you see a fit of course) please send me a message and I'll share my resume/LinkedIn with you. Thank you🙏",2024-07-24,36,https://www.reddit.com/r/analytics/comments/1eaw0x5/genuinely_curious_why_is_it_so_difficult_to_get/
business analyst interview experience,analytics,Your Data Analyst interview experience,"I’m curious to hear about your interview experiences for data analyst roles, especially mid- to senior-level positions.

How many rounds were there? What types of questions did you get (technical, case studies, SQL, behavioral, take home, etc.)? What industry were you in? How long did the whole process take? Prep tips

I know the title “data analyst” is pretty broad and varies a lot by industry, which is exactly why I’d love to hear experiences across different fields.

Also, how did the actual job compare to the interview process?

Also apologies if this is asked a million times before, but I couldn’t find any with different industries in a single post, it’s usually multiple posts and quite old. ",2026-01-27,22,https://www.reddit.com/r/analytics/comments/1qoqxlh/your_data_analyst_interview_experience/
business analyst interview experience,analytics,Help I've got an analyst interview!,"I've done little bits of analysis tasks within my company for years, I'm very comfortable with excel and I'm pretty self taught with SQL using SQLBolt although no hands on experience and have no experience really at all with power Bl.

all these skills I've mentioned are in the requested skills description for the job.

I feel ABIT out of my depth if I'm honest as I've not had to do any deep data based work for a couple of years and I think there's an excel practical part of the interview aswell, which I think I'll be ok with.

do you guys have any tips for this interview? have any of you had this feeling before your first analyst role? surely I've got to start somewhere right?",2026-03-28,3,https://www.reddit.com/r/analytics/comments/1s5xgpn/help_ive_got_an_analyst_interview/
business analyst interview experience,datascience,A guide to passing the A/B test interview question in tech companies,"Hey all,

I'm a Sr. Analytics Data Scientist at a large tech firm (not FAANG) and I conduct about \~3 interviews per week. I wanted to share my advice on how to pass A/B test interview questions as this is an area I commonly see candidates get dinged. Hope it helps.

Product analytics and data scientist interviews at tech companies often include an A/B testing component. Here is my framework on how to answer A/B testing interview questions. Please note that this is not necessarily a guide to design a good A/B test. Rather, it is a guide to help you convince an interviewer that you know how to design A/B tests.

**A/B Test Interview Framework**

Imagine during the interview that you get asked “Walk me through how you would A/B test this new feature?”. This framework will help you pass these types of questions.

**Phase 1: Set the context for the experiment. Why do we want to AB test, what is our goal, what do we want to measure?**

1. The first step is to clarify the purpose and value of the experiment with the interviewer. Is it even worth running an A/B test? Interviewers want to know that the candidate can tie experiments to business goals.
2. Specify what exactly is the treatment, and what hypothesis are we testing? Too often I see candidates fail to specify what the treatment is, and what is the hypothesis that they want to test. It’s important to spell this out for your interviewer. 
3. After specifying the treatment and the hypothesis, you need to define the metrics that you will track and measure.
   * Success metrics: Identify at least 2-3 candidate success metrics. Then narrow it down to one and propose it to the interviewer to get their thoughts.
   * Guardrail metrics: Guardrail metrics are metrics that you do not want to harm. You don’t necessarily want to improve them, but you definitely don’t want to harm them. Come up with 2-4 of these.
   * Tracking metrics: Tracking metrics help explain the movement in the success metrics. Come up with 1-4 of these.

**Phase 2: How do we design the experiment to measure what we want to measure?**

1. Now that you have your treatment, hypothesis, and metrics, the next step is to determine the unit of randomization for the experiment, and when each unit will enter the experiment. You should pick a unit of randomization such that you can measure success your metrics, avoid interference and network effects, and consider user experience.
   * As a simple example, let’s say you want to test a treatment that changes the color of the checkout button on an ecommerce website from blue to green. How would you randomize this? You could randomize at the user level and say that every person that visits your website will be randomized into the treatment or control group. Another way would be to randomize at the session level, or even at the checkout page level. 
   * When each unit will enter the experiment is also important. Using the example above, you could have a person enter the experiment as soon as they visit the website. However, many users will not get all the way to the checkout page so you will end up with a lot of users who never even got a chance to see your treatment, which will dilute your experiment. In this case, it might make sense to have a person enter the experiment once they reach the checkout page. You want to choose your unit of randomization and when they will enter the experiment such that you have minimal dilution. In a perfect world, every unit would have the chance to be exposed to your treatment.
2. Next, you need to determine which statistical test(s) you will use to analyze the results. Is a simple t-test sufficient, or do you need quasi-experimental techniques like difference in differences? Do you require heteroskedastic robust standard errors or clustered standard errors?
   * The t-test and z-test of proportions are two of the most common tests.
3. The next step is to conduct a power analysis to determine the number of observations required and how long to run the experiment. You can either state that you would conduct a power analysis using an alpha of 0.05 and power of 80%, or ask the interviewer if the company has standards you should use.
   * I’m not going to go into how to calculate power here, but know that in any AB  test interview question, you will have to mention power. For some companies, and in junior roles, just mentioning this will be good enough. Other companies, especially for more senior roles, might ask you more specifics about how to calculate power. 
4. Final considerations for the experiment design: 
   * Are you testing multiple metrics? If so, account for that in your analysis. A really common academic answer is the Bonferonni correction. I've never seen anyone use it in real life though, because it is too conservative. A more common way is to control the False Discovery Rate. You can google this. Alternatively, the book [Trustworthy Online Controlled Experiments](https://amzn.to/4dzXyZP) by Ron Kohavi discusses how to do this (note: this is an affiliate link). 
   * Do any stakeholders need to be informed about the experiment? 
   * Are there any novelty effects or change aversion that could impact interpretation?
5. If your unit of randomization is larger than your analysis unit, you may need to adjust how you calculate your standard errors.
6. You might be thinking “why would I need to use difference-in-difference in an AB test”? In my experience, this is common when doing a geography based randomization on a relatively small sample size. Let’s say that you want to randomize by city in the state of California. It’s likely that even though you are randomizing which cities are in the treatment and control groups, that your two groups will have pre-existing biases. A common solution is to use difference-in-difference. I’m not saying this is right or wrong, but it’s a common solution that I have seen in tech companies.

**Phase 3:** **The experiment is over. Now what?**

1. After you “run” the A/B test, you now have some data. Consider what recommendations you can make from them. What insights can you derive to take actionable steps for the business? Speaking to this will earn you brownie points with the interviewer.
   * For example, can you think of some useful ways to segment your experiment data to determine whether there were heterogeneous treatment effects?

**Common follow-up questions, or “gotchas”**

These are common questions that interviewers will ask to see if you really understand A/B testing.

* Let’s say that you are mid-way through running your A/B test and the performance starts to get worse. It had a strong start but now your success metric is degrading. Why do you think this could be?
   * A common answer is novelty effect
* Let’s say that your AB test is concluded and your chosen p-value cutoff is 0.05. However, your success metric has a p-value of 0.06. What do you do?
   * Some options are: Extend the experiment. Run the experiment again.
   * You can also say that you would discuss the risk of a false positive with your business stakeholders. It may be that the treatment doesn’t have much downside, so the company is OK with rolling out the feature, even if there is no true improvement. However, this is a discussion that needs to be had with all relevant stakeholders and as a data scientist or product analyst, you need to help quantify the risk of rolling out a false positive treatment.
* Your success metric was stat sig positive, but one of your guardrail metrics was harmed. What do you do?
   * Investigate the cause of the guardrail metric dropping. Once the cause is identified, work with the product manager or business stakeholders to update the treatment such that hopefully the guardrail will not be harmed, and run the experiment again.
   * Alternatively, see if there is a segment of the population where the guardrail metric was not harmed. Release the treatment to only this population segment.
* Your success metric ended up being stat sig negative. How would you diagnose this? 

I know this is really long but honestly, most of the steps I listed could be an entire blog post by itself. If you don't understand anything, I encourage you to do some more research about it, or get the book that I linked above (I've read it 3 times through myself). Lastly, don't feel like you need to be an A/B test expert to pass the interview. We hire folks who have no A/B testing experience but can demonstrate framework of designing AB tests such as the one I have just laid out. Good luck!",2024-10-08,1085,https://www.reddit.com/r/datascience/comments/1fyrawz/a_guide_to_passing_the_ab_test_interview_question/
business analyst interview experience,datascience,Should I go for Business Analyst Intern at Amazon?,"I recently got an offer for Amazon as Business analyst intern. Initially I was aiming for Business intelligence engineer intern but at the end only had interviews on BA intern role.

I also had previous experience as a data science intern at another big company.
Since I heard BA intern in Amazon isn't referred as a technical role, do you guys still recommend me in going? Then try to change into BIE if possible once I got in?
Or perhaps I should apply again with BIE roles?

I really want to stay in Data science/engineer related field so I'm really struggling on how to make optimal decisions on this.

Thanks for reading through!",2023-06-01,0,https://www.reddit.com/r/datascience/comments/13xd4xn/should_i_go_for_business_analyst_intern_at_amazon/
business analyst interview experience,datascience,Leaving data science - what are my options?,"This doesn't seem to be within the scope of the transitioning thread, so asking in my own post.

I have 10 YoE and am in the US. Was laid off in January. Was an actuarial analyst back in 2015 (I have four exams passed) using VBA and Excel, worked my way up to data analyst doing SQL + dashboarding (Shiny, Tableau, Power BI, D3), statistician using R and SQL and Python, and ended up at a lead DS. Minus things like Qlik, Databricks, Spark, and Snowflake, I have probably used that technology in a professional setting (yes, I have used all three major cloud services). I have a MS in statistics (my thesis was on time series) and am currently enrolled in OMSCS, but I am considering ending my enrollment there after having taken CV, DL, and RL.

I am very disappointed by how I observe the field has changed since ChatGPT came out. In the jobs I have had since that time as well as with interviews, the general impression I get is that people expect models to do both causal discovery and prediction optimally through mere data ingestion and algorithmic processing, without any sort of thought as to what data are available, what research questions there are, and for what purpose we are doing modeling. I did not enter this field to become a software engineer and just watch the process get automated away due to others' expectations of how models work only to find that expectations don't match reality. And then aside from that, I want nothing to do with generative AI. That is a whole other can of worms I won't get into. 

Very long story short, due to my mental health and due to me pushing through GenAI hype for job security, I did end up losing my memory in the process. I'm taking good care of myself (as mentioned in the comments, I've been 21 weeks into therapy). But I'm at a point right now where I'm not willing to just take any job without recognizing my mental limits. 

I am looking for data roles tied to actual business operations that have some aspect of requirements gathering (analyst, engineering, scientist, manager roles that aren't screaming AI all over them) and statistician roles, but especially given the layoff situation with the federal employees and contractors as well as entry-level saturation, this seems to be an uphill battle. I also think I'm in a situation where I have too much experience for an IC role and too little for a managerial role. The most extreme option I am considering is just dropping everything to become an electrician or HVAC person (not like I'm particularly attached to due to my memory loss anyway).

I want to ask this community for two things: suggestions for other things to pursue, and how to tailor my resume given the current situation. I have paid for a resume service and I've had my resume reviewed by tons of people. I have done a ton of networking. I just don't think that my mindset is right for this field.
",2025-03-27,262,https://www.reddit.com/r/datascience/comments/1jl1ldy/leaving_data_science_what_are_my_options/
business analyst interview experience,datascience,Math major struggling to get an interview for an entry level position.. any advice would be appreciated!,"I've been trying very hard recently to learn some practical stuff and put it on my resume, but I still don't get any call-back from companies. I've been applying for a role as data scientist, data analyst, financial analyst, business analyst, quant trader, quant researcher, etc. Can you give me any constructive feedback for me based on my resume?

https://preview.redd.it/qjk5q1fnv58c1.png?width=612&format=png&auto=webp&s=97cf4f58d4bac3f4bb3f8b5a0f24f9d20b0d335e",2023-12-24,103,https://www.reddit.com/r/datascience/comments/18pmbih/math_major_struggling_to_get_an_interview_for_an/
business analyst interview experience,datascience,Lessons From my 2 Year Job Search,"I just wanted to share some insights from my lengthy job hunt that recently ended on a somewhat positive note. If this resonates with people, I might expand it into a Medium article. My aim is to discuss my experiences, help others, and encourage debate to refine these ideas. I've already applied these learnings to help friends land decent jobs, so I hope it helps you too. This is particularly aimed at those starting their careers in data.

A bit about me: I have 7 years of statistics education and a Master's from a reputable U.S. public school. Graduated amid COVID, I became a model & bottle promoter in Europe while freelancing as a data scientist/analyst. Landed a corperate Data Analyst role last month.

1: Experience Over Education

Your education should solely be a stepping stone to gain experience, be it through internships, entry-level positions, or research. Don't overestimate the power of theoretical knowledge; practical experience reigns supreme. Grades only serve as a ticket to initial experiences.

2 and 3: Refer to Point 1

4: Understanding HR/Recruiters

When writing your resume or preparing for interviews, keep it simple but impactful. Recruiters skim through resumes, so your accomplishments should stand out and be quantifiable. Misrepresenting numbers isn't advisable but emphasizing impact is.

5: Always Be Active

If you're job-hunting, always have a project in the works. Freelance gigs are relatively easy to find, and they add valuable experience to your resume. Keep records of your work—publish articles, maintain a GitHub repository, or hold onto contracts.

6: Networking and Luck

Networking is crucial, and often it's not about what you know but who you know. Being at the right place at the right time can spell success. Lack of social skills will be a bottleneck to career growth even when technical skills are stellar.

7: Company Culture vs Reality

Companies may claim to value innovation and talent, but what they're really looking for are reliable candidates who won't mess up. They're impressed by practical business experience, not academic projects or grades. Phrases like ""innovative culture"", ""entrepreneurial"",  ""solving the largest problems"", ""looking for the most talented people"", etc. are all lies especially for starting out.

8: Avoid Targeting Remote Jobs

Targeting only remote jobs was my biggest mistake. Remote positions usually require a significant amount of experience, so aim for local opportunities or consider relocating.

Final Words
Always prioritize your needs over the company's. Don't shy away from promoting yourself or taking new offers even at the last minute. Most companies are self-centered, and as an employee, you should adopt the same approach to your advantage.

Hope this helps, and I'd love to hear your thoughts!",2023-10-05,158,https://www.reddit.com/r/datascience/comments/170jlh2/lessons_from_my_2_year_job_search/
business analyst interview experience,datascience,Capitulation | It's come to this,"wayy TLDR: 2023 Statistics, Finance, and Math grad with only one internship in tangentially related role. Can't find a job going on well over a year. Located in the US and is mostly location agnostic with a few preferences. Just trying all my options.

Hello, all. I sit here writing this post in disbelief that I am actuall doing this. Generally, in any given subreddit, I am a lurker. A year ago I would have shuddered at the thought of making a post like this. It goes against my nature to ask (beg?) for help from stangers--or, even from anybody at times. I feel as if I've done everything I can and am going insane trying to figure out where I am going wrong. Confiding in my close friend, I spoke of my troubles and experience in my job search (how I had done everything possible and such), and he suggested I make a post to this subreddit. To his credit, I had not done this yet and decided to exhaust all options I know of. I don't know what to expect, but I hope at the very least a see a perspective that allows me to push past the feelings (of what I can't really pinpoint anymore but despair, desperation, and any others you can name are probably there too).

This is my first post of this nature; so, being not sure of how to start, I will begin with an overview of myself and then attempt to consruct a coherent description of my situation. Details of the biography aren't unique to me or necessarily important to understanding my struggles, but, for anyone interested I figured it would save a few additional comments that I may have to make to give them.

I come from a very rural, impoverished area. Both my parents grew up even poorer than we are now, and neither went to college. My dad is a first-generation American so his life story has been quite rough as the family got here in the early 20th century (he is very old compared to my classmates fathers). I was lucky enough to have been born to two wonderful people who supported me in any way they could although not fully understanding the life I wanted--one away from poverty and where I could explore my interests with like-minded people. Luckily, I did exceptionally well in academics and found myself with an acceptance to a top ten undergrad program.

My thoughts (however misguided as there was no one I could have advise on this in highschool) were to go where the money was. Wallstreet. I had set out on studying finance my freshman year. My school  sends countless kids to the top Investment Banks every year and I thought that I should do that, get paid, find myself, and then transition to what ever industry I could if I wanted out. The school paid for a trek out to NYC and we got to go and visit all the big banks and meet with emloyees it was really fun. That was until someone told me about the work culture. This was the 2nd or third month of my freshman year so I was pretty ignorant with most things and when told about the working hours my stomach dropped. It seemed inhuman to work that much and for the price it didnt seem worth it. I struggled with this for a while and really started to enjoy the statistics class I was in. I'm sure you can guess where the rest of that story goes. I ended up switching to statistics; however, I still greatly enoyed finance and the classes were super interesting, so I kept finance for my other major. I also took several math classes past whats required for the minor but not quite the major but I enjoyed them regardless. I got to intern at INSEAD in Paris for a summer as a research assistant in statistics, so I thought I had a good chance to get some sort of data analyst/scientist/etc. role going into my senior year. Being an IB feeder school many of my classmates and friends had fulltime offers already and many more were expecting theres upon completing their upcoming internship. I however got nothing. I couldnt even find a professor that I could work for over the summer.

I went through junior summer jobless and scared. Everyone told me I would find a full time offer before graduating, but I didn't. I didn't care if it was for data/business analyst or data science or marketing data analyst etc. etc.

I was then graduated living at home with no income. My student loans (though very low) still were there and I began having to pay on those. There is no job I can get near me. I never had a car growing up and still dont. We just never had the money for that.

Luckily, there is an amazing alumni network that is always willing to help. Additonally, one of my professors I'm close with has made some good connections for me putting me in contact with some fantastic people who have helped me with interview prep, resume advice/editing, etc. The only thing they couldn't do is give me a referral as, upon looking there were no entry level roles for me that were open.

All of this was going on as I had life happening (as it does haha) This past summer I experienced the death of a close friend, a grandparent, and many other things. Job rejection and ghost after the other just hurt. I was lucky enough to a have a few go to an interview where I got to present my analysis to a team. Now they wont respond to my emails. It feels like some jobs just try to use applicants for free ideas without ever hiring them. Then, one day my girlfriend of 11 months facetimed me saying that she ""thinks it would be best if we didnt talk anymore"". I heard later through a friend that one of the reasons was my lack of ambition since i ""didn't even have a job yet and have the \[prestige of my undergrad\] to back me up"". Long story short, I did something very stupid and tried to take my life, but was stopped by cops who had been notified of a ""distressed person"". I was allowed to 201 myself and 2500 of my savings later, some therapy, and several months later, I feel much better and in control, but the frustration of getting a job still is there. I don't know what to do. I feel like I see everyone saying that referrals are the best way to get a job, which makes sense, but I have very excellent alumni helping and its still not doing it for me. Everyone I graduated with is on wallstreet now or at some consulting firm being overworked, but I just want to work. I like working I want to be sucessful. I sometimes wish I had just stayed with the crowd and not been such a baby about the working hours.

Looking at what I've written I realize it has gotten quite long. I don't want to be annoying, but I promised my friend I would do this. The simple act of posting this brings me much peace as I have exhausted this option. I'm not a big reddit poster/user, so apologies if I broke some unspoken rule or something of this sub. I wont exlain anymore in this initial post but will be happy to answer any commens or dms. I hope that this is somewhat coherent but writing it brought back a lot of memories I don't like to think of, so I did my best to get past it and just have something written down.

Thank you for reading if you did :)",2024-04-10,31,https://www.reddit.com/r/datascience/comments/1c0zhd5/capitulation_its_come_to_this/
business analyst interview experience,datascience,MSCS Admit; Preparing for 2026 Summer Internship Recruitement,"I got admitted to a top MSCS program for Fall 2025! I want to be ready for Data Science recruitement for Summer 2026.

I have 3 YOE as a data scientist in a FinTech firm with a mix of cross-functional production-grade projects in NLP, GenAI, Unsupervised learning, Supervised learning with high proficiency in Python, SQL, and AWS. 

Unfortunately, do not have experience with big data technologies (Spark, Snowflake, Big Query, etc), experimentation (A/B Testing), or deployment due to the nature of my job. 

No recent personal projects. 

Lastly, I did my undergrad from a top school with majors in data science and business. Had some comprehensive projects from classes currently listed on my resume. 

Would highly appreciate advice on the best course of action in the comming 4-8 months to maximize my chances in landing a good internship in 2026. I recognize my weaknesses but would like to determine how I can prioritize them. Have not recruited/interviewed in a while. 

Add info: I am also an international working under an
n H-1B. 

Update: Many of you have flagged that I should not be seeking data science internships with 3 YOE. However, my current title is Quant analyst and is a bit more geared towards finance. Yes the skills are transferable but the problems and the approach are very different.",2025-04-07,23,https://www.reddit.com/r/datascience/comments/1jtdrvr/mscs_admit_preparing_for_2026_summer_internship/
business analyst interview experience,datascience,Feeling Defeated with the Status of the Job Market,"IF THIS ISN’T ALLOWED, FEEL FREE TO DELETE MY POST

About half way through my undergraduate degree in Finance (2017), I had to take a course called Management Information Systems. The professor had worked in Data Science and often told us about his experience. He always brought real world examples into his teaching. Not long after, I quickly double majored in Data Analytics. My school had a great program in the field and was one of the first to offer it as a major. In fact, just a year ago, they created a state-of-the-art analytics lab to complement our Bloomberg lab (with real Bloomberg terminals). I learned a ton, and I was entrenched in the field fully. 

Although I didn’t have a CS background, I had a ton of knowledge in stats, so I immediately enjoyed the classes that got into ML models. Furthermore, I learned a ton about data architecture and it’s been very useful in my professional career thus far. 

I graduated in 2020 and was ready to get into the industry. Not long after, COVID started and job prospects went out the window. It took several months, but in September of 2020 I landed my first job after graduating as a Technical Operations Analyst. It wasn’t exactly what I wanted, but work was hard to come by. I had to take a few Operations Research courses in my undergrad, so I had a decent foundation. The role didn’t involve much, but I did implement an ERP system for the company. In January of 2021 (ironically on my birthday), the company went out of business and unfortunately I was searching for work once again. 

I sent out hundreds of applications, and ended up landing my current job as a “Data Migration Analyst”. I essentially manage databases, write custom queries and work with Azure. Unfortunately, there’s no analytics involved, but it pays well and I enjoy it. However, I never lost my desire to get into the Data Science field.

I have a lot of downtime with my job, so I decided to start my Master of Science in Data Science. It’s been great thus far, and I’ll be graduating this fall. 

Although it’s not complete yet, I’ve been applying to jobs in the field. Whether it’s data engineer/scientist/analyst, BI analyst/developer etc, I’m getting almost no traction. I’ve applied to 100+ jobs. 

I have a portfolio with 3 projects:

1. Used Python to clean/manipulate NFL data and create an interactive dashboard that assigns a rookie prospect grade based on college performance & combine athletic metrics. 

2. Performed a clustering analysis using R on credit card data. I then analyzed a specific cluster that displayed poor credit behaviours using excel. 

3. Created a visually-appealing Power BI dashboard for US Super Market sales. The first dashboard displays all of the relevant metrics, the second forecasts sales for X amount of days in advance. I also used DAX/power query. 


The only traction I’ve gotten since December:

- had interviews in the winter for a Jr. Cloud Engineering role but unfortunately fell short after 4 rounds of interviews.  
- had a headhunter reach out for a contract Data Analyst role, but I said I needed 2 weeks notice and they needed an immediate start
- had an offer for a Middle Database Developer role, but the money was horrendous, so I just couldn’t justify the pay cut 

I know the market is bad, but is there something I’m doing wrong or could change here? I think my resume is perfected, everything down to metrics of improvement are on there. For example, I contributed to a 300% increase in firms onboarded per-month at my current role. 

What would you do differently? It’s hard being 26 years old and feeling like the chances of getting into the industry are fading with every day I don’t apply everything I’ve learned in a work setting.

Resume link: https://imgur.io/a/74hqGEV",2023-07-15,12,https://www.reddit.com/r/datascience/comments/14zxlcy/feeling_defeated_with_the_status_of_the_job_market/
business analyst interview experience,datascience,How I transitioned from Accounting / Finance to Data Analytics after 7 years of work.,"**Introduction**

Hey everyone, I don't know how long this post will be but for sure I know it will be a long one.   
I just want to say that, as many of you around this sub, I am also looking for personal growth and wondering stuff (currently it is ""should I transition to Data Science? If so, how?"") and while reading the FAQ's and weekly threads, I noticed there is not a lot of posts related to non-STEM background transitioning to Data Analysis, hence this is my attempt to help anyone out there.

**Background / Context**

I studied my undergrad degree in Mexico City (my hometown) in Finance and Banking. It was mostly focused in trading (debt and equity) and corporate finance (budgetting, ledgers, basics of forecasting, entrepreneurship). Since year 1, I also worked as an intern for a private bank, so I always had my days pretty packed with homehork, classes and things to do at work. 

After graduation, I was still in the same company but now with a full-time job as a financial ""analyst"" , where my analysis weren't further than creating Excel Sheets with some graphs, until I eventually got involved into learning VBA and programming macros, and this is where I found out I loved stuff related to coding. 

Up to this point I was still working in the company but now helping all the teams to automate all of their processes through VBA and even some Python (I used to search on my own all of this, mostly on YouTube or StackOverflow). I still didn't have any idea on what actual data analysis was, I was just enjoying the process of learning new skills. 

**The transition to Data Analysis**

After approximately 1.5 years of doing VBA and automation, I felt stuck and not learning anyomre. The company I worked for is very small, around 100 employes, so there was no clear organizational structure to grow, I had no mentors or anything like it. 

Here is where I found this [Data Analytics BootCamp](https://bootcamp.tec.mx/data/) in one of the best private universities in the country. I managed some stuff at work and convinced my boss to pay for the whole thing, as the BootCamp itself was a bit expensive (around 6k USD) and I couldn't afford it myself out of the blue. 

I am no related to the school at all other than being their former student on this Bootcamp, so everything I am going to say is pure personal experience, but you can also check [what other people say about it](https://www.coursereport.com/schools/tecnologico-de-monterrey-boot-camps).

The program was very intense, it lasted for 9 months and I had at least 6 hours of studying per week (after working hours). The program is fast-paced, and is made for you to actually study most of the time rather than just keeping what you saw in class. The teacher shows you the basics, answers questions and shows a couple of examples, but gives a lot of resources where you can expand your knowledge based on the topics you saw. 

After finishing, I couldn't believe that I was able to set up a basic HTML webpage online, containing Python code in the backend that would execute some analysis after clicking a button on the frontend. This was our final project (unfortunately Heroku changed its pricing plan so the page is no longer up, otherwise I would share it), and I was so proud of how much I learned using Python, SQL, HTML and JavaScript (and a few libraries from it). 

After finishing, you also get career coaching to improve your CV and LinkedIn profile to adapt to today's recruitment world, which oh boy, only if I knew. I learned about the automated systems that review CV's, what kind of elements you should include and exclude from a CV, what experience is actually relevant, what should you add as skills or activities in your previous jobs, and much more. 

And finally after 3 months of finishing the bootcamp, I was landing my first job as a Data Analyst in [Nubank](https://nubank.com.br/en/). As a small reminder from the title, **this happened after 7 full years of working experience.**

**What happened after becoming a Data Analyst**

I was super happy with my new job, everything was new for me, I was learning tons and already delivering good results after 3-4 months of being at my new job. Little that I knew, I was sourced on LinkedIn from a recruiter in the other side of the world and being offered full relocation package to work for Bolt, the so-called ""Uber EU competitor"". One of my life goals was to live abroad, so after a long 5 months of process, I was ready to relocate to Estonia. 

Now, after 1.5 years, I have been promoted to Senior Data Analyst and I'm still learning and enjoy as much as when I first did data analysis. Of course, we all want to keep growing and improving, so I just keep doing so and from time to time trying to get more involved into Data Science, so hopefully one day I can make another post of ""non-STEM background transitioned to Data Science"". 

**What skills do I actually use as a Data Analyst?** 

I think most of us are stuck in a never-ending world filled with as many resources as possible and we are often told ""you need to learn X, Y and Z skills"" while others say ""you actually need A, B and C"". While there is no aboslute truth, I will tell you what skills I use everyday since I started this journey:

\- Logical thinking. This is perhaps one of the most underrated skills, as I don't see many people talking about it. The fact that you need to understand how coding works in a logical level it's so crucial but everyone gives it for granted. You should be able to know what are logical operators, what is a function and its parameters and how do they work, what is the logic behind a LOOP, an IF and how to gather everything together. This goes beyond any programming language, you can always ask ChatGPT nowadays how to write an IF statement in JS, Python, R, SQL, etc. But **when** and **how** to apply  it is the most important part. 

\- SQL. This is by far top 1 language I needed to learn. Even before Python (which comes next), SQL is a very basic tool everyone aspiring to be a Data Analyst should have. Even if you don't know Python, you can even read tables using SQL through Python, and not the other way around. You should know how to select columns, transform them, create new ones, group them, do Window functions, Ranking functions, and more. 

\- Python. I don't know how many companies out there don't use Python, but I would say it's a pretty standard language to learn nowadays, specially because its structure is not so complicated to learn. I've seen already a good description on the basic libraries you should know about Python [here](https://www.reddit.com/r/datascience/wiki/frequently-asked-questions/#wiki_how_do_i_learn%2E%2E%2E), so I won't repeat much about it. 

\- Statistics. If you want to analyze data, you need to know at least basic statistics to help you through the day. You should be able to know basic concepts such as trends, medians, means, basic regression, interquartiles, discrete variables, and so on. I am maybe not the best guide in this field as I have not that much knowledge on it and what I know is more from my previous experience rather than formal education, so maybe I'm saying some stuff that it's not basic.   
The whole point is that you should be able somehow to identify the trends and spot problems, opportunities within the data you analyze. Most of the times the managers and other higher management won't care if you did a super exotic model or a very basic comparison, they care for the value you can bring. 

\- BI Tool. I personally use Looker, but it really doesn't matter if you use Power BI, Tableau or I don't know which others exist out there. The full point is to understand how BI tools work, what are dimensions and measures and which ones are grouped by to get proper results. You should know also what is the purpose of each graph and adapt it accordingly to your needs.

\- Communication skills. This is also taken for granted in many cases but I have first-hand seen a lot of people that can't communicate their ideas clearly. They are great at finding insights or coding, but they can't just translate their technical thoughts to good business opportunities, thus upper management folks just disregard ideas or don't understand clearly and don't push their ideas to a proper place. 

I think these are the top 5 skills I can tell you are constantly used in my every day life. Some others that I also use constantly but were not the basis for getting a job here are: 

\-Github or any other version control software (I would say this is a VERY important tool to have and every tech-related person should know it, but it was not relevant in any of my interview process so not highlighting it)   
\- dbt  
\- Databricks (SparkSQL)  
\- Relational vs no Relational Databases  
\- Jupyter Notebooks (Mostly related to Python learning, so kinda assumed you know how to use them after learning Python)  


**Summary / Conclusions**

If you feel more confused than you were after reading all of this (thank you for reading btw), I will try to summarise the most important points: 

1. If you don't have any good background in math or statistcs nor programming, I would encourage you to at least study some kind of bootcamp or specialization in Data Analysis, where Python, SQL, Statistics and a Power BI tool are taught. If you are a self-learner that is also a good way, however, unfortunately some companies prefer solid studies backgrounds (which I don't agree with), so we also need to think how the real world is moving. 
2. This is a long path. You don't have to work 7 years like I did to start thinking about studying something, as everyone's path is different. But those years definitely helped me to develop some skills such as knowing your stakeholders, communicating clrearly and logical thinking. So I can tell you that it's highly likely you won't transition in one or 2 years, specially if you have no prior experience. Remember it's not a race, it's your professional path and what you will be doing for the rest of your life (if that's what you want of course), so better to take the needed steps to do it right and in the long term you will find better benefits. 
3. One thing I didn't mention in the Bootcamp part is that you should aim to have a Github portfolio showcasing some of your projects. There are many resources like [freecodecamp.org](https://freecodecamp.org) that can help you work in projects and upload them to Github. These projects will help you not only to practice your skills and take them to then next level, but will also be a complimentary tool in your job-search. 

Finally, if you have any questions or feel like I could improve the information in my post, let me know and I'll try my best to answer or update this. 

And for everyone out there trying to get to this field, best of success!",2023-07-15,21,https://www.reddit.com/r/datascience/comments/1509qjo/how_i_transitioned_from_accounting_finance_to/
business analyst interview experience,datascience,Interview Help - Sales Operations Data Scientist - Forecasting,"Hello all! I have an interview for a sales operations Data Scientist (DS) position at a provider of critical infrastructure and services for data centers and related facilities. I want to nail this interview, but I have been having a hard time figuring out what to study for the technical side of things, what some good questions might be to ask, and what kinds of industry questions they might ask. They said they need someone who can do forecasting and has the ability to explain statistical models to salespeople and convince them that they are reliable and should be used (I slightly above average on the last part but I have great soft skills and an am passionate about this).

Below is my schedule, an email from the recruiter, and the job description. I only have one year experience as a predictive analyst at an insurance company, I took a time series course in the spring of 2021 (plus my thesis involved change point), and I know R (really well), excel (really well), R Shiny (Kinda, it's been a few years), and Python (the absolute basics). I hit it out of the park at the first interview with the hiring manager because I showed her some projects I have been working on, including a basic ARIMA model I made in preparation for this interview.

**Schedule:**

1. Sales Data Manager - 30 minutes
2. Sales Data Manager - 30 minutes
3. Director, Demand Planning - 30 minutes
4. 2 Analysts - 30 minutes
5. Director, Sales Data Analytics - 45 minutes (I already interviewed with her for 30 min. I showed her some projects I had been working on and she was impressed. I suspect this will be the more technical part.)

**Email:**

I’ve included the job description below.  The other things we spoke about were modeling used for forecasting.  Rohit, Director Demand Planning works through what we call SIOP Sales, Inventory, Operations, and Planning.  Keep that in mind and how your experiences may be relevant to a sales operations team.

**Job Description (says SDS but they would hire me in as a DS):**

**POSITION SUMMARY**

The Senior Data Scientist will research, develop, and deploy actionable best-in-class statistical and machine learning models and methods to measurably improve the sales force's effectiveness and overall outcomes.

**RESPONSIBILITIES** 

* Development of processes to support advanced analytics and data driven decision making processes. Provide consultative and direct support to assist the development of foundational analytics capabilities to accelerate and leverage advanced analyses.
* Communicate complex topics to senior and regional leaders and build strong relationships and data/model confidence at all levels of the sales organization.
* Uses business experience and education to recommend, develop, and implement best practices in model development, recommend appropriate models for business needs, support business review processes with effective visualizations and automate processes where needed.
* Mentors other data scientists and sales analysts to promote a culture of collaborative growth and continuous learning and improvement

**QUALIFICATIONS**

* 5+ years’ analytical experience or commensurate higher education
* Experience working with a programmatic statistical language like Python or R, Python preferred
* Experience working with a visualization tool like Power BI or Tableau, PowerBI preferred
* Experience working with SQL and a large data platform like Snowflake or Hadoop
* Proficiency and application experience in data analysis, business intelligence, simulation, and optimization.
* Exposure to and proficiency in a broad range of analytics methods and how to deploy them in real-world applications
* Attention to detail in execution
* Able to take high level direction and create/implement actionable plan 
* Self-directed and confident in managing a portfolio of ongoing projects, advocating for prioritization based on relative business value.",2024-01-21,5,https://www.reddit.com/r/datascience/comments/19bshlx/interview_help_sales_operations_data_scientist/
business analyst interview experience,datascience,"Hitting a bottleneck (500+ applications over the past half year with barely any interviews at all). Any advice on job searching, applications, or even transitioning from another field?","I've been job searching for awhile now, and while I understand that the job market in general is rough right now, I have to imagine that struggling to even get initial interviews means that I'm doing something wrong. 

For context, I'm pretty much graduated with a BA in Economics at Boston University. I have some part-time and internship experience: about half a year of working the front desk of a small hotel (I have not put this on my resume since I worked the job for side money, not for work experience), a few months as a Sales Representative, a few months as a Dispute Resolution Analyst for the Better Business Bureau, and a few other internship experiences during my high school years. Obviously, none of my work experience is related to working with data or analysis, other than some of my Economics coursework, completing the Google Data Analytics certificate, and a guided project with Python (NumPy, Pandas, Seaborn) in Exploratory Data Analysis on Coursera. In any case, I know that my work experience is pretty weak/nonexistent and I've been struggling to even get an initial interview for entry-level/no-experience-required roles. So what can I do in terms of job searching/applications? Should I focus more on my resume/work experience by completing my own projects that demonstrate self-taught skills (Excel, SQL, Python, etc.)? Or should I give up on trying to apply for data/analyst roles and instead try to transition in through a different field like Marketing, Consulting, etc? Any and all feedback that can help me get past this current bottleneck would be greatly appreciated!",2023-10-16,10,https://www.reddit.com/r/datascience/comments/1792cy2/hitting_a_bottleneck_500_applications_over_the/
business analyst interview experience,datascience,How long to stay in unproductive environment?,"Looking for some career advice as to whether it’s best to stick it out or look for a different opportunity.

I have four years of experience working as a data scientist and several years as a data analyst. I have worked at three different companies (large [10000+] and small [<1000]) and I left my last job because I did not find the industry exciting, but the company overall had a strong data science department. The company also did not pay very well compared to other places.

I have been with my current company for over a year now. I get paid a lot more and enjoy the projects, but our company/team struggles to get models into production for various reasons. Additionally, leadership has a poor understanding of data science. We perform strongly as a business and there are a ton of opportunities to implement machine learning, experimentation, and advanced analytics but our leadership struggles to pave the way. A lot of it is because we never get buy-in from stakeholders. They just want to do the same thing they have been doing for the last 10 years. We also don't have the tech stack or resources to implement data science solutions.

For example, my manager’s idea of machine learning is manually running a notebook every morning and uploading the scores. Our cloud team will not give us access to ML cloud services such as SageMaker or Vertex AI, and our single MLOps engineer is not very experienced so it has been taking them forever to get stuff into production (over a year for a single model [WTF]). The job is not stressful at all, but it is extremely disappointing to not see any of our work have a positive impact like I did at my last job.

Anyway, is it worth sticking out if I don't dislike my manager or projects? Can things turn around at a place like this? I was thinking of bailing, but it is a safe place to be given the current job market.

I interviewed at a startup that I would love to work at and made it to the last round, but the CEO notified me that they decided not to hire right now because they are too busy to onboard, and they will reach out later in Q1. My idea is to wait and see if they extend the offer early this year and if they don't start looking for other jobs. Thoughts?",2024-01-25,12,https://www.reddit.com/r/datascience/comments/19eys1q/how_long_to_stay_in_unproductive_environment/
business analyst interview experience,datascience,How MBA in finance can turn into data analyst / data science?,"I have done B Com and now going to complete MBA in 2025 from one of the top institutes in India. I have work experience of couple of years in auditing and finance.  I want to know if companies are open to candidates like me for analytics / data science related profile during placements. (Just for idea regarding placement scenario, am doing MBA in International Business Finance, my college placement's average is 14 LPA and 100% students get placed.)

If yes, then,

Q1. What analytics profiles do they offer?

Q2. What skill set should I build to get shortlisted for interview etc?

Q3. Are there any certifications that I should do / valued for candidate like me?

I also have one last basic question. My current understanding is that today data analyst / data science jobs are well paying and in boom. And I am also equally interested in them.

Q4. I want to know if data analyst / science jobs are good options (in terms of career growth) for MBA grad in comparison to other jobs?",2023-11-15,0,https://www.reddit.com/r/datascience/comments/17w2ck3/how_mba_in_finance_can_turn_into_data_analyst/
business analyst interview experience,datascience,advise,"can someone tell me what am I doing wrong on my resume?

https://preview.redd.it/t61s80qpofha1.png?width=1110&format=png&auto=webp&s=e82e5c07f13085a55680795dc7285864ae17e876",2023-02-10,0,https://www.reddit.com/r/datascience/comments/10z4b9h/advise/
business analyst interview experience,datascience,"No Work, Rejection in Job search","In my current organization , I am not getting any work , or even if I do , it is not a quality work. I suspected this pattern. So , I started applying externally and did not qualify for any job yet. It has been more than 1.5 year. My years of experience are increasing without actually having that experience. I have given n number of interviews. Every interview is kind of new thing. I am data analyst and in interview , some will go focussing on Adv.SQL, some on open ended business , product question , some on DSA , some on mathematical part of machine learning algorithms , some on DAG , ETL. I understand all of the topics pretty well except DSA but until I have a working experience , it is of no use in interview. I will be caught on some or the other topics. I feel there is a lot expected from data analyst /data scientist profile. I tend to forget things here and there. If I share my situation , everyone is like do some trainings on udemy , okay but it is like I am feeding more and more information. I feel tired , exhausted , and my confidence hit a rock bottom. I always have a fear of being kicked out and companies I interviewed and applied for has shown me my value. Does anyone have any actionable suggestions and feedback to improve my confidence to least, I will be happy to receive them",2023-08-27,11,https://www.reddit.com/r/datascience/comments/162on7r/no_work_rejection_in_job_search/
business analyst interview experience,datascience,Career paths in data analytics / science / engineering,"Hi all - for part of my next newsletter post I'm working on a rough / high level visual to help people in the data field understand the paths open to them and in some cases to help understand which path they're currently on.

Thoughts on the early draft below? Is it too high level?

&#x200B;

https://preview.redd.it/uhln4549rjfb1.png?width=1406&format=png&auto=webp&s=0351a7d9932a83fa2f61ec34a96d6c22adac70bd

Newsletter: [https://forefrontofdata.substack.com/](https://forefrontofdata.substack.com/)

&#x200B;

&#x200B;",2023-08-01,4,https://www.reddit.com/r/datascience/comments/15flkk0/career_paths_in_data_analytics_science_engineering/
business analyst interview experience,datascience,Feedback on my MVP project - Pre-Recorded Standardized Video Interviews Job Site for Data Professionals," 

Hey!

**Startup:**

\- Apply Script dot com ""Connect business and data professionals via pre-recorded standardized video interviews.""

**More details:**

**Problems with Traditional Hiring**

\- Outdated: The current method of conducting interviews has become overly complex and outdated.

\- Time-Wasting: The process involves too many appointments, meetings, and stages, leading to communication errors.

\- Expensive: The man-hours invested by HR and engineering teams are costly.

\- Constraining: Interviews are fixed to specific times and locations.

\- Cumbersome: The experience is challenging for both businesses and professionals.

**Our Solution**

\+ Talent Identification: We find top talent that matches your job post.

\+ Standardized Interviews: Professionals standardized pre-record their interviews (apples to apples comparison), covering areas such as CV, personality questions, project presentations, theory questions, coding tests, and hobbies.

\+ Efficiency: Businesses receive a pre-filtered batch of top applicants with their interviews ready for viewing.

\+ Time-Saving: Professionals can apply and businesses can employ candidates more quickly than with traditional methods.

\+ Reduced Workload: Minimize time spent reviewing applications; all interviews are pre-recorded.

\+ Flexibility: Managers can watch, speed up, or rewind interviews at their convenience.

\+ Transparency: Applicants receive immediate feedback on their applications to avoid being ""ghosted.""

**Life cycle stage:**

\- Validation: Currently looking to run our ***#1st pilot B2B*** with our first client.

**My role:**

\- Founder

**Goals for this month:**

\- Secure my first client for the pilot.

\- Obtain feedback from both the employee and business sides.

\- Optimize the product based on the feedback received.

**How can I** **help?**

\- I am searching for a business, that wants to streamline and accelerate the hiring of top data professionals (ex.: Data Scientist, Machine Learning Engineer, Data Engineer, Data Analyst) in the USA.

\- in the USA.

Thx for the feedback ;)",2023-10-17,1,https://www.reddit.com/r/datascience/comments/17aba8j/feedback_on_my_mvp_project_prerecorded/
business analyst interview experience,datascience,Advice on Career and Moving to the UK,"I've seen people ask for career advice on here and I've found some of it useful so figured I would ask the subreddit myself.

I'm currently working as a data analyst for a credit union (for non-US people, it's like a building society) and before that I worked at a consulting company and a non-profit. All mainly data analyst/business analyst type roles, doing ad-hoc queries in SQL and working on reports in Tableau and Power BI.

Overall I have almost 4 years experience now, having previously spent many years as a teacher. I did an R based data analyst bootcamp and a Python based data science bootcamp so I have those skills in my back pocket as well.

My goal is basically to move to the UK, in London or the Southeast to be closer to friends and extended family. I feel like I need more experience and/or work for a larger company to make that transition. I have been looking and applying for jobs over there the last 6 months with the skilled worker visa process, it appears difficult and I have not even been able to get an interview.

I'm planning on moving to Seattle next month and trying to find a job at a bigger company in order to advance my career which I believe would set me up better for a move. My question would be: does my logic sound correct? Or am I missing something that would allow me to move to the UK with my background the way it is.",2023-01-17,1,https://www.reddit.com/r/datascience/comments/10e64o6/advice_on_career_and_moving_to_the_uk/
business analyst interview experience,datascience,Data Analytics Intern Resume (Tips),"Hello Everyone,

I have recently changed my career path to data analytics and was wondering if anyone could provide me with some pointers for my resume. I have adjusted to make it more catered for the data science/technology world but would appreciate all the help I could get. I have taken some programming/analytics courses and currently tutor this subject at my college at the beginner level. Thank you all.

https://preview.redd.it/57q1ch1buv9a1.png?width=1296&format=png&auto=webp&s=b4dbb048246febe0b8719136bd8edc40aff6fa26",2023-01-03,2,https://www.reddit.com/r/datascience/comments/102hjva/data_analytics_intern_resume_tips/
business analyst interview experience,datascience,"For every ""data analyst"" position I have interviewed for, all they really care about is SQL skills which is what I have the least experience in. Should I only be targeting ""data science"" positions?","I completed a bootcamp and have some independent projects in my portfolio (non-paid, just extra projects I did to show as examples). Recruiters keep contacting me about data analyst positions and then when I talk to them, they eventually state that SQL skills and database experience are what they really need.

I have taken SQL modules and did some minor tasks, but I have no major project to show for it. Should I try to strengthen my SQL portfolio, or should I only look at ""Data Scientist"" positions if I want Python, statistical analysis, and machine learning to be my focus?",2023-03-08,421,https://www.reddit.com/r/datascience/comments/11m00fv/for_every_data_analyst_position_i_have/
business analyst interview experience,datascience,I know a lot struggle with getting jobs. My experience is that AWS/GCP ML certs are more in-demand than anything else and framing yourself as a “business” person is much better than “tech”,"Stats, amazing. Math, amazing. Comp sci, amazing. But companies want problem solvers, meaning you can’t get jobs based off of what you learn in college. Regardless of your degree, gpa, or “projects”. 

You need to speak “business” when selling yourself. Talk about problems you can solve, not tech or theory.

Think of it as a foundation. Knowing the tech and fundamentals sets you up to “solve problems” but the person interviewing you (or the higher up making the final call) typically only cares about the output. Frame yourself in a business context, not an academic one. 

The reason I bring up certs from the big companies is that they typically teach implementation not theory. 

That and were on the trail end of most “migrations” where companies moved to the cloud a few years ago. They still have a few legacy on-prem solutions which they need people to shift over. Being knowledgeable in cloud platforms is indispensable in this era where companies hate on-prem. 

IMO most people in tech need to learn the cloud. But if you’re a data scientist who knows both the modeling and implementation in a cloud company (which most companies use), you’re a step above the next dude who also had a masters in comp sci and undergrad in math/stats or vice versa ",2024-09-26,303,https://www.reddit.com/r/datascience/comments/1fpnhb8/i_know_a_lot_struggle_with_getting_jobs_my/
business analyst interview experience,datascience,Is the traditional Data Scientist role dying out?,"I've been casually browsing job postings lately just to stay informed about the market, and honestly, I'm starting to wonder if the classic ""Data Scientist"" position is becoming a thing of the past.

Most of what I'm seeing falls into these categories:

* Data Analyst/BI roles (lots of SQL, dashboards, basic reporting)
* Data Engineer positions (pipelines, ETL, infrastructure stuff)
* AI/ML Engineer jobs (but these seem more about LLMs and deploying models than actually building them)

What I'm *not* seeing much of anymore is that traditional data scientist role - you know, the one where you actually do statistical modeling, design experiments, and work through complex business problems from start to finish using both programming and solid stats knowledge.

It makes me wonder: are companies just splitting up what used to be one data scientist job into multiple specialized roles? Or has the market just moved on from needing that ""unicorn"" profile that could do everything?

For those of you currently working as data scientists - what does your actual day-to-day look like? Are you still doing the traditional DS work, or has your role evolved into something more specialized?

And for anyone else who's been keeping an eye on the job market - am I just looking in the wrong places, or are others seeing this same trend?

Just curious about where the field is heading and whether that broad, stats-heavy data scientist role still has a place in today's market.",2025-05-22,528,https://www.reddit.com/r/datascience/comments/1ksev5p/is_the_traditional_data_scientist_role_dying_out/
business analyst interview experience,datascience,"My path into Data/Product Analytics in big tech (with salary progression), and my thoughts on how to nail a tech product analytics interview","Hey folks,

I'm a Sr. Analytics Data Scientist at a large tech firm (not FAANG) and I conduct about \~3 interviews per week. I wanted to share my transition to data science in case it helps other folks, as well as share my advice for how to nail the product analytics interviews. I also want to raise awareness that Product Analytics is a very viable and lucrative data science path. I'm not going to get into the distinction between analytics and data science/machine learning here. Just know that I don't do any predictive modeling, and instead do primarily AB testing, causal inference, and dashboarding/reporting. I do want to make one thing clear: This advice is primarily applicable to analytics roles in tech. It is probably not applicable for ML or Applied Scientist roles, or for fields other than tech. Analytics roles can be very lucrative, and the barrier to entry is lower than that for Machine Learning roles. The bar for coding and math is relatively low (you basically only need to know SQL, undergraduate statistics, and maybe beginner/intermediate Python). For ML and Applied Scientist roles, the bar for coding and math is much higher. 

Here is my path into analytics. Just FYI, I live in a HCOL city in the US.

**Path to Data/Product Analytics**

* 2014-2017 - Deloitte Consulting
   * Role: Business Analyst, promoted to Consultant after 2 years
   * Pay: Started at a base salary of $73k no bonus, ended at $89k no bonus.
* 2017-2018: Non-FAANG tech company
   * Role: Strategy Manager
   * Pay: Base salary of $105k, 10% annual bonus. No equity
* 2018-2020: Small start-up (\~300 people)
   * Role: Data Analyst. At the previous non-FAANG tech company, I worked a lot with the data analytics team. I realized that I couldn't do my job as a ""Strategy Manager"" without the data team because without them, I couldn't get any data. At this point, I realized that I wanted to move into a data role.
   * Pay: Base salary of $100k. No bonus, paper money equity. Ended at $115k.
   * Other: To get this role, I studied SQL on the side.
* 2020-2022: Mid-sized start-up in the logistics space (\~1000 people).
   * Role: Business Intelligence Analyst II. Work was done using mainly SQL and Tableau
   * Pay: Started at $100k base salary, ended at $150k through a series of one promotion to Data Scientist, Analytics and two ""market rate adjustments"". No bonus, paper equity.
   * Also during this time, I completed a part time masters degree in Data Science. However, for ""analytics data science"" roles, in hindsight, the masters was unnecessary. The masters degree focused heavily on machine learning, but analytics roles in tech do very little ML.
* 2022-current: Large tech company, not FAANG
   * Role: Sr. Analytics Data Scientist
   * Pay (RSUs numbers are based on the time I was given the RSUs): Started at $210k base salary with annual RSUs worth $110k. Total comp of $320k. Currently at $240k base salary, plus additional RSUs totaling to $270k per year. Total comp of $510k.
   * I will mention that this comp is on the high end. I interviewed a bunch in 2022 and received 6 full-time offers for Sr. analytics roles and this was the second highest offer. The lowest was $185k base salary at a startup with paper equity.

**How to pass tech analytics interviews**

Unfortunately, I don’t have much advice on how to get an interview. What I’ll say is to emphasize the following skills on your resume:

* SQL
* AB testing
* Using data to influence decisions
* Building dashboards/reports

And de-emphasize model building. I have worked with Sr. Analytics folks in big tech that don't even know what a model is. The only models I build are the occasional linear regression for inference purposes.

Assuming you get the interview, here is my advice on how to pass an analytics interview in tech.

* **You have to be able to pass the SQL screen**. My current company, as well as other large companies such as Meta and Amazon, literally only test SQL as for as technical coding goes. This is pass/fail. You have to pass this. We get so many candidates that look great on paper and all say they are expert in SQL, but can't pass the SQL screen. Grind SQL interview questions until you can answer easy questions in <4 minutes, medium questions in <5 minutes, and hard questions in <7 minutes. This should let you pass 95% of SQL interviews for tech analytics roles.
* You will likely be asked some case study type questions. To pass this, you’ll likely need to know AB testing and have strong product sense, and maybe causal inference for senior/principal level roles. [This article by Interviewquery](https://www.interviewquery.com/p/data-science-case-study-interview-questions#data-analytics-case-study-questions) provides a lot of case question examples, although it doesn’t provide sample answers (I have no affiliation with Interviewquery). All of them are relevant for tech analytics role case interviews except the Modeling and Machine Learning section.

**Final notes**  
It's really that simple (although not easy). In the past 2.5 years, I passed 11 out of 12 SQL screens by grinding 10-20 SQL questions per day for 2 weeks. I also practiced a bunch of product sense case questions, brushed up on my AB testing, and learned common causal inference techniques. As a result, I landed 6 offers out of 8 final round interviews. Please note that my above advice is not necessarily what is needed to be successful in tech analytics. It is advice for how to pass the tech analytics interviews.

If anybody is interested in learning more about tech product analytics, or wants help on passing the tech analytics interview, just DM me. I wrote up a guide on how to pass analytics interviews because a lot of my classmates had asked me for advice. I don't think the sub-rules allow me to link it though, so DM me and I'll send it to you. I also have a Youtube channel where I solve mock SQL interview questions live. Thanks, I hope this is helpful.

  
Edit: Too many DMs. If I didn't respond, the guide and Youtube channel are in my reddit profile. I do try and respond to everybody, sorry if I didn't respond.",2024-09-15,709,https://www.reddit.com/r/datascience/comments/1fhli34/my_path_into_dataproduct_analytics_in_big_tech/
business analyst interview experience,datascience,"200 applications - no response, please help. I have applied for data science (associate or mid-level) positions. Thank you ",,2025-01-11,433,https://www.reddit.com/gallery/1hyploh
business analyst interview experience,datascience,Senior Analyst interview at Wayfair,"Hello everyone,  
I am interviewing for a senior technical analyst position at wayfair and got a case study interview next week. I am told its like a product case about coffee makers with pricing strategy and profitability. Wondering if anyone here went through the process , how the experience was and if you got any information on the actual case?  
Thanks!",2023-06-26,0,https://www.reddit.com/r/datascience/comments/14j4h2l/senior_analyst_interview_at_wayfair/
business analyst interview experience,datascience,I applied to 250 jobs and timed how long each one took,"Applying to jobs online is like navigating a maze.

Amidst the special torture that is resume parsing software, the inability to reuse information across different application tracking systems (ATS), and the existence of a certain company that rhymes with every day of the week, it can get pretty frustrating.

I wanted to explore what factors make a job application more or less frustrating.

For example, what industries have the worst application processes? Do big companies ask for more information than small companies? What is it about websites like Workday that make them really hard to use?

To answer these questions, I applied to 250 jobs. One by one. Click by click. No Linkedin Easy Apply, no shortcuts – just straight from the careers page.

I timed how long it took me to go from “apply to job” to “submit application”.

https://preview.redd.it/adj6ge9jvyxb1.png?width=2820&format=png&auto=webp&s=2123533d9d04aabcdd5988471274ee2ed3b98704

Make no mistake: I sacrificed my soul for this post. I created over 83 accounts and spent a total of 11 hours scrolling. I was originally going to do this for 500 companies, but wanted to chop my head off halfway.

I did this for a mix of companies – Fortune 500 to early stage startups, spread out across different industries from software to manufacturing. The *type* of role I applied to was kept constant: engineering / product focused.

https://preview.redd.it/ttn8yd1mvyxb1.png?width=2266&format=png&auto=webp&s=f27a52217e85bfade6eb30f0b696914eac7fc270

The outcome? An average of over two and a half minutes per application—162 seconds of your life you'll never get back. But as we dig deeper, you'll discover that these 162 seconds only scratch the surface of an often maddening process.

*Key Takeaways*

* **Average Application Time:** On average, it took a bit over two and a half minutes to apply to a job.
* **Company Size Impact:** If company size doubles, the application time increases by 5%. If company size increases by a factor of 10, then the app time increases by 20%.
* **Industry Influence:** Being a government company is the single largest determinant of a long application, followed closely by aerospace and consulting firms.
* **Longest Application:** The longest application time went to the United States Postal Service (10 minutes and 12 seconds).
* **Shortest Application:** On the other hand, It took me just 17 seconds to apply to Renaissance Technologies.
* **ATS Impact:** Older ATS like Workday and Taleo make job applications as much as 128% longer.

**You can view the spreadsheet with the full raw data** [here](https://mailchi.mp/1a15a90c4aeb/company_raw_data_leadmagnet)

Let's dive in.

# The Setup

There’s no real method to the 250 companies I pick. I’m just typing names into Google and trying to vary it up. Where does Trisha work? What was that billboard I saw? It's all up for grabs.

Here’s the distribution of the 250 companies by size:

https://preview.redd.it/gv6r6xoqvyxb1.png?width=2420&format=png&auto=webp&s=6feb536781f5f892ff57aaed0033e716be4c25c4

Some examples of companies in each range:

* 1-500 → Glean, Quizlet, Gumroad
* 500-5,000 → Notion, Dolby, Moloco
* 5,000-50,000 → Airbnb, Genentech, Logitech
* 50,000-100,000 → HP, American Express, Pfizer
* 100,000+ → Wells Fargo, Lockheed Martin, General Motors

And here’s a look at the different types of industries represented:

https://preview.redd.it/j1nonh9tvyxb1.png?width=2372&format=png&auto=webp&s=2234a153954270bd3724029dac51cd270bfaf6ba

I used a mix of Linkedin and Crunchbase for categorization.

Before we get started, if you’d like you can read up on my [methodology](https://docs.google.com/document/d/1A0I9_WBN9zIqwezM6OXqmOl3LPqaq5704EPmGDTDiYI/edit) for applying to each job (aka assumptions I made, what data I chose to submit, and how much effort I put into each application).

***Note***: For more content like this, [*subscribe*](https://www.careerfair.io/subscribe) *to my newsletter. In a couple of weeks, I'll be releasing my guide to writing a killer resume.*

# What makes a job application so frustrating

Generally speaking, the more frustrating a job application, the longer it takes to complete.

The three main factors that might influence how long a job application is (as measured in my data):

1. **Company size** → I would expect bigger companies to ask more questions.
2. **The ATS that is being used** → I would expect clunkier, older ATS to make job applications longer.
3. **Company industry** → I would expect more “traditional” industries to ask more questions.

We’re going to model the relationship between the above three factors and the amount of time it takes to complete a job application. To do this, we’re going to use a technique called linear regression.

Regression is about the way two measurements change together. It can help us make predictions.

For example, if I add 10 employees to a company, how many seconds will that add to the company’s job application process?

Since we have other factors like ATS and Industry, we will also account for those. For now, though, let’s just focus on each factor one by one.

# Company Size

Let’s first plot the data as is:

https://preview.redd.it/sdvfivrzvyxb1.png?width=3276&format=png&auto=webp&s=37d9d55db8d0fef37d0365c523a0c1ba7e3e4199

Yes, I know, this isn’t the most useful graph. I’m going to spruce it up real quick, I promise.

The United States Postal Service has a job application that took over 10 minutes to complete. Navigating their portal felt like using Internet Explorer in 2003:

https://preview.redd.it/40iu1ni2wyxb1.png?width=1604&format=png&auto=webp&s=b7b65699a39f2e4e3c3abadf38875280a673a0d7

Netflix’s application was just 20 seconds - their only mandatory requirements are your resume and basic info.

https://preview.redd.it/sl4fums4wyxb1.png?width=2310&format=png&auto=webp&s=4c0c87299460bd22163f34db1040a56ea3893059

Apple took me 71 seconds, still pretty fast for a company that has over 270,000 employees (PWC, which has a similar number of employees, took me almost six times as long).

Okay, back to the chart. There are a couple of problems with it.

First, the data is not linear. This is a problem if we want to use linear regression.

Second, the company size scale is hard to interpret because of the many data points clumped together near zero (representing all the smaller companies).

We can resolve both these issues with the following insight:

There is a big difference between going from 10 to 100 employees and, say, 10,000 to 10,100 employees. The first represents major changes in company structure: you might actually hire a proper HR team, a bunch of recruiters, and build out your candidate experience. The second, though, is pretty much just business as usual - think of a multinational opening up a satellite office or a regular month of hiring.

Since we want to account for this, our data is better suited to a log scale than a linear scale. I will also transform our Y-axis, the application time, to a log scale because it helps normalize the data.

If we plot both our variables on a log-log scale, we get the below chart:

https://preview.redd.it/5l4po6d8wyxb1.png?width=4304&format=png&auto=webp&s=b3199197ea1b608fc39b8c3626ab994dc9d5eb5e

Better right? This is the same data as the last chart, but with different axes that fits the data better, we observe a linear relationship.

We have the usual suspects in the top right: Government organizations, professional services firms, and some of the tech industry dinosaurs.

The variance in application times across smaller companies, like startups, is interesting. For example, many of the startups with longer application times (e.g OpenAI, Posthog, Comma.AI) reference that they are looking for “exceptional” candidates on their careers page. (Note that OpenAI has changed its application since I last analyzed it - it’s now much faster, but when I went through they asked for a mini essay on why you’re exceptional).

One thing that I was expecting to see was competitors mirroring each other’s application times. This is most closely represented with the consulting firms like Deloitte, E&Y, KPMG, etc all clumped together. McKinsey and Bain, the two most prestigious consulting firms, have applications that take longer to complete.

This doesn’t necessarily seem to be the case with the FAANG companies.

We can also calculate the correlation coefficient for this graph. This is a statistical measure of the strength of a linear relationship between two variables. The closer to 1 the value, the stronger the relationship.

For the above data, we get a correlation coefficient of 0.58, which is a moderate to strong association.

Note that on its own, this doesn't tell us anything about causation. But it does start to point us in some type of direction.

It's not rocket science: big companies ask for more stuff. Sometimes they ask for the last 4 digits of your SSN.

https://preview.redd.it/c7g5717bwyxb1.png?width=1512&format=png&auto=webp&s=38c776e46d45d179a6627ba3470fd4f89ca04204

Sometimes they even ask if you’d be okay going through a polygraph:

https://preview.redd.it/1q52rzldwyxb1.png?width=400&format=png&auto=webp&s=b3b8921e055d38e04ee7395e9b982fa50c38f9df

An argument here is that if big companies didn’t have some sort of barriers in their application process, they’d get swarmed with applications.

Consider the fact that Google gets 3 million applications every year. Deloitte gets 2 million. Without some sort of initial friction in the application process, those numbers would be even higher. That friction almost serves as a reliable filter for interest.

If you’re an employer, you don’t really care about the people using a shotgun approach to apply. You want the candidates that have a real interest in the position. On the other hand, if you’re a candidate, the reality is such that the shotgun approach to apply is arguably the most efficient.

So we have this inherent tension between companies and candidates. Candidates want the most bang for their buck, companies don’t want thousands of irrelevant resumes.

And in the middle, we have the plethora of application tracking software that can often be quite old and clunky.

# ATS

Everytime I came face to face with a company that used Workday as their ATS, I died a bit inside. This is because Workday makes you:

1. create a new account every single time
2. redirects you away from the careers page

I defined a redirect as one when the job description is not listed on the same page as the first input box part of the application.

This isn’t a perfectly accurate measure, but it does allow us to differentiate between the modern ATS like Greenhouse and older ones like Workday.

With every ATS, I implicitly had some type of “how easy is this going to be” metric in my head.

We can try to represent this “how easy is this going to be” metric a bit more concretely using the matrix below.

https://preview.redd.it/bvpeu47iwyxb1.png?width=2200&format=png&auto=webp&s=818191eb4a0a5924c582f3ad7ec9539bc510f6fa

Ideally, you want the ATS to be in the bottom left corner. This creates an experience that is low friction and fast.

If we plot application time versus ATS, this is what we get:

https://preview.redd.it/pe9zyxmkwyxb1.png?width=3184&format=png&auto=webp&s=8df5c1118f9f0044e2154c8ae63816332ca42d67

The ATS that don’t make you create an account and don’t redirect you are tied to lower application times than the ones that do.

One possibility is that certain companies are more likely to use certain ATS. Big companies might use Workday for better compliance reporting. Same with the industry - maybe B2C software companies use the newer ATS on the market. These would be confounding variables, meaning that we may misinterpret a relationship between the ATS and the application time when in fact there isn’t one (and the real relationship is tied to the industry or size).

So to properly understand whether the ATS actually has an effect on application time, we need to control for our other variables. We’ll do this in the final section when we run a regression including all our variables.

One of the big frustrations surrounding different ATS is that when you upload your resume, you then need to retype out your experience in the boxes because the ATS resume parser did it incorrectly. For example, I went to UC Berkeley but sometimes got this:

https://preview.redd.it/ay21vccnwyxb1.png?width=928&format=png&auto=webp&s=9862b0860c49c87a76b02218f8e4118134acfb89

The only resume parser that didn't seem abysmal was the one from Smart Recruiters. TikTok's resume parser also isn't bad.

Another frustrating experience is tied to inconsistency between the company I'm applying to and the ATS.

https://preview.redd.it/9xzq21vpwyxb1.png?width=350&format=png&auto=webp&s=8432b293be4db0f58770760097df0117b53e667e

A company’s application process is often the first touchpoint you have with their brand. Startups competing for the best talent can't afford extra steps in their process. Apple and Facebook can.

Whilst the average time to complete a job application may only be 162 seconds, the fact that many ATS require steps like account creation and authentication can lead to application fatigue.

It’s not necessarily the explicit amount of time it takes, it’s the steps involved that drain you of energy and make you want to avoid applying to new jobs.

# Industry

Okay, so far we’ve looked at company size and the ATS as a loose indicator of what might make a job application frustrating. What about the company industry?

You would expect industries like banking or professional services to have longer application times, because getting those jobs revolves around having a bunch of credentials which they likely screen for (and ask you to submit) early on in the process.

On the other hand, internet startups I’d expect to be quick and fast. Let’s find out if this is true.

https://preview.redd.it/i7825ssvwyxb1.png?width=4012&format=png&auto=webp&s=3f51989a663cf7b8c664eacb983a9be0a8dbc80b

Hyped up industries like AI and Crypto have shorter application times. As expected, banks and consulting firms care about your GPA and ask you to submit it.

A government company has to basically verify your identity before they can even receive your application, so the process is entirely different and reflected in the submission time.

For many technology companies, the application process is almost like an extension of the company’s brand itself. For example, Plaid (an API first Fintech company), has a neat option where you can actually apply to the job via API:

https://preview.redd.it/px5k5wwxwyxb1.png?width=720&format=png&auto=webp&s=d669e7e47e77e51d48a4867a2d06d27125617ed8

Roblox, a gaming company, allows people to submit job applications from within their [games](https://gamerant.com/roblox-company-interview-job-applicants-in-game/).

We also notice differences between legacy companies and their newer competitors. If we compare legacy banks versus neobanks (like Monzo, Mercury, etc), the legacy players averaged around 250 seconds per job application whereas the neobanks averaged less than 60 seconds.

If you can’t compete on prestige, you need to find other ways. One of those ways can be through asking for less information upfront.

# Putting it together

Now that we've analyzed each variable - the company size, ATS, and the industry - to understand the separate relationship of each to application time, we can use linear regression to understand the *combined* relationships.

This will allow us to determine what factors actually have an impact on the job application time versus which ones might just have had one when we looked at them in isolation.

After some number crunching in R, I get the following results (I’ve only added the statistically significant factors – the ones with the “strongest evidence”):

https://preview.redd.it/g2pg1o11xyxb1.png?width=2496&format=png&auto=webp&s=2efc92ad2cfa4aaf25297d23c228d0c7343729f9

Here’s how you can interpret some of the information above:

* When a job app is for a company that is within the Government industry, the submission time goes up by 366% (assuming the size and ATS are constant). For the aerospace industry, this is 249% (and so on).
* When a job app is for a company using the Workday ATS, the submission times goes up by 128% (assuming the size and industry are constant). For the Phenom ATS, this is 110% (and so on).
* Our only (statistically significant) metric which seems to make job applications faster is the Lever ATS (42% shorter).

Okay, now what about company size?

Well, first up: company size is indeed statistically significant. So there is an effect.

However, its effect is not as strong as most of our other variables. To be precise, here are some ways to interpret our company size coefficient:

* If company size doubles, the app size increases by 5%
* If company size increases by a factor of 10, then the app time increases by 20%

This is a smaller effect size compared to ATS or industry (a 20% increases in app time for a 10x large company is a qualitatively smaller effect size than e.g. a 100% increase in app time for Taleo ATS). So although company size is statistically significant, it is not as strong of a driver as ATS and industry of app time.

# Wrapping it up

Two and a half minutes might not be too long, but it can feel like an eternity when you’re forced to answer the same questions and upload the same documents. Over and over again.

Think about catching a flight. All you want is to get on the jet. Hawaii awaits.

But first: the security line. You have to take your shoes off. You get patted down and your bag gets searched. The gate numbers don’t make sense. And then at the end of it, your flight’s delayed. Congrats.

Applying to a job can feel similar. All you want to do is say aloha to the hiring manager, a real human being.

To even have the remote possibility of making that happen, you need to create an account and password, check your email, retype your entire resume, tell them the color of your skin, and explain why this company you’ve never heard of before is the greatest thing on Earth.

And for what? Most likely for the privilege of receiving an automated email about two weeks later rejecting you.

If we make it tiring and unappealing to look for new opportunities, then we prevent people from doing their best work.

But what would a world where applying took just a few seconds actually look like? Recruiters would get bombarded with resumes. It's possible to argue that job applications taking so long is a feature, not a bug. You get to filter for intent and narrow down your application pool.

Is it fair to shift the burden of screening unqualified candidates onto good candidates that now need to provide so much information? Shouldn’t that burden fall on the recruiter?

The truth is that applying to a job via the careers page is a bit of a rigged game. The odds are not in your favor.

Sometimes, though, all you need is to only be right once.

\*\*\*

If you made it all the way to the bottom, you're a star. This took a while to write. I hope you enjoyed it.

For more content like this, [subscribe](https://www.careerfair.io/subscribe) to my newsletter. It's my best content delivered to your inbox \~once a month.

Any questions and I'll be in the comments :)

\- Shikhar",2023-11-02,842,https://www.reddit.com/r/datascience/comments/17m8la5/i_applied_to_250_jobs_and_timed_how_long_each_one/
business analyst interview experience,datascience,Have Data Scientist & Analyst interviews changed over the past 5+ years?,"Personally, I’ve experienced data scientist and analyst interviews change. 5 years ago (and even 3 years ago) when I was job hunting for DS and DA positions, the interview process was INCREDIBLY long, with panel interviews ranging from 6-8 people back-to-back, live coding sessions, take-home projects that would take days, multiple technical rounds, and even some with Fermi problems. And these were for JUNIOR positions!

I just finished another successful job hunt and landed a DS position. I actually had 3 job offers. But in all 3 of those companies, none had a crazy amount of panel interviews (2 max), none involved take-home projects, and none involved live coding. They all focused on talking about past experiences and technical questions or case problems sprinkled in.

Granted, the 3 companies in question are non-tech (yet have mature data capabilities) while the interviews from 3-5 years ago were mostly from tech. But even the non-tech companies from that time period had grueling interview processes.

Just wondering if anyone else has experienced the same, and if it’s any indicator that DS interviews are finally “leveling out” and cutting out all the BS.",2023-03-24,6,https://www.reddit.com/r/datascience/comments/120svtx/have_data_scientist_analyst_interviews_changed/
business analyst interview experience,datascience,Aspiring Data Analyst seeking advice: How can I land my first job without prior experience? Any tips or recommendations?,,2023-07-19,0,https://www.reddit.com/gallery/153prhr
business analyst interview experience,datascience,What are some questions to anticipate for an entry level data analyst phone screen interview?,,2023-01-19,1,https://www.reddit.com/r/datascience/comments/10g765q/what_are_some_questions_to_anticipate_for_an/
business analyst interview experience,datascience,Got an interview for Data Analyst role for cancer sequencing group,"TLDR:
Job interview coming up for Data Analyst role. Needs tips on how to interview for a research oriented role with no true research experience.  

Hello, I have applied for and received an interview request for a DA role at a large hospital in my area. I’ve been working for this company but at a separate health facility under the same owner. The role seems to primarily use R as that was the only software or tool mentioned in the desc. I have done work with R back in 2020 when I completed a Healthcare Analytics master program, the hiring manager (who is the PI) asked for my transcripts to get a better idea of what that program entails for courses. Some of my courses had logistical and linear regression, predictable and prescriptive analytics, statistical analysis, hypothesis testing, some ML but that shot was hard, etc. since then the only real R work I have done is on my own. But I utilize sql and Tableau for my current role so I’ll drop those in for added skills in the interview.

I’m worried since I have no experience in the work or research they do I could fall short. The job description lists out the work they do and the datasets available from 4 different studies. I’m about to start researching the department, the PI the primary disease they study, etc to gain knowledge and help me come up with talking points. 

I really want this job as it’s perfect for me and the right step to a more technical role with a company o already very much enjoy (internal candidate) 

Does anyone familiar with this type of data analysis work have any interview tips or suggestions? They want to interview me as early as Monday (in 2 days, I applied on 4/25) but they gave me times for Thursday as well? Do I take the two day approach or take it slow and prepare over the next week?

Thanks so much in advance!",2023-04-29,2,https://www.reddit.com/r/datascience/comments/1332xkp/got_an_interview_for_data_analyst_role_for_cancer/
business analyst interview experience,datascience,Google Data Science Interview Prep,"Out of the blue, I got an interview invitation from Google for a Data Science role. I've seen they've been ramping up hiring but I also got mega lucky, I only have a Master's in Stats from a good public school and 2+ years of work experience. I talked with the recruiter and these are the rounds:

* First Cohort:
   * Statistical knowledge and communications: Basicaly soving academic textbook type problems in probability and stats. Testing your understanding of prob. theory and advanced stats. Basically just solving hard word problems from my understanding
   * Data Analysis and Problem Solving: A round where a vague business case is presented. You have to ask clarifying questions and find a solutions. They want to gague your thought process and how you can approach a problem
* Second cohort (on-site, virtual on-site)
   * Coding
   * Behavioral Interview (Googleiness)
   * Statistical Knowledge and Data Analysis

  
Has anyone gone through this interview and have tips on how to prepare? Also any resources that are fine-tuned to prepare you for this interview would be appreciated. It doesn't have to be free. I plan on studying about 8 hours a day for the next week to prep for the first and again for the second cohorts.",2024-11-19,341,https://www.reddit.com/r/datascience/comments/1gukca0/google_data_science_interview_prep/
business analyst interview experience,datascience,Meme Monday,,2023-04-11,508,https://i.redd.it/079ro3qdt5ta1.png
data analyst interview experience,analytics,Anyone here recently land a Data Analyst job in the US? What worked for you?,"Hi everyone,

I’m currently trying to break into a **Data Analyst role in the US**, but the job market feels pretty tough right now.

If you recently got hired as a data analyst, I’d really love to hear about your experience.

Some things I’m curious about:

* How long your job search took
* What tools you used the most (SQL, Python, Tableau, Power BI, Excel, etc.)
* Whether projects/portfolio helped
* How many applications you sent
* Anything that helped you stand out in interviews

I’m trying to learn from people who have **successfully gone through the process recently**, so any tips or insights would really help.

Thanks a lot!",2026-03-06,11,https://www.reddit.com/r/analytics/comments/1rmikku/anyone_here_recently_land_a_data_analyst_job_in/
data analyst interview experience,analytics,Data Analyst now trying to pivot into Analytics Eng/Data Engineering,"I currently work as a data analyst and have 3.5 years of experience.

Around 10 months ago, I decided to aim for Data Science and completed some personal projects in machine learning and learned a lot. I also completed a project at work using a neural network, and I'm currently doing a work project that will do ML and implement RAG, to be done in a few months.

I don't have a master's degree, and I probably won't do one until I get a new job and a few years in. 

I've been job prepping since November 2025 and starting January 2026, I've applied to over 100 jobs, tailoring my resume, cover letters, etc. I've gone to networking events, had coffee chats from Linkedin, had my resume looked over, etc.

I got maybe 1 interview and 2-3 that reached out but then didn't respond. The feedback I've gotten is that it isn't me, it's the market.

However, I stopped applying a month ago to upskill more, and now I'm starting to feel like data science is so saturated with people with a Master's degree, that I don't have a chance. 

These are my current skills:

3.5 years as Data analytics

\~1 of those years doing data scientist

4-5 years with R

1-2 years with Python

3 years with SQL

1-2 year with Power BI

1 year with AWS

4 years with Excel VBA

4 years with Advanced Excel 



Even though I have stats knowledge and done data science projects, I don't do it daily at work so I don't meet the experience very well, even for entry level data science.

So I'm considering moving toward analytics engineering/data engineering by doing a simple project in dbt + Bigquery just to have it on my resume. 

I suspect it might be less saturated and less credential heavy than data science.

However, I don't want to switch gears and be in the same position. I won't be able to say I have ""3 years of experience with Airflow"" but at least it could be enough to get me into analytics engineering, I'm hoping. 

  
The problem for me is, in my current job we don't use any modern data tools. So I want to switch jobs. I'm not able to use AWS, tableau, databricks, spark, airflow, etc. 

  
I'm actually open to data engineering or data science or even software engineering. The reason I chose data science was because it fit into my past experience and background the best (I did some machine learning/stats in my undergrad).

But if it's easier to go into analytics/data engineering, I'm interested to get dbt and BigQuery on a personal project, maybe even some airflow.

But if 2 months later and I don't have a better chance at analytic engineering then data science, then I don't want it to have wasted time on pivoting.

I currently work full time and it's already exhausting doing additional projects and also job search, so just want to spend my time well.

Would like any comments or suggestions.

Thanks!

",2026-06-03,30,https://www.reddit.com/r/analytics/comments/1tvzl2o/data_analyst_now_trying_to_pivot_into_analytics/
data analyst interview experience,analytics,Technical screen round - Data analyst IV @ Progressive,Can anyone share their technical interview experience for  data Analyst 4 position. Typical questions and style of interview that can be asked. Role says specifically focused on A/B testing.,2026-08-27,10,https://www.reddit.com/r/analytics/comments/1vzgpuy/technical_screen_round_data_analyst_iv_progressive/
data analyst interview experience,analytics,Is the data analyst market slowing down? Looking for advice,"Hey everyone, I was hoping to get some advice from people in the field.

I recently completed a PhD in Economics and have about 2 years of part-time experience working as a data analyst. I’m currently looking for a full-time role, but I’ve been having a really hard time getting interviews. At the moment, I’m barely getting any callbacks.

I keep hearing that companies are slowing down hiring for analysts and that I should pivot toward generative AI. However, I genuinely enjoy the analysis side of things, so I’d really like to stay in this domain.

Do you think analysts need to move toward AI/ML or generative AI to stay competitive? and what would you recommend someone with my background focus on to improve their chances of getting hired?

Any advice, experiences, or suggestions would be greatly appreciated. Thanks!",2026-03-12,28,https://www.reddit.com/r/analytics/comments/1rrl5lc/is_the_data_analyst_market_slowing_down_looking/
data analyst interview experience,analytics,"2 years in Data Analytics but struggling to clear interviews, 7 months unemployed","**2 years in Data Analytics but struggling to clear interviews**

I have around 2 years of experience in Data Analytics/BI. I mainly work with Power BI, Excel, SQL, Tableau and Oracle, and I also have an MBA in Marketing Analytics.

I’m getting interviews but struggling to convert them into offers. The feedback I usually receive is around communication and technical skills.

I prepare a lot for every interview. I study the JD, my previous projects and likely questions, and I use AI to help me prepare. But when the interviewer asks something differently from what I expected, I sometimes get confused even when I know the underlying concept.

Communication is another issue. I tend to speak too fast, over-explain and sometimes lose the structure of my answer. I prepare STAR stories, but under pressure I don't always deliver them properly.

I’m also confused about the technical expectations. With 2 years of experience, I sometimes feel I’m expected to answer questions that seem more suitable for someone with 5–6 years of experience.

For Data Analysts with around 2 years of experience:

What technical level should I realistically have in SQL, Power BI, Excel, DAX, Power Query and data modelling?

How do you practice for unfamiliar technical questions rather than memorizing expected questions?

And for communication, what actually helped you improve your interview performance?

I also feel my work stories may not be strong enough. How do you turn normal projects and responsibilities into strong interview stories without exaggerating your experience?

One thing I genuinely don't understand is how some people with less technical knowledge and much less preparation still manage to clear interviews. What are they doing differently?

I’m also applying for Key Account Manager roles because I have previous experience in that area, so I’m currently exploring both paths.

If you were in my position, what would you change about the way I prepare and practice?

I’d really appreciate specific advice from people who have interviewed or hired Data Analysts.",2026-09-08,3,https://www.reddit.com/r/analytics/comments/1waif8d/2_years_in_data_analytics_but_struggling_to_clear/
data analyst interview experience,analytics,I was wondering my chances as non-cs major to be employed as data analyst for any MNCs ?,"&#x200B;

Now for context I am 21 doing majors on Political Science, due to NEP I would graduate somewhere mid 2027. I have been learning Excel,SQL,Python and definately sure that toward the end of final semester I would have developed significant progress on the tools and anything else if needed. What I am here is asking on how to get a interview.

I know about creating LinkedIn account and all such, but what I am trying to find is if any other ways exist to possibly get a job offer by late 2027 or early 2028

For anyone who is wondering why it's actually quite simple now the primary is to get financial independence as I don't want to be any further burden to my family and to contribute. 

 It is my personal request to anyone reading this who is already employed in any MNC and have free time I wish to learn about their experience.",2026-06-10,1,https://www.reddit.com/r/analytics/comments/1u1taos/i_was_wondering_my_chances_as_noncs_major_to_be/
data analyst interview experience,analytics,"Data Analyst trying to move into data scientist, any comments/suggestions?","I've been working in a data analyst role for about 3 years. 

Over the last year, I've been upskilling in data scientist outside of work.

I know data science is competitive with many jobs requiring a master's degree. I don't have a master's degree, only a bachelors. but in my bachelors I have a strong background in statistics, data analytic, and some machine learning. 

I also have a few personal projects. 

I applied a bit in November, and I'm applying a lot more in January for new jobs. 

I'm not getting many interviews since most (entry level) positions require 3-5 years of data science work experience, but I got a couple sporadic interview requests here and there. Currently my technical ability is a bit weaker but I'm trying to upskill in that and then I should be good. 

I think it's possible for me to get a data science job in a more entry level role, but I want to outline my plan for any comments or suggestions:

* I don't want to do a masters right now. If I do, it'll be in a couple years and I want to do it part-time while I still work ideally. 
* If I'm not really getting any good interviews by May/June, then I will consider getting a masters before trying again.
* What I do for work as a data analyst is unrelated to what I need as a data scientist. I'm getting a bit burnt out trying to upskill outside of work, but I'm managing.
* I could talk to my manager about trying to do more data science work, however it won't be immediate, will probably take a few months to see if they have work in that area for me. If I do, maybe I can negotiate 5-10% raise, maximum. If I get a new data scientist job, my starting salary will likely be 20-30% more, if not more. 
* If around May/June I'm not making progress with interviews, then I might consider first trying to upskill in my day job and take things slower. (This is more like worst case scenario)

  
Some questions I have: 

* Is my strategy of applying for 4-6 months, and if I don't make progress, then consider doing a masters a good timeline?
* I'm a bit worried I should try to upskill at my current company first. however, the amount of effort I need to negotiate with my manager is also what I'm doing with job search, and I was already looking to get a new job and leave the company. Am I being too unrealistic?

  
Please let me know any comments/suggestions. Thanks. 

",2026-01-29,21,https://www.reddit.com/r/analytics/comments/1qqe21t/data_analyst_trying_to_move_into_data_scientist/
data analyst interview experience,analytics,What am I doing wrong? Not getting Data Analyst job calls even after internships and 20+ projects,"I’m 26 from Mumbai and actively looking for my first full-time **Data Analyst** job in India.  
Over the past year, I’ve done multiple **data analytics internships** and built **20+ projects** across domains like HR, E-commerce, Finance, and Telecom.

**My background:**

* Skills: SQL, Python (Pandas, NumPy, Matplotlib), Power BI, Tableau, Excel
* Portfolio: dashboards, EDA, and predictive models
* Platforms used for applying: LinkedIn, Naukri, Internshala, company websites

Still, I rarely get interview calls. I’ve reworked my resume, optimized my LinkedIn, and applied to hundreds of openings — but the result is mostly silence.

So I want to ask people here who’ve gone through this or are working in analytics:

1. What could I be doing wrong?
2. Is it the market, my profile, or the way I’m applying?
3. How do freshers or interns usually break into Data Analytics in India right now?
4. Should I focus more on freelancing or certifications instead of job applications?

Any **honest, experience-based feedback** would mean a lot. I’m ready to fix my approach and learn what’s missing.",2025-10-16,0,https://www.reddit.com/r/analytics/comments/1o81oi8/what_am_i_doing_wrong_not_getting_data_analyst/
data analyst interview experience,analytics,Is the data analyst role going to be automated in the next 5–10 years?,"I’m currently doing an MSc and I also have internship experience from a research centre. My degree is more focused on software, DevOps, and cloud tools, but I’ve been seriously considering moving into a data analyst role as an entry point. Long-term, I’d like to move towards data engineering, but that’s obviously not an entry-level role and usually requires experience first.

One reason data analytics appealed to me is that, compared to software engineering, the interview process *used to* be less brutal (less LeetCode-style grinding and endless rounds). However, the market now feels far more competitive than it was even 4–5 years ago, especially at entry/graduate level. On top of that, I’m increasingly worried about AI tools automating a lot of what data analysts do already, things like writing SQL, cleaning data, generating dashboards, and even doing intermediate analysis.

I should add that I do have a solid portfolio project in data, using SQL, Python, and Power BI, which I’ll be sharing on my GitHub soon. So I’m not coming at this with zero hands-on experience, but I still worry about the long-term viability of the role.

I’m also interested in AI/ML engineer roles, but realistically those paths often require starting as a software engineer or something very similar, and my MSc doesn’t go very deep into ML — it’s more DevOps and cloud-focused. Data engineering also seems like a strong option, but again, it’s not very accessible at entry level.

So I’m just wondering: is it a bad time to enter data analytics (or similar entry-level data roles) given how fast AI tools are advancing? Are junior data analyst roles likely to shrink significantly in the next 5–10 years, or will the role just evolve rather than disappear? Would it make more sense to double down on software/cloud/DevOps instead and move into data or AI later?

I’d really appreciate hearing from people already working in data, analytics, or adjacent roles.",2026-02-02,0,https://www.reddit.com/r/analytics/comments/1qu5ye0/is_the_data_analyst_role_going_to_be_automated_in/
data analyst interview experience,analytics,Interview help for a junior data quality analyst role,"Hi everyone, i need some advice about how to go about with the first interview.

Ive recently changed careers and joined a bootcamp, which i completed 2 months ago. Today I received a call from a very well known tech company and theyve said my previous experience and my portfolio has stood out to them and they've invited me for an interview in 2 days time.

im quite shocked that they even called me as ive only recently stepped onto the data field and im super nervous as this is quite a big qell know company.

can anyone give me advice on what to expect for the forst interview and also and tips and tricks which helped you getting your first role?

I wasn't this nervous when I received the call but after speaking to a few friends who work in tech, they have said if i can land this job i can work for this company for life. now im SUPER NERVOUS!!!",2025-12-16,4,https://www.reddit.com/r/analytics/comments/1poafie/interview_help_for_a_junior_data_quality_analyst/
data analyst interview experience,analytics,"Pw Skills (Physics wallah) vs Acciojob data analyst course, Which is better?","Hi everyone, I am a 2025 B.tech CSE graduate student. I have experience with tools like Power BI, SQL, Python,Excel. Make 6-7 projects using these tools. Really trying hard to get a job but not even getting interview calls. So thinking of doing some offline data Analyst course. 

So can you please tell me if these above mentioned platforms are good and they provide good placement assistance with real interview calls.

And if there is any other platform in your mind with guaranteed placement , you can share with me.",2026-05-09,1,/r/dataanalysiscareers/comments/1t8aamk/pw_skills_physics_wallah_vs_acciojob_data_analyst/
data analyst interview experience,analytics,What is the talent pool currently like for experienced analysts who are interviewing? ,"Hey All, 

I'm a Sr. Data Analyst who's been actively interviewing now for 3 months, though passively interviewing for the past 1.5 years (took a startup job after my last big role). I have solid experience at large tech companies (Fortune 100's), but somehow I haven't been able to receive that dream offer in a while because I keep losing out to other candidates during different stages of the process.

Is it that tough to land an offer now, and are hiring managers being ultra selective to find that candidate who checks every single box? It seems like every company has amazing candidates that are impressing them during interviews. 

\*Also people who landed offers after multiple rejections, did you do anything differently to get past the hurdle? \*",2024-10-04,16,https://www.reddit.com/r/analytics/comments/1fvo5fl/what_is_the_talent_pool_currently_like_for/
data analyst interview experience,analytics,"Engineer with analytic experience, can’t get DA interviews","This is a question for a friend (my wife 26F). My wife has a Masters Degree in Chemical Engineering but has grown sick of working in the field due to multiple poor experiences, including sexist treatment from her manager at her previous job (the details aren’t important to this question). I noticed that her main responsibility in this last engineering position of hers was essentially analytics. Most of her tasks involved taking data about the chemical process (which was saved to data warehouses via IoT devices), processing that data through excel to create dashboards and tables showing key indicators from the process, and presenting it to stakeholders in meetings to inform future decisions. 

I myself am a Software Engineer, so I thought that if she learned a bit of SQL, and even Python, she has enough background to transition career paths into Data Analysis. She really liked the idea, and took a couple months to go through IBM’s Data Analyst certification course on Coursera. Once, she finished the course, she tailored her resume to Data Analyst roles, began applying, and started doing Data Lemur questions to practice her SQL. Again, as a Software Engineer, I want to emphasize that she’s gotten good enough at SQL that she would have me beat at strictly writing queries. I may have much more advanced knowledge databases, cloud computing, infrastructure, but I still feel like she’s gotten a grasp on the fundamentals of relational DBs.

Doesn’t matter though, she’s been applying to positions, locally, hybrid, and remote for the past two months and hasn’t gotten even a single phone screening. Between her certification course, her constant practice on Data Lemur, her recent engineering position with plenty of overlap with Analytics, and her education in statistics and mathematics as a side through her masters in engineering, I thought she would be a shoe in to at the very least get an interview. 

What would you think a candidate like this is missing to cause her to not get a SINGLE interview in multiple months, despite applying to loads of job openings?

As an SE myself, I know that the tech industry has been plagued with mass layoffs recently. I’ve had friends and colleagues get laid off over the past year and struggle to find a job for months on end. I almost wonder if that’s another reason she’s not getting any calls, it would almost be encouraging to know that it’s not because she is not a good candidate but because the tech industry is reeling as a whole.

tldr; Wondering if my wife, a chemical engineer with a masters who has a year of experience with chemical process analytics and an IBM data analyst cert doesn’t stand a chance trying a career swap into DA? Thanks for thoughts!",2024-06-21,51,https://www.reddit.com/r/analytics/comments/1dlahxt/engineer_with_analytic_experience_cant_get_da/
data analyst interview experience,analytics,How to start a career as a Data analyst,"Hey Everyone, I’m 21  and I am looking to Build a career as a data analyst and would appreciate any guidance you can offer. I've done some preliminary research but i am stuck on two minds about where should I start

My Background- I am working in a company for nearly where I’m not even working at my field. It’s a process and even though I’ve completed my bachelors degree economics honours with data science. I still can’t decide which route should I take

My skills- well here comes the hard part for me, because I’ve only learned bits and pieces of excel. SQL, python etc

I recently enrolled in MBA in data science and artificial intelligence to enhance my skills

About my company which I am working in right now, my monthly salary is about ₹29k,I joined in as an internship program from my university, they confirmed me full time after 6 months

But I am really stuck, my parents want me to stay because the data analyst jobs require qualifications which I’ve learned basics of. Let’s not talk about the job market(that’s a whole another topic)

I Applied around 100 jobs around like (I know, it’s a rookie number) albeit with 2-3 responses which I can think of, not even resulting in an interview any data analyst role you can think of they want 2-3 years experience, God knows what exactly they want me to do

I’m looking for advice where those specific skills will work so I can tailor my resume, appealing to the companies ",2025-11-05,12,https://www.reddit.com/r/analytics/comments/1oowz5m/how_to_start_a_career_as_a_data_analyst/
data analyst interview experience,analytics,Senior data analyst role in small banks,Does anybody have any experience for such a role and interview? How the questions might be? What do the focus on?,2025-11-08,1,https://www.reddit.com/r/analytics/comments/1orew1s/senior_data_analyst_role_in_small_banks/
data analyst interview experience,analytics,Product Analyst Interview prep? ,"Hi everyone! I was recently fortunate enough to receive interviews from a company regarding a product analyst position. I passed the HR screen. My technical assessment was a take-home project to do a conversion funnel analysis. Now I'm invited to the next interview with managers of this position (Senior director and VP of product). I was told that we would discuss the technical aspects of my assessment, my exp + skillsets. I'm prepared to talk about my experiences and etc. This would take about 1 hour

However, I am not really familiar with what kind of discussions we would have around my technical assessment and I'm not sure what kind of questions to prepare for. I was in a data analytics role prior to this but wasn't really the main expert regarding web analytics/user behavior. I mean I can do it, but it wasn't my main job. The main tech stack being used here is SQL, Python, Tableau, and Mixpanel. Any advice would be appreciated! I really want this job! Thank you all 

Update: I got the job! The interview went smoothly. Thanks everyone ",2024-08-09,23,https://www.reddit.com/r/analytics/comments/1enpwdp/product_analyst_interview_prep/
data analyst interview experience,analytics,Tips to be a Data Analyst,"Hello Everyone,

Newbie here I just started going in the world of analystics which is taking courses, watching tutorials, reading things that people post in this community and most especially doing a lot of research before I do a change of career but I have one question. 

Let's say in the near future I learned most of the basic stuff which is Excel,SQL, Tableu, Power Bi etc. gain some Industry certificates would it be a nice idea to do free lancing first before I do the leap of faith and go straight in job hunting and if I'm fortunate take the interviews. 

Because I read a post in this community one time that learning from courses and video tutorials in the internet is not enough to get a Entry-level data analyst job. I read that you should have atleast an experience to land a job.

Any tips and advices would be much appreciated. I want to learn more and gain understanding. Thank you in advance everyone and God bless 🙏❤️",2025-01-04,2,https://www.reddit.com/r/analytics/comments/1ht2m7f/tips_to_be_a_data_analyst/
data analyst interview experience,analytics,Sole data analyst in the company feeling lost and needing career advice,"Two years ago I got an internship in a growing start up as a data analyst. My background is in engineering (master's degree where i mostly focused on data courses as I was interested in that aspect of it, so I don't have a strict data background). I accepted the job as a fresh graduate as I didn't have much choice tbh after months of searching and the field of the company and my engineering field are interconnected (probably why I got hired too). My data tasks have nothing to do with the field though (it's mostly marketing and product generic data).  
In these two years I was basically the only data person in the company and still am to this day. I've seen it grow and have helped it grow but more and more I regret not going into a big company as a FIRST job.

I can't say I haven't learned a ton, so I don't feel like it's a waste of time, but it's not the traditional career path I could have followed. I went from being a research-focused graduate, considering doing a Phd (but was burnt out, depressed, and broke) with some basic data and Python skills, to building and handling the data infrastructure all by myself without any sort of senior guidance (and here comes the problem).

To give a breakdown on my evolution as the ""data person"" in the company, TLDR at the end:  
1. Internship phase: When I joined the company, all I had was access to the database which I queried using Python to create custom Excel reports and analyses. Ironically, back then as an intern I was doing more ""analytics"" than I am now: correlations, trends, text mining, scraping scripts etc.  
Then we moved from that to an open source dashboarding tool that had zero compatibility with our database, so I spent a few months learning NoSQL from scratch. No chatGPT yet so I got pretty good at it by putting my head into it. In the meantime, I also had to learn Google Analytics and Tag manager and all the headaches that come with that.

2. SQL-Dashboarding phase: we moved to the Google ecosystem (don't get me started). Had to brush up on my very basic SQL (only did half a course during uni) but this time with the help of genAI I didn't loose much time learning all the intricancies (i wouldn't be able to pass an interview if i were to change jobs but I'm very good at optimizing queries). As we migrated, I spent a few months recreating dashboards, and creating new ones. If there's something I absolutely hate, it's dashboarding, I’m bad at it, especially with tools like Looker Studio that lack templates and require visual design skills I don’t have.

3. Analytics engineering phase: At this point all the dashboards hang onto quickly set up views in Bigquery that cost a ton because of how Bigquery works (was told it didn't matter). The disorganization bugged me, so I researched industry-standard solutions and found dbt and the ELT framework. Honestly, it was all new to me, as none of that is taught in data courses in uni, at least not when I was there. Found out that Bigquery has its own integrated ""dbt"" tool and spent 3-4 months basically building the data infrastructure on Dataform. realized how poor the Google documentation is and wasted a lot of time trying to make it all work, plus I had no guide whatsover and I'm still not sure it's set up ""correctly"", but it works and is way more organized now yay

4. Doom: after that I got super bored. I wasn't learning anything new. Still doing dashboards and more dashboards that nobody looks at. A lot of data bugs. A lot of meaningless tasks. I was overworked without actually doing any work. We got a couple of interns in the meantime that I helped onboard and delegated tasks to. Teaching them the tools and data set up made me regain some purpose but it was short lived.

TLDR: I basically do none of the ""analytics"" part, I'm just the data person that provides reports and dashboards as requested. I think the closest thing to my current role would be a poor ""Analytics Engineer"". All the work goes unseen and it looks like I spend all my time creating simple charts on Looker Studio from data that spoofed on there. I feel bored. I feel useless. And I don't know what to do.

My boss keeps telling me to be more proactive and share insights, but honestly, I don't know if I'm too strict with it, but all the insights that could be seen are... stupid. Like super evident. I look up courses online to see how other people do it, and it still makes no sense to me, it makes me question the purpose of the traditional ""data analyst"". also, most of the teams (like the marketing team) use the dashboards and track basic metrics and changes themselves, they also have more context (what ads are running and whatnot). Or we have set up reports that do so automatically and don't require my input. I would like to be more proactive but I don't think it's in my nature and personality. The more I think about it, the more I regret not going into research as that would have fit me more, despite the low salary. 

All that said, I'm looking for advice on a few things:  
\- Leave? : I want to get a new job but I'm scared. First, I don't think I could even pass the interviews, I'd have to spend months preparing for the technical questions. I think my main skills consist in being a quick learner and a jack of all trades with a strong scientific background, but that doesn't translate well during interviews. My initial goal was to get into data science, preferably in the field I studied in, doing more reaserch based tasks, but I have basically zero experience in this, and as for data analytics, I'm not sure it's the job for me. Imo it requires wide-spread curiosity and proactivity which I don't have. I'm curious but more so when I encounter a problem and want to solve it, or when I deep dive in a specific topic. Not when I monitor dashboards of marketing data or app-usage data I honestly feel like it's not telling me anything. And my personality is probably best fit for analytics engineering but I find it boring.

\- Stay and get everything I can still get out of this job? : I feel like I could still learn and get experience in my current job, or maybe I feel that way because it's my current comfort zone. I'm basically my own manager, and I have full control over what I do with the ""data stuff"" (as long as it doesn't cost money). The next step could be to implement some ML models that run on top of the dataform data. For example a churn prediction model that could actually come in use. That way I would brush up on my ML knowledge and learn how to implement it on real data. Other than that, it's probably time to actively try to improve my communication skills. I'm a shy person, and introverted, and I think this type of personality is not suited for a data analyst unfortunately. But nothing is stopping me from actually trying, I guess. I'm trying to be positive here. 

\- Being more proactive: HOW. I just look at the data and could tell you evey minimal detail, could pull up anything in 2 seconds, but not until someone actually ASKS me to. I can't for the life of me just explore the data on my own. IDGAF. but it's my job, and I feel useless not doing it. It's a job without purpose. idk. i'm depressed, I think, but if anyone has been in this situation before, how did you overcome it?

\- Is my situation common? I think the main detriment at this job is that I don't have anyone I could bounce ideas off of, or rely on. I've become so isolated and just do the bare minimum because of that. getting this type of job as a first job is what I would advice anyone on what NOT to do

",2025-05-16,20,https://www.reddit.com/r/analytics/comments/1ko1pdu/sole_data_analyst_in_the_company_feeling_lost_and/
data analyst interview experience,analytics,Data Analyst Interview at PayPal,"Hey guys 
I have an interview at PayPal for Data Analyst 2 position. Does any have any prior experience on what to expect? And anything specific I should keep in mind ? 
Is Python good to have or must ?",2025-05-27,7,https://www.reddit.com/r/analytics/comments/1kwszdn/data_analyst_interview_at_paypal/
data analyst interview experience,analytics,First interview for Jr. Data Analyst Role,"As the title states, I am about to do my first interview for an entry level data analyst role. I'm feeling both excited and nervous since this will be my first interview for this kind of job. To prepare, I have put together a google doc with questions I should ask the interviewer and things of that nature. To better understand what I should be preparing for, I wanted to hear from you guys, many of whom have lots of experience doing these interviews from both the interviewer and interviewee side.  

What are some questions to expect besides the obvious? Should I expect to demonstrate specific skills? I have an intermediate level grasp of SQL and I'm getting there with excel (e.g., I've learned about and been practicing pivot tables and vlookups this week).

TLDR: I need help preparing for my first data analytics interview.",2024-07-04,16,https://www.reddit.com/r/analytics/comments/1dvhpbl/first_interview_for_jr_data_analyst_role/
data analyst interview experience,analytics,Laid off from Data Analyst position - advice on how to move forward in job search?,"I got laid off a couple weeks ago (26M based in NYC).  I was working as the sole data analyst (100% remote) for a smaller consulting company.  I was there for nearly 3 years and it was my first data-specific job.  My position was cut because they had lost a few big clients last year with not enough new leads on the horizon.  They really liked me and were sad they had to let me go, and told me if they could help in any way or provide references/rec letters they would, which is nice.  

It was a great experience, I learned a lot, but to be honest in a way I'm relieved as it was quite stressful (due to the company struggling), my role became a lot more focused on CRM management/data governance, and there was little room for upward mobility and mentorship.  I had started applying to new roles so I feel like this was the universe's way of pushing me towards my next step.

I'm finishing up a Udemy SQL class on advanced topics just to feel more comfortable practicing for technical interviews (I used SQL for some bigger data viz solutions at my job, but it was not a daily core element of my workflow and no one else at the company knew SQL).  But I am struggling on figuring out the right plan of attack in terms of applying to jobs and networking.  The general sentiment I'm getting from people (here and IRL) is that unless you have a ton of work experience, cold applying is basically a waste of time and you should focus on networking, trying to get referrals, reaching out to hiring managers, any way to get your foot in the door.  But on the flip side, I've also heard you just need to send out like 10-15 cold applications a day in addition to networking/cold emails.  So I'm a bit confused.

I also want to make sure I'm leveling up in my next role, both in salary and responsibilities at my job.  e.g Through an exec at my company I got a referral for a role at a big company and I should likely get an offer, but it would be a lot of CRM stuff again and they said they wouldn't even let me use SQL.  I'm not interested in stagnating and with my savings + unemployment I should be good for at least several months.

**Basically my main questions boil down to:**

1. With 3 YOE as Data Analyst, should I bother with cold applications?  If so, should I include cover letters on each?

2. What's the best way of going about reaching out to people (email, LinkedIn InMail, etc.), should I be looking to reach out to hiring managers?  Essentially how do I best get my foot in the door so I'm not lost in a sea of hundreds of applicants

3.  How to best prepare for technical interviews?  

4.  I'd like to be in-person/hybrid for my next role, will this give me an advantage these days?

5. Should I look at temp agencies just to get some short-term work while setting myself up for my         next job?

Thanks so much in advance

&#x200B;",2024-03-09,18,https://www.reddit.com/r/analytics/comments/1bao3zs/laid_off_from_data_analyst_position_advice_on_how/
data analyst interview experience,analytics,Data Analyst for an App?,"Hello! Any analysts out there that do analytics for an app?? What do you do as an “app analyst”?

I have an interview next week with a company that has an educational app. I have a lot of experience in education and am well versed in academic data, so I know what to expect as far as running analytics for achievement, demographics, etc. But I don’t have any experience working with app data. Any insight you can give would be great! ",2025-02-07,1,https://www.reddit.com/r/analytics/comments/1ijyi2l/data_analyst_for_an_app/
data analyst interview experience,analytics,Struggling to get a job as a data analyst,"I just graduated with a BS in Computer Science and a minor in statistics but i can't seem to land a job as a data analyst which is what i really want to do. I cannot seem to get many interviews and then they say they went with someone else. I talked to people and it seems everyone is looking for senior data analyst positions and i cannot seem to get even my foot in the door. I've interned at the IRS and the FCC but they couldnt give me positions close to what data analysts do. They mostly just gave me experience with sharepoint, microsoft access, and a little bit of Power BI. 

 If there is anyone who can give me advice on what i can do, i would greatly appreciate it. If anyone can recommend good websites for certifications maybe that would help since i do not have any (maybe that is why i cant get more interviews, its just so expensive).",2024-06-27,0,https://www.reddit.com/r/analytics/comments/1dpjn4q/struggling_to_get_a_job_as_a_data_analyst/
data analyst interview experience,analytics,How would a Data & Insights Manager ideally work with a Digital Analyst?,"EDIT: I got the job! Thank you for all the advice ☺️

I have a final interview for a Digital Analyst role, and I'll be meeting with 2 managers, one of which is the Data & Insights Manager. I've met who would be my direct manager, the Insights Lead a few times and she is confident in my technical and soft skills.  
  
My potential role is a digital analyst specialising in data for the e-commerce site for the company, working within the e-commerce team.  
  
At my current company we don't have a data team at all, generally a lot of jack-of-all-trades. The digital analytics I've had experience in is mostly self taught with a bit of guidance from other team members who have also taken it upon themselves to delve into our data.  
  
So I was wondering what attributes, skills or characteristics might a Data & Insights Manager positively look upon when considering collaborating with the digital analyst of a team?  
  
Any advice would be greatly appreciated!",2024-04-29,10,https://www.reddit.com/r/analytics/comments/1cflxoe/how_would_a_data_insights_manager_ideally_work/
data analyst interview experience,analytics,Am I a data analyst?,"Heyo!

  
Some context...

  
A while back I got a job as UX researcher. Generally my responsibility is analyzing user data, so certain design or marketing decisions can be made. I have a background in qualitative research, so I generally did face to face interviews. However after my company had some layoffs I applied to a place that had mainly quant researchers. They hired me for my qualitative experience, in return to teach me more the technical side.

  
Now I'm mainly analyzing web data, through Google Big Query and also the data warehouse of my company. So generally I'd be using SQL to do some simple analysis. Sometimes a bit of R, but I would say a lot of analysis I'm doing isn't complex enough to really require so. Generally just A/B testing and maybe regression would be the most complex thing I'd do. Sometimes I'm also creating reports in PowerBI.

  
While my job title is UX researcher, my day to day looks a lot like what I'd expect a data analyst will do... However, I'm not sure because my idea of what a data analyst is very surface level; analyzing data. If I look up my responsibilities the most common job title seems to be web analyst.

  
Why do I care? Because I actually seem to enjoy working in SQL, making reports, and statistics in general is fun. So if I ever get a new job, I'm curious whether applying to a data analyst role is actually what I expect it is.

**TL;DR** \- I analyze user data, use SQL and R, sometimes I create powerBI reports. The goal is to support decision making. Am I now a data analyst?

  
What are your thoughts on this?

&#x200B;",2023-11-03,19,https://www.reddit.com/r/analytics/comments/17mqjl9/am_i_a_data_analyst/
data analyst interview experience,analytics,Advice for an upcoming interview for QI analyst ,"Hello! I need some advice. I have an upcoming interview for a Lead Quality Improvement Analyst position at an FQHC. I have about 2 years of experience as a Data Analyst and I've used Power BI/Query as my main toolset. I'm fairly proficient with SQL and Python. However, I am quite nervous about the upcoming interview since I don't know what to expect or what the day-to-day work is like for QI. I would like some advice on how should I prepare for it. Thanks. ",2024-07-23,7,https://www.reddit.com/r/analytics/comments/1eak3sb/advice_for_an_upcoming_interview_for_qi_analyst/
data analyst interview experience,analytics,DataAnalyst.com - I launched a niche recruitment board with hand curated data analyst jobs. Here's the 2023 recap,"Hi all,

on Dec 19th, 2023 I launched DataAnalyst.com and this is the 1 year in update, covering the first year of building the site.

Let me start with wishing all of you, the absolute very best in the New Year 2024.

These monthly updates for the last year have been immensely helpful for me - from consolidating my thoughts, reflecting on results, and primarily from engaging with people on Reddit who took their time to ask questions, share some of their own experiences, thoughts and feedback. I've always tried to answer every single one of the comments (apologies if I missed some, not on purpose), and I do appreciate your continuous support.

While the main purpose for the post is to bring everyone along on the journey, I do think that members of r/Analytics might benefit from the site, especially those looking for a new data analyst job. I'd also love to engage with people on the sub who'd like to share their data analyst career journey.

So, just a reminder that early stages vision is to become the #1 job board for data analysts - hand-picking interesting data analyst job opportunities across industries.

**TLDR:**

It's going to be a long one, so I'm going to share one key learning that I'm taking from the last 12 months, and that I would like each and every one of you to at least think about.

**The power of consistently showing up - how much can one achieve, if they spend 30 mins, every day on an activity or a set of activities contributing to a goal they have in mind.**

Even though from the $ monetary side it's been an unprofitable year, the amount learnings I'm taking from operating the site can't compare to doing anything else in my career so far.

From developing skills to build the site, experimenting with growth tactics, writing and creating content, tinkering with UX/UI design, to actually making at least couple of sales and mainly, helping people on both sides of the job market. 

**30 mins, every day - it'll all add up**

Two graphs to kick us off, monthly stats to see the month on month progression, and full year stats to see it all come together.

# Monthly Statistics update

|\-   |January|February|March|April|May|June|July|August|September|October|November|December|
|:-|:-|:-|:-|:-|:-|:-|:-|:-|:-|:-|:-|:-|
|Number of jobs posted|Total: 208 (US)|Total: 212 (US)|Total: 207 (US)|Total: 153 (US)|Total: 140 (US)|Total: 115 (US)|Total: 104 (US)|Total: 110 (US)|Total: 105 (US)|Total: 111 (US)|Total: 107 (US)|Total: 90 (US)|
|Paid posts  |0|0|0|0|0|0|0|1|0|0|1|0|
|Visitors|795|3,267|3,003|4,892|5,203|4,029|3,382|4,421|4,552|6,400|7,600|7,300|
|Apply now clicks|634|2,354|2,898|4,051|4,476|4,561|3,193|4,154|4,814|6,100|8,400|8,500|
|Avg. session duration |3min 52sec|3min 53sec|3min 39sec|3min 44sec|3min 10sec|3min 17sec|3min 05sec|2min 53sec|2min 58sec|1min 45sec|1min 45sec|1min 50sec|
|Pageviews|4100|16,300|15,449|26,291|28,755|24,000|18,884|23,424|23,153|30,000|35,000|35,000|
|Returning visitors|17.7%|22.4%|23.9%|23.8%|22.2%|22.5%|24.5%|21.1%|22,5%|22%|22.3%|23.5%|
|Google Impressions|503|5,500|9,430|28,300|45,900|58,100|47,500|78,400|152,000|246,000|265,000|267,000|
|Google Clicks|47|355|337|1,880|2,070|3,320|2,180|4,220|6,600|13,700|15,000|17,400|
|Newsletter subs (total)|205|416|600|918|1,239|1,431|1,559|1,815|2,043|2,262|2,605|2,356|
|Newsletter open rate|61%|67%|58%|60%|52%|60%|Skipped|55%|61%|64%|64%|70%|

# Full Year Statistics (~)

|\-   |Total    |
|:-|:-|
|Number of jobs posted|Total: 1,661|
|Paid posts  |2|
|Visitors       |60,000|
|Apply now clicks       |55,000|
|Pageviews       |290,000|
|Google Impressions       |1,210,000|
|Google Clicks       |  67,000|
|Newsletter subs (total)       |2,365\*|
|Newsletter open rate (avg)    |61%|

# Where we started?

When DataAnalyst.com launched, I aimed to bring data analyst jobs from the US, UK and European markets.

After 3 months, I decided to no longer cover Europe & the UK region, putting the main focus on the United States.

There were couple of reasons for that.    

First, salary transparency is non-existent in most European markets. Second, out of those jobs that were posted and included salary, majority of them would be in the local language. All in all, I simply realised that I wouldn't be able to consistently add quality data analyst jobs for the individual market, which would eventually lead to poor job seeker experience - simply put, if there aren't quality enough listings being added over the course of the week, you'll extremely likely not to come back.

UK market for similar reasons - lack of salary transparency, but also the market is largely being operated by recruitment industry, resulting in lower number of direct company listings.

# Tech-Stack

Webflow - Website + CMS

Jotform - Form + Stripe payments integration

Airtable - database with job posts

Make - automating the flow

Placidapp - generative pre-populated images for social media

Jetboostio - smart filters + autoarchive + some other customisations (could be replaced by Finsweet for filters, which is free, but haven't had a chance to dedicate time to making it work)

Buffer - social media posts scheduling

EmailOctopus - newsletter

Nocodelytics - for visitor, pageviews and apply now button tracking

GSCTool - for faster Google indexing

Ahrefs - using free version, also offering monthly free credits to conduct a free site audit

# What we've done?

## Paid job posts:

To get this one out of the way.

From monetisation perspective, my original thinking was that paid job posts will be the primary revenue driver. While that may in the future be the case, at least in the first year it fell very short of expectations.

**Simple reason -  I did not really do any sales. Honestly, full stop.**

**I can't expect organisations to proactively find the site, with very little historical authority, and pay for a sponsored job post.**

Now, saying that, this is still a two-sided marketplace - applicants looking for roles, and companies looking for qualified candidates.

I believe I couldn't convincingly sell the site to organisations in the first year, and therefore decided to brute-force the job postings side first.

What this means that every single day I shared curated data analyst jobs (all including salary), interviews with experienced professionals, and salary insights across experience levels, industries and various states.

All in the hopes of being able to consistently attract the best data analyst talent on the market to the site.

**On a positive note, there were two organic paid job posts, and couple of experimental collaborations with companies  who found the site, and reached out.**

**I'm very happy to say that after struggling on other platforms, those who posted with DataAnalyst were able to make their hire within one or two weeks after sharing the job opening - that to me indicates the calibre of data analysts visiting the site daily is extremely high, exactly what I was building toward.**

Now I have multiple successful examples that I can build on going forward. (That doesn't change the fact that I still very much dislike selling, but at least that's a ""me"" problem)

With this out of the way, onto some of the activities that I spent time on, and what were the outcomes.

## SEO optimisation

I've spent some time over the summer using tools such as SEMRush / Ahrefs / Moz to run some high level audits and understand how the site performs on the SEO front.

This led to a lot of time spent on making significant on-page changes to improve keyword optimisation, rewriting meta descriptions and adding alt descriptions to all the images on the site.

The structure used to achieve this, was to programmatically target the following long tail searches:

* Data analyst jobs in p(State) - i.e Data analyst jobs in Illinois
* p(Industry) data analyst jobs - i.e Financial data analyst jobs
* p(Industry) data analyst salary - i.e Financial data analyst salary
* p(Experience) data analyst jobs - i.e Entry level data analyst jobs
* p(Experience) data analyst salary - i.e Entry level data analyst salary

What I've also done, is to optimise data analyst jobs for Google Jobs Schema - so all the jobs that are posted on the site, are immediately also listed on Google Jobs - therefore expanding the reach.

This is probably something that could (and should) have been done a lot earlier. Having said that, it's now something that I pay attention to with each update that I make on the site.

**Results:**

Personally, as mentioned before, I hate this - I am publishing somehow duplicate but not exactly duplicate pages, for the sole purpose to please the SEO overlords. I understand that going step too far would have a massive hit on the user experience, so I am trying to be very intentional to ensure the key information is consolidated and easy to find.

Overall, the content of the site is now ranking between 1st - 100th result on Google, for approximately 3,100 search keywords.

The biggest win is being able to rank between 10th - 20th place for ""data analyst"" search, as well as consistently showing up high enough to get some attention for ""data analyst jobs"" search, which drives most of the organic clicks.

Between optimising for Google Search Results, and Google jobs, the site has seen approximately 1,21 million impressions on Google - almost 1 million happened from September to December, right after my summer optimisation efforts.

## Backlinks

Similarly to SEO optimisation, having authoritative sites linking back to DA.

In the first experiment, I found a .xls spreadsheet online, with approximately 1,700 educational institutions in the US and their admissions' email address.

Mistake #1 - timing - I thought with Universities/Colleges starting in September, it would be a good time to get on their radar - just as they new students coming in and discovering what those institutions have to offer. Truth is, it's also the time when you have an enormous amount of freshers spamming the admissions office looking for directions to their dorms.

Mistake #2 - audience - on the topic of admissions office - they do not care of anyone reaching out to build partnerships, literally, that's probably the last thing on their mind.

Put the two together, and I ended up with 2 (thanks but no thanks) replies out of appx 800 emails sent. Silver lining - the email still had appx 50% open rate, so no harm done to email deliverability (spam score).

Learning from the experience, I decided to tailor my approach.

I've pulled together a spreadsheet with information about the University, Career centre or Course detail (i.e MSc in Data Analytics etc), direct link to the section where they are currently sharing resources, and emails for both someone from the department and the career centre.

**Results:**

With 30 institutions identified, results where much better this time (after appx 5 follow up emails, because, yeah...):

Uni 1 - gained 1 backlink to both DA and BA, Uni 2 - in the review process to be added on the site in their next refresh in January 24' Uni 3 - call scheduled to discuss partnership opportunities

I've also hit the popular directories / communities (such as ProductHunt or YourStory) to submit DataAnalyst on their site, with some backlinks gained as a result.

As a side-note, some people will claim that getting listed on University' career pages is extremely easy for niche job boards - after-all, the job board is providing free-for-students alternative to find opportunities to kickstart their career.

At least from my experience, this couldn't have been further from the truth, so don't count on your backlinks before they are linked.

## Newsletter

When starting, I wanted the newsletter to be sent on a weekly basis, containing the latest jobs. The more I thought about it, the more I became against the idea - after-all, people could visit the site and see, why spam their emails? At the same time, the point of the site is to help people find a role - once they would, they wouldn't really need weekly emails with latest jobs.

Secondly, since I really haven't put much thought into the structure of the newsletter, I had no subscriber segments identified - so even if I wanted to send out tailored job alerts, the current workflow simply doesn't allow it.

So, for now the newsletter will stay as is - sharing important guides updates, monthly market summaries, new interviews, and highlight promoted job opportunities.

**Results:**

Overall, newsletter open rates have stayed pretty consistent, at around 60%, with CTR rates hovering between 5-7%, indicating that people are reading, and are engaging.

I don't want the list to grow just for the sake of a bigger number, so I did go through pruning, unsubscribing people who haven't opened any of my emails in the last 6 months.

## Market Summary

Since the first month, I wanted to utilise the job data available to create monthly market insights - a deep dive into the data analyst job market, where we can have a look at the job openings and provide insights on the latest hiring trends - which industries are hiring the most, remote working and salary fluctuations.

With me being the one curating the jobs that end up on the site, it could be argued that these trends are not really representative of the overall market.

**Result:**

Saying that, I do still believe that even the said monthly snapshot, and the month-on-month comparison can provide some useful tidbits and observations - so, every month for the past year, a monthly job market summary was published.

I'm perfectly happy to accept that it does not provide extraordinary value, primarily because:

1. even if only few people find it useful, that's a win in my book
2. the content still shows up in search results, helping drive more people to the site
3. it provided me the platform, the structure and the data required to consolidate all the information to create the Data Analyst Salary Guide.

## Salary Guide

With approximately 1,650+ data analyst jobs listed on the site up to this date, analyze data to develop data analyst salary guide (updated quarterly) - the guide has now been updated to include data for the whole 2023.

**Results:**

Visitors can now find the data analyst salary breakdown, by these areas:

**Industry** \- breakdown by specific industry, overall minimum, maximum, median and average salary + salary breakdown by years of experience

**Years of experience** \- breakdown of all jobs on the site by years of experience - entry level (0 - 3 years), senior (3 - 5 years), lead (5+ years)

**State** \- this is where it gets tricky. Now, as it usually is with this kind of exercise, lumping the data all together you come up with an insane range. On the other hand, if you split the data in 52 different ways, you'll get a whole different set of issues where N is not large enough to draw any conclusions - and for some states, there's simply no data at all (not to single any state out, but I'm looking at you, Wyoming).

**Company view** \- as an experiment (and primarily targeting SEO benefits) I've also included average data analyst salaries at all the companies that are listed on the site.

Truth be told, until the amount of jobs per company gets into at least double digit numbers, it's probably a useless metric, but I am hoping to rank for some of the long tail ""what is a data analyst salary at X"" keyword searches.

As the site grows, and the number of jobs on the site increases, I do still believe that I'll be able to bring an addition source of information about salaries, complimenting those already available on other sites.

## Interviews

Alongside the job board, my other focus is to bring interviews with data professionals across the experience levels to share their journey, tips and advice.

Overall, we've published 8 interviews, that I believe bring different point of views, stories of growth and sharing unique paths that each individual took to navigate their careers.

There's an absolute ton to learn from these:

* how to land data role internally within an organisation
* the power of showcasing and reframing your experience outside the direct data analytics field
* and how moving into more leadership roles requires more than just being a data wiz

**A lot of the people who took their time to share are also Redditors, so just wanted to give a shout out and say THANK YOU again.**

**CTA: If you'd like to share your experience, please DM me, would love to feature more people!**

Insights from these interviews are also incorporated in the how to become a data analyst guide, which was published in the second half of the year.

## How to become a data analyst

Over the long term, I would like DataAnalyst.com to grow - not just as a job board, but also as an educational hub - from interviews with experienced professional, best practices, to advice about getting into the industry.

I wanted to build even further on our knowledge base of interviews, insights and resources, and put it all together in the first version of a guide to becoming a data analyst.

Result:

First version released, with the guide covering topics such as:

* understanding the role and responsibilities of a data analyst
* becoming a data analyst, and what it obtains - from education, experience, to technical and soft skills
* the well known not-so-secret hack - building your own portfolio
* career development and salary guide (yes, our own!)
* incorporating insights and quotes from interviews with experienced professionals

The goal is for the guide to be a living document - constantly evolving and incorporating new findings, advice and insights.

# What's next

Now that the structure and processes are fairly optimised, and the site getting traction with attracting aspiring and experienced data analyst, the main ""thinking / action"" that I have on my plate is to figure out the path to successful monetisation.

Some of the avenues that have proven to work in the market, and for me to investigate::

**Company paid job posts**

* as previously mentioned, this is where I thought revenue would be coming from
* will require selling and outreach from my side
* could consider both one off payments but also subscription type of a service

**Reverse job board / candidate database**

* users create profiles, specify their availability (freelance, contract etc) companies pay access to that pool of candidates - this requires very little screening, and the main effort is just in developing the membership aspect
* in addition to this, it would be an interesting idea for member profiles to look like mini-portfolio sites - which is something that pretty much all data analysts should have and be able to share

**TopTal-like proposition**

* heavy screening and testing candidates to only have the top 3% of data analysts who are available for freelance/short term contract work
* requires a lot of effort, particularly for the screening / tests / attracting the best
* company pay for access and % of salary upon hire

My main concern with both Reverse job / Candidate pool is that once you start handling user information + sensitive info in CVs, I think it gets really, really tricky with privacy laws, data storage and security overall - particularly a danger of laws being different across regions.

**Ads**

* not a fan of having ads on the site, but maybe could be tailored sponsor ads to the audience (data tools, data courses)
* would open up opportunities for sponsored posts in the newsletter

**Coaching / interview / CV help**

* would not prefer this, not really scalable + there's tons of people more qualified than I am

**Subscription based for data analysts**

* I've noticed some niche job boards that have struggled attracting companies, have shifted to subscription model where applicants pay a monthly fee to access job opportunities ($10 / month)
* Personally not a fan of this, it's stressful enough to be looking for a job, let alone to also pay for access, however, job boards that went this route found that people were willing to pay and support, and eventually they were able to make profit and reinvest back into growing the site

# Things in the pipeline

* New data analyst jobs, added daily
* Figuring out what to do with the newsletter
* Monthly US data analyst market insights
* Improving the overall site experience (this one is a never ending activity)
* Continuing to bring you Data Analysts across their experience levels, to share tips, tricks and their thoughts

# 3 ways you could help

1. Looking for a new challenge? Check out the website - I'm adding new jobs daily
2. Looking to hire a data analyst to your team? Do you know anyone looking to hire? Shoot me a message on Reddit (or [alex@dataanalyst.com](mailto:alex@dataanalyst.com)) and I'll upgrade your first listing for free!
3. As I mentioned, we have an ongoing ""Day of a Data Analyst"" series. For those of you who are open to do an email based interview about your data analyst career journey, please just send me a message and we'll organise something - would love to get you featured and share your experience with our readers!

If you have any questions, concerns, come across glitches - please just reach out, happy to chat.

Thank you all again, and see you soon.

Alex",2024-01-04,20,https://www.reddit.com/r/analytics/comments/18yfj1b/dataanalystcom_i_launched_a_niche_recruitment/
data analyst interview experience,analytics,Data Analyst/Engineer being asked Data Science questions during interviews - trend or should I do a Masters in DS or something else?,"Hello !
Recently I have been applying for data analyst and data engineering position at various startups and small companies (some mid-sized ones). I don't really like working at big companies.

I have 6 years of data analyst and data engineering experience over in similarly sized companies, but these days interviewers have been asking me more and more ML/AI related queries. I have little to no experience with these things.

Should I do free/cheap certificates or a part-time Masters Degree to help be more competitive in the market ? Has anybody else seen/felt this recent trend ?",2024-03-26,6,https://www.reddit.com/r/analytics/comments/1bodkyn/data_analystengineer_being_asked_data_science/
data analyst interview experience,analytics,"Non-technical Interview for a data analyst position, what can I expect?","Hello everyone,

I will have an interview soon with a data scientist for a data analyst position that requires 0-3 years of experience, knowledge of Python, Powerbi/Tableau. I have 0 year of experience and have knowledge of Python, SQL, Excel and some PowerBi (very little). I have a few projects on my resume with their github links so you can see what I've done throughout my degree.

My question is, what would the data scientist inquire about me? It's not a technical or a case study interview so I'm just trying to figure out what questions they might ask. Any ideas?",2023-08-28,9,https://www.reddit.com/r/analytics/comments/163lrva/nontechnical_interview_for_a_data_analyst/
data analyst interview experience,analytics,GA4 report for an e-commerce analyst job interview ,"Hi everyone, I ask you if there's any nice soul who could have the possibility to check wether if my report is good or not.

To give you a context, I'm trying to get an internship position as a digital analyst in an italian digital marketing consultancy agency (yes, I'm italian and all the metrics will be in italian).

I have to pass this test in order to complete the application process and start the internship. Since I studied this sector but I have little experience with GA4 and Looker Studio, I ask if any of you could help me out to get the position.

The question I have to answer is: ""how my e-commerce is going?"" and the data is based on a fashion brand e-commerce.

Dm me if you could help me and I'll share with you the report to view it!",2024-02-15,2,https://www.reddit.com/r/analytics/comments/1arek6n/ga4_report_for_an_ecommerce_analyst_job_interview/
data analyst interview experience,analytics,Any one hiring data analyst/data scientist/business analyst/Data engineer in USA?,"Hi All,

Any one hiring for the above mentioned roles in USA? My sister has been actively looking for these roles and not able to secure interviews given the market. She has completed her MS in information systems and management has 3+ years of experience as Data Analyst/ Engineer. 

If any of you are aware of job openings or have insights on how she can enhance her chances in securing interviews, your guidance or referrals would be greatly appreciated. Please feel free to DM me or comment with any leads.

Thank you all for your support—it means a lot!",2024-01-06,0,https://www.reddit.com/r/analytics/comments/18zqng7/any_one_hiring_data_analystdata_scientistbusiness/
data analyst interview experience,analytics,How do you get a full-time data analyst? Job boards are not working?,"I currently work as a data analyst/recruiter for a small recruiting firm. I have about 2 years of experience. I've been trying to get a straight up data analyst job for a year, applying to hundreds of jobs online, but I can't even seem to get an actual interview.   


My resume looks good, complete with measurable results. I have a bachelor's degree, but it's in Film Studies. I have no idea how to network into a job, as there are no specific companies that I would want to work for (and practially no one works for the company they wish to work for).  


What is the best way to get a full-time data analyst job?  Please be specific. ",2024-02-20,2,https://www.reddit.com/r/analytics/comments/1avpdsr/how_do_you_get_a_fulltime_data_analyst_job_boards/
data analyst interview experience,analytics,Interview for contact center data and system analyst,"Has anyone had this type of job? what awaits me? 

I have no previous experience in data analysis or call center experience, but apparently they saw something in my resume that they liked.

Job requirements

* Bachelor’s Degree in Information Systems/Computer Sciences
* Two years of experience working on call center environment. 
* Technical understanding and experience with technologies, information systems, telephony systems, and ACD systems preferred.
* Strong math skills and ability to perform statistical analysis.

My experience

* Bachelors in Information Systems
* Technical understanding/experience with technologies (*Worked at Best Buy Mobile for 4 years*)
* Monitoring and reporting of incidents for local & internacional banks in my current job
* PowerBi Mini Course (2 weeks)

&#x200B;",2023-07-05,12,https://www.reddit.com/r/analytics/comments/14r0d18/interview_for_contact_center_data_and_system/
data analyst interview experience,analytics,Stand out from data analyst resume stack - free workshop from hiring manager,"Hey everyone! My name's Christine, I'm a former hiring manager and data director at Vimeo where I've helped hire many analysts over the years.

**I'll be sharing my resume insights in a free online workshop on Friday, April 12th (11am-12pm est) to help people get past the resume wall of today's competitive job market.**

I'm seeing SO MANY aspiring data analysts saying they're sending out hundreds of resumes and barely getting an interview. Oftentimes it's bc their resume doesn't have the main things that recruiters are looking for and don't have the right keywords to get past ATS, which understandably ends up leaving ppl feeling overwhelmed, frustrated, and discouraged.  
After learning the right strategy, I've seen people go from sending out hundreds of resumes to sending out less than 50 before getting their first role in data. These are people from all backgrounds - education, sales, finance, patent law, working in a lab, recent grads etc. A few things we'll cover:

* What kind of portfolio projects are good enough to put on resumes, and how can you explain them in a way that makes them look legit?
* What are the most common mistakes of early-career analysts and why they don't get interviews?
* If you're transitioning from another industry like sales, marketing, operations, education, insurance, finance, product etc - how do you narrate this experience as an advantage in analytics
* What are the less obvious reasons why early-career data applicants don't get interviews?

I’ll do an open Q&A at the end for other questions and mention how to apply to my mentorship program for anyone interested. **Sign up for the workshop** [**here**](https://www.eventbrite.com/e/stand-out-from-the-data-analyst-resume-stack-tickets-874751113127?aff=oddtdtcreator) **and feel free to connect with me on** [**LinkedIn**](https://www.linkedin.com/in/christine-jiang/) **- I'm always happy to answer questions.**

P.S. I’m thinking of hosting an in-person meetup for aspiring analysts with a few data colleagues of mine to share their learnings and allow people to network w each other over a casual happy hour in NYC. If anyone's interested or has recs on a place, lmk!",2024-04-01,2,https://www.reddit.com/r/analytics/comments/1bt7s0s/stand_out_from_data_analyst_resume_stack_free/
data analyst interview experience,analytics,Looking for advices for getting a data analyst job,"I'm not allowed to post the resume but my background is simple. I studied math during my undergraduate, self-taught coding to CS during the pandemic, and I obtained my Master's degree in CS last Dec.

I've been searching for a job since Jan, and not surprisingly, it hasn’t work out. I was mainly searching for DS/ML roles, as I thought my background was more relevant(it's but lack of experience). But I think this is actually a huge mistake that I made since I didn't realize this field is way over-saturated and there's barely any new grad position exists in the market. Yet, I had gotten a few DS and ML interviews earlier this year so I thought there was a hope, but once again, none of them worked out. To put it simply, they didn't treat me as a new grad at all, and I, of course, just entered the job market and stumbled during some interviews.

I was suggested that DS is not typically an entry level role and I better start off by doing DA or DE. I've applied some DA/DE roles recently but not even getting interviews. A part of the issues could be my resume since it is heavily DS-based and mediocre; most of my projects involved, collecting/cleaning data, training models and using ML to make prediction, etc. I have one unpaid internship but there's really nothing standout, tasks are similar to what I just described. I highly doubt my resume is able to pass through those ATS filters. I've also seen people with solid resumes(years of experience) struggling to get interviews so I guess it's difficult to tell which part particularly went wrong.

A few also suggested me to apply SDE, I did but again, no interviews(actually got one but got ghosted after phone screening). And people said that applying for SDE with a MS degree is extremely tough since you don't possess the skills that the company requires. I can completely understand and feel that.

About my interview skills, I would say I'm comfortable with easy to medium LC, although I've rarely been asked to solve one, mostly just conversations and high level questions. And I'm familiar with most DS/ML topics. And I only know python. 

I actually gave up a few months ago and now I'm back and I think I need to make some adjustments.

My questions is, should I learn some developments skills and transit to SDE, or work on a few more data-related project and reapply for da/de. Or perhaps stick with DS even the chances are slim to none.

I feel like my situation is somewhat awkward at this point, and I would really appreciate for any suggestions.",2023-09-01,2,https://www.reddit.com/r/analytics/comments/167grgb/looking_for_advices_for_getting_a_data_analyst_job/
data analyst interview experience,analytics,Tips to switch from finance (client facing) to Data analysis/engeneering or financial analyst,"Hi all,

Ad per title, I am trying to make the switch from client facing positions (client service, financial advisor) to a more analytical role. 

To give you a little background on myself, I have a bachelor in accounting Sciences (Brazilian university), a college diploma in financial planning (Canadian University), as well as a couple other certifications from the Canadian Securities Institute (Canadian securities Course, Financial Planning 1 and 2, Invetment Management Techniques) and a Brazilian version of the CPA (CRC). I have also worked in a couple of banks, and had own accounting company back home.

I want to break into the analytics industry, and was considering between either data analysis, data engineer, and financial analyst. The latest one seems the most logical as I already have a lot of experience and knowledge in finance that I think it would be transferable to the role.

My questions are:

- If I want to make those moves, what skills should I acquire? My initial plan is to learn SQL, Python and PowerBI for data analysis. I have started the first 2 on DataCamp and do no plan to apply for anything until I have those done. Should I study anything else?

- What is the difference between a data analyst and a financial analyst, and which languages and skills are more appropriate for each?

- If there is anyone that has made that move, how do you prepare for the interview? (Resume, interview questions). My only experience is interviewing for corporations and the traditional resume.

- When I was studying codding, in order to make a portfolio I should save my work done on gothub as my portfolio. Does the ""data world"" has something similar to that?

- What field is the more laid back, where I can potentially work from home and from another country? My main goal is to find a job that will allow me to work anywhere with stability and high salary (100k +). I am currently in Toronto, planning a move to Jacksonville, FL soon.

In advance, I appreciate all answers! Thank you! I'm very excited to switch into this world!!",2023-09-09,2,https://www.reddit.com/r/analytics/comments/16efuig/tips_to_switch_from_finance_client_facing_to_data/
data analyst interview experience,analytics,"6+ YOE, 2 years of interviewing, good feedback but still no offer. What am I missing?","I’ve been trying to switch jobs for almost **2 years now**, and I’m genuinely starting to wonder what I’m missing.

I have **6+ YOE in data/financial services**, working primarily with SQL, Python, Snowflake, data pipelines, data quality and automation.  
I’ve interviewed with companies like **Bloomberg, Citadel, Tesla and Intuit**, made it through multiple rounds including technical/coding interviews, and there have been several where I walked away feeling like I did really well.  
I also ask for feedback whenever possible. Multiple times I’ve heard some version of:  
**“You did well, the team liked you, but we decided to move forward with another candidate.”**  
I understand that happening once or twice. But after almost 2 years of getting close and hearing similar feedback, I’m starting to question what I need to change.

For people here who’ve been hiring managers/interviewers, **what usually separates the candidate who did well from the candidate who actually gets the offer?**  
Is it technical depth? Communication? Domain experience? Am I targeting the wrong roles at 6+ YOE? Or is the market really just this competitive right now?

Also shooting my shot — **if anyone’s team is hiring for Senior Data Analyst / Data Management / Data Engineering-type roles, especially around NYC/NJ or in**   
**fintech/financial services, I’d really appreciate a DM.** 

Happy to share my resume.  
Would genuinely appreciate any advice, criticism, leads, or perspective.",2026-08-25,41,https://www.reddit.com/r/analytics/comments/1vy0r6l/6_yoe_2_years_of_interviewing_good_feedback_but/
data analyst interview experience,analytics,"Is the pivot into data analytics dead in 2026, or am I just hitting a wall?","I’ve been career pivoting and job searching for four months since being laid off, and I have a QA background (3 years) and operations experience. I have applied to hundreds of jobs so far, and I haven't landed a single interview since starting my job search in the world of data. I have just been getting those automated rejection emails. 

I’m not even strictly chasing pure ""Data Analyst"" titles because I know there are alternative job titles that deals with data every day. 

I've been doing a lot of self learning, took the Google Data Analytics Certification Course, and even applied and took a college course in data analytics and used those foundations to start my own projects to get hands-on practice and understand what I am doing and how to use different tools like SQL, Excel, Power BI and Tableau. 

I just want to know if I am either wasting my time, or if I need to do something else to get me in front of recruiters. This job market is brutal and feels very unforgiving and discouraging right now. So any help will be appreciated! Thank you. ",2026-03-07,43,https://www.reddit.com/r/analytics/comments/1rno4y7/is_the_pivot_into_data_analytics_dead_in_2026_or/
data analyst interview experience,analytics,Did I make the right choice?,"Today was my second day working as a data analyst with no prior data experience except for a SQL course I took back in college a long time ago. I am feeling so overwhelmed.

During my job interview, I specifically mentioned that it had been a long time since I had worked with SQL queries or SQL in general, but that I was willing and eager to learn and that I loved solving problems, which is true. I also majored in computer science. They ended up offering me the job, and I accepted it, but I had no idea what I was getting myself into.

  
It turns out I am replacing someone who used to do some heavy data-related stuff that I am not going to get into, but that person was responsible for that portion of the data within our team, and my role was not supposed to get into that, but now that that person is gone, I am being bombarded with not only learning Excel, SQL, Power BI, and other data-analytic tools that I won't be mentioning, but I will also be learning stuff that goes beyond my job description. 

  
And today, they introduced me to some of those concepts for the first time. I had only gotten like 4 hours of sleep last night because of my anxiety due to having this job, and needless to say, my brain retained very little information throughout my shift. I am also feeling imposter syndrome because I am surrounded by amazingly intelligent people, and sometimes I feel like I am not smart enough to keep going. This was my second day, and I was in tears by the time I got home.

  
If I quit this job, it will severely impact my future employment opportunities with this agency, which I don't want to do. I know they chose me for a reason, but I am severely doubting myself at this rate. I feel dumb. 

  
Please tell me it gets better. Any advice will do. Any experience that you have will be greatly appreciated. Or should I just give up?

Thank you for reading this. I kind of needed to vent, too.",2026-01-13,71,https://www.reddit.com/r/analytics/comments/1qc6u9p/did_i_make_the_right_choice/
data analyst interview experience,analytics,The talk of hundreds of applicants for roles sounds terrifying. Here's what it actually looked like from the hiring side... for a few UK data roles any way.,"I'm a senior data engineer at a UK organisation in the South West. Last month we advertised three roles: a senior data analyst (£55k), a mid-level data analyst (£40k) and a data engineer (£55k). Not amazing money, but a great pension, just one day a month in the office, lots of annual leave and actual stability.

The jobs were live for one week. The senior DA and DE got around 300 applicants each, the mid DA got around 140.

Sounds brutal, but here's the breakdown...

Around 90% (not an exaggeration) didn't have the right to work in the UK and needed visa sponsorship, which we don't offer. In the no pile immediately, but a quick glance showed lots of foreign undergrad degrees, some with UK masters, plus plenty of random applications.

Of what was left, about half had no relevant experience or qualifications and clearly hadn't read the spec. Some were just applying because the job centre told them to apply for x jobs a week.

Then the AI drivel halved it again.

Final count was roughly eight viable applications for the senior DA and DE, five for the mid DA.

A couple then didn't reply or didn't show up to the Teams interview. Two were visibly reading AI-generated answers off a their screen.

We had two great interviews and hired for the senior DA and DE. The mid DA we struggled with externally, so it went to an internal candidate from a fairly low-level ops role who'd taught themselves Python and SQL and actually applied it to their day job.

The point of this post is to counter some of the doom and gloom that crops up on here. If you're a UK-based applicant with relevant experience who reads the spec and writes your own application, you're not competing against the '300 applicants' that LinkedIn and recruiters spout. You're competing against a much smaller number. And if you get to interview, don't use AI, have some personality and come across as likeable and easy to work with, you're in a very small group.

What annoyed me most is my own manager was the first to tell the team about the huge number of applicants and how much 'competition' there is out there. A nice bit of retention pressure and complete nonsense, as it turns out.

Would be interested to hear if others have found the same. Throwaway account to avoid doxxing myself...",2026-08-05,47,https://www.reddit.com/r/analytics/comments/1vgh2wo/the_talk_of_hundreds_of_applicants_for_roles/
data analyst interview experience,analytics,"I don't see a lot of entry level jobs, what's the next best option for a recent graduate?","I am a recent graduate. I have a few years of work experience in software engineering but I wanted to switch to data analytics so I did my master's in analytics. I have been job hunting for over an year now. I have had a handful of interviews. 

I see that the job roles for entry level analysts are drastically reducing and I am not experienced enough to start a senior role. A mid level role is maybe something I can try but that is a long stretch as well. 

Not sure where to head from here. There are no entry level jobs and I am underqualified for a experienced role. What should I work on? What should be done to survive and land a job in this scenario?",2026-08-11,20,https://www.reddit.com/r/analytics/comments/1vlie58/i_dont_see_a_lot_of_entry_level_jobs_whats_the/
data analyst interview experience,analytics,Need Advice,"Hello All,

Posting here as I could really use some grounding as well as career advice. I have 3.5 years of experience and am currently working as a Data Analyst at a large insurance company. When I interviewed for the role and eventually started, I was very excited about the opportunity as well as it was communicated to me that in the course of a year I’d be taking one direct report or two and growing this area from a one person function to a team. With that in mind, I gave my everything to the role for the first 6 months, not because anybody forced me to but because I was genuinely excited about being the Analytics SME for the team and beyond, bringing in new tools, and truly growing a team eventually. However, when trying to push harder to execute these initiatives, my job has been mainly dealing with political battles surrounding the data across the organization, legacy systems that are maintained at the same level of the service desk, which has led to receiving data nearly 2 months after the request; manually collecting data and putting it in spreadsheets and power point presentations only for my numbers to be changed later if they do not make leadership look good, using little to no technical tools whatsoever, and doing endless ad hoc “do you have this data” requests. I have tried multiple times communicating the criticality of why we need an operating model change, and why having one single person doing both the manual data work as well as transformation work (trying to improve flows, automate processes, etc) doesn’t work. The challenging part is that, while I am not getting a hard “no” from my manager, they don’t do much - if anything at all - to change the situation. It’s a good company with good pay, benefits, and culture. I recently found a new role that just opened in AI and Data Risk that is more on the governance side that could potentially be a feasible move. I have access to our team’s financials since I do the reporting every month, therefore see the ungodly amount of money spent in other initiatives, yet I don’t see a cent of it. I am more and more inclined to make the move, but a couple things scaring me are going to a team that is worse off, continue to lose grasp of technical skills, and just the change in general. This is not where I wanted to be this time later, and I genuinely was very excited about the idea of building my own Analytics and Reporting unit within my department. Any advice/words of wisdom? Thanks!",2026-06-20,5,https://www.reddit.com/r/analytics/comments/1ub7ih4/need_advice/
data analyst interview experience,analytics,"Got laid off again today, looking for cert advice that's in demand [U.S.]","I got laid off twice now, once last August and again today. I was a Data Scientist for 3 years previous role and 8 months data analyst this recent role. I've held off from starting a family because I've been trying to get stable in my career before I take that step, but now that I'm 30. Its getting a bit too late. I want to become a more competitive candidate as I'm having trouble even landing interviews. I've gotten my resume checked many times and changed format about 7 times. I think part of it is because my degree is in MIS and the companies I worked at were small. I'll also admit my python knowledge is intermediate and not advanced but I cant even make it to the interview stages for that to be relevant. My current stats are 2 interviews per 350 applications. 

I figured the best way to become more competitive in the market is to gain experience in platforms/software that are: here to stay, and in demand. I've experience with Azure, Aws, Databricks outside the standard data analysis stuff like power bi, jupyter, and Excel. I have zero certifications in anything though.  I'm also looking into a masters to do that is more on the easier side. So recommendations on that would be appreciated.

TLDR: What certifications are in demand and have a good job outlook in the near future that would be worth investing time and money to complete?",2025-10-17,34,https://www.reddit.com/r/analytics/comments/1o9e7cj/got_laid_off_again_today_looking_for_cert_advice/
data analyst interview experience,analytics,How did you get into analytics?,"Hi everyone,

Im am working on transitioning towards a analytics position specifically data. Ive got the basics and fundamentals (solid projects with sql, excel, power bi) but the greatest challenge is of course getting interviews cuz i have no real experience. I currently make 75k a year but hate my job. Is it worth starting at the bottom data entry, or at a bank ($20-25/hr) and work my way up in a year, or should I keep looking for a real analysts position? 

How did yall pivot into analytics from a different career that doesn’t have a straight path? My current work has very little room for analysis. Ive tried but its not really applicable in the way companies want “experience”. 

any advice?

Happy Monday!",2025-04-28,52,https://www.reddit.com/r/analytics/comments/1k9wker/how_did_you_get_into_analytics/
data analyst interview experience,datascience,RANT - There's a cheating problem in Data Science Interviews,"I work at a large company, and we receive quite a lot of applicants. Most of our applicants have 6-9 years of experience in roles titled as Data Analytics/Data Science/Data Engineering across notable companies and brands like Walmart, Ford, Accenture, Amazon, Ulta, Macy's, Nike, etc.

The nature of our interviews is fairly simple - we have a brief phone call on theory and foundation of data analytics, and then have a couple of technical interviews focusing on programming and basic data analysis. The interview doesn't cover anything out of the ordinary for most analysts (not even data scientists), and focuses on basic data analysis practices (filter down a column given a set of requirements, get a count of uniques, do basic EDA and explain how to manage outliers). 

All interviewees are told they can use Google as we don't expect people to memorize the syntax, but we do expect them to have at least working knowledge of the tools we expect them to use. The interviews are all remote and don't require in-person meeting. The interviews are basically screen share of Google Colab where we run basic analysis.

In our recent hiring spree, out of the 7 potential candidates we interviewed, we caught 4 of them cheating.

Given their profile, I'm a bit amazed that they resorted to cheating. Whether it was by having someone else on the call helping them answer the question, or having someone entirely different answer their questions, and other notable methods that I don't want to share that we caught while they were sharing their screens. I've learned from my colleagues that there are actual *agencies* in India and China who offer interview 'assistance' services.

At this stage, our leadership is planning to require all potential candidates to be local - this eliminates remote option. On the same token, those cheaters passing the recruiter screening are quite frankly just making it worse for people who are actually capable. Questions become more theoretical and quite specific to industry, scope of hiring will be limited to people within specific domains, and improptu coding tests will be given out without heads up to hinder people from cheating and setting up whatever they do to cheat.

/endrant",2023-08-01,301,https://www.reddit.com/r/datascience/comments/15flo97/rant_theres_a_cheating_problem_in_data_science/
data analyst interview experience,datascience,From Data Scientist to Data Analyst,"Have any of you gone from Data Scientist to Data Analyst? If so, how'd you handle the interviews asking why you're ""going back to analyst work"" after building models, running experiments, etc.?",2024-10-03,226,https://www.reddit.com/r/datascience/comments/1fva50u/from_data_scientist_to_data_analyst/
data analyst interview experience,datascience,Free Product Analytics / Product Data Scientist Case Interview (with answers!),"If you are interviewing for Product Analyst, Product Data Scientist, or Data Scientist Analytics roles at tech companies, you are probably aware that you will most likely be asked an analytics case interview question. It can be difficult to find real examples of these types of questions. I wrote an example of this type of question and included sample answers. Please note that you don’t have to get everything in the sample answers to pass the interview. If you would like to learn more about passing the Product Analytics Interviews, check out my [blog post here](https://futureproductanalyst.substack.com/p/how-to-pass-the-product-analytics). If you want to learn more about passing the A/B test interview, check out [this blog post](https://futureproductanalyst.substack.com/p/how-to-passing-the-ab-test-interview).

If you struggled with this case interview, I highly recommend these two books: [Trustworthy Online Controlled Experiments](https://amzn.to/3EbBybQ) and [Ace the Data Science Interview](https://amzn.to/4jLGbd5) (these are affiliate links, but I bought and used these books myself and vouch for their quality).

Without further ado, here is the sample case interview. If you found this helpful, please subscribe to [my blog](https://substack.com/@futureproductanalyst/p-148705045) because I plan to create more samples interview questions.

\_\_\_

**Prompt:** Customers who subscribe to Amazon Prime get free access to certain shows and movies. They can also buy or rent shows, as not all content is available for free to Prime customers. Additionally, they can pay to subscribe to channels such as Showtime, Starz or Paramount+, all accessible through their Amazon Prime account.

In case you are not familiar with Amazon Prime Video, the homepage typically has one large feature such as “Watch the Seahawks vs. the 49ers tomorrow!”. If you scroll past that, there are many rows of video content such as “Movies we think you’ll like”, “Trending Now”, and “Top Picks for You”. Assume that each row is either all free content, or all paid content. [Here is an example screenshot](https://imgur.com/a/PoWux79).

# Question 1: What are the benefits to Amazon of focusing on optimizing what is shown to each user on the Prime Video home page?

Potential answers:

>!(looking for pros/cons, candidate should list at least 3 good answers)!<

>!Showing the right content to the right customer on the Prime Video homepage has lots of potential benefits. It is important for Amazon to decide how to prioritize because the right prioritization could:!<

* >!**Drive engagement:** Highlighting free content ensures customers derive value from their Prime subscription.!<
* >!**Increase revenue:** Promoting paid content or paid channels can drive additional purchases or subscriptions.!<
* >!**Customer satisfaction:** Ensuring users find relevant and engaging content quickly leads to a better browsing experience.!<
* >!**Content discovery:** Showcasing a mix of content encourages customers to explore beyond free offerings.!<
* >!**But keep in mind potential challenges:** Overemphasis on paid content may alienate customers who want free content. They could think “I’m paying for Prime to get access to free content, why is Amazon pushing all this paid content”!<

# Question 2: What key considerations should Amazon take into account when deciding how to prioritize content types on the Prime Video homepage?

Potential answers:

>!(Again the candidate should list at least 3 good answers)!<

* >!**Free vs. paid balance:** Ensure users see value in their Prime subscription while exposing them to paid options. This is a delicate balance - Amazon wants to upsell customers on paid content without increasing Prime subscription churn. Keep in mind that paid content is usually newer and more in demand (e.g. new releases)!<
* >!**User engagement:** Consider the user’s watch history and preferences (e.g., genres, actors, shows vs. movies).!<
* >!**Revenue impact:** Assess how prominently displaying paid content or channels influences rental, purchase, and subscription revenue.!<
* >!**Content availability:** Prioritize content that is currently trending, newly released, or exclusive to Amazon Prime Video.!<
* >!**Geo and licensing restrictions:** Adapt recommendations based on the content available in the user’s region.!<

# Question 3: Let’s say you hypothesize that prioritizing free Prime content will increase user engagement. How would you measure whether this hypothesis is true?

Potential answer:

>!I would design an experiment where the treatment is that free Prime content is prioritized on row one of the homepage. The control group will see whatever the existing strategy is for row one (it would be fair for the candidate to ask what the existing strategy is. If asked, respond that the current strategy is to equally prioritize free and paid content in row one).!<

>!To measure whether prioritizing free Prime content in row one would increase user engagement, I would use the following metrics:!<

* >!**Primary metric:** Average hours watched per user per week.!<
* >!**Secondary metrics:** Click-through rate (CTR) on row one.!<
* >!**Guardrail metric:** Revenue from paid content and channels!<

# Question 4: How would you design an A/B test to evaluate which prioritization strategy is most effective? Be detailed about the experiment design.

Potential answer:

>!1. Clearly State the Hypothesis:!<

>!Prioritizing free Prime content on the homepage will increase engagement (e.g., hours watched) compared to equal prioritization of paid content and free content because free content is perceived as an immediate value of the Prime subscription, reducing friction of watching and encouraging users to explore and watch content without additional costs or decisions.!<

>!2. Success Metrics:!<

* >!Primary Metric: Average hours watched per user per week.!<
* >!Secondary Metric: Click-through rate (CTR) on row one.!<

>!3. Guardrail Metrics:!<

* >!Revenue from paid content and channels, per user: Ensure prioritizing free content does not drastically reduce purchases or subscriptions.!<
   * >!Numerator: Total revenue generated from each experiment group from paid rentals, purchases, and channel subscriptions during the experiment.!<
   * >!Denominator: Total number of users in the experiment group.!<
* >!Bounce rate: Ensure the experiment does not unintentionally make the homepage less engaging overall.!<
   * >!Numerator: Number of users who log in to Prime Video but leave without clicking on or interacting with any content.!<
   * >!Denominator: Total number of users who log in to Prime Video, per experiment group!<
* >!Churn rate: Monitor for any long-term negative impact on overall customer retention.!<
   * >!Numerator: Number of Prime members who cancel their subscription during the experiment!<
   * >!Denominator: Total number of Prime members in the experiment.!<

>!4. Tracking Metrics:!<

* >!CTR on free, paid, and channel-specific recommendations. This will help us evaluate how well users respond to different types of content being highlighted.!<
   * >!Numerator: Number of clicks on free/paid/channel content cards on the homepage.!<
   * >!Denominator: Total number of impressions of free/paid/channel content cards on the homepage.!<
* >!Adoption rate of paid channels (percentage of users subscribing to a promoted channel).!<

>!5. Randomization:!<

* >!Randomization Unit: Users (Prime subscribers).!<
* >!Why this will work: User-level randomization ensures independent exposure to different homepage designs without contamination from other users.!<
* >!Point of Incorporation to the experiment: Users are assigned to treatment (free content prioritized) or control (equal prioritization of free and paid content) upon logging in to Prime Video, or landing on the Prime Video homepage if they are already logged in.!<
* >!Randomization Strategy: Assign users to treatment or control groups in a 50/50 split.!<

>!6. Statistical Test to Analyze Metrics:!<

* >!For continuous metrics (e.g., hours watched): t-test!<
* >!For proportions (e.g., CTR): Z-test of proportions!<
* >!Also, using regression is an appropriate answer, as long as they state what the dependent and independent variables are.!<
* >!Bonus points if candidate mentions CUPED for variance reduction, but not necessary!<

>!7. Power Analysis:!<

* >!Candidate should mention conducting a power analysis to estimate the required sample size and experiment duration. Don’t have to go too deep into this, but candidate should at least mention these key components of power analysis:!<
   * >!Alpha (e.g. 0.05), power (e.g. 0.8), MDE (minimum detectable effect) and how they would decide the MDE (e.g. prior experiments, discuss with stakeholders), and variance in the metrics!<
   * >!Do not have to discuss the formulas for calculating sample size!<

# Question 5: Suppose the new prioritization strategy won the experiment, and is fully launched. Leadership wants a dashboard to monitor its performance. What metrics would you include in this dashboard?

Potential answers:

* >!**Engagement metrics:**!<
   * >!Average hours watched per user per week.!<
   * >!CTR on homepage recommendations (broken down by free, paid, and channel content).!<
   * >!CTR on by row!<
* >!**Revenue metrics:**!<
   * >!Revenue from paid content rentals and purchases.!<
   * >!Subscriptions to paid channels.!<
* >!**Retention metrics:**!<
   * >!Weekly active users (WAU).!<
   * >!Monthly active users (MAU).!<
   * >!Churn rate of Prime subscribers.!<
* >!**Operational metrics:**!<
   * >!Latency or errors in the recommendation algorithm.!<
   * >!User satisfaction scores (e.g., via feedback or surveys).!<",2025-01-27,192,https://www.reddit.com/r/datascience/comments/1iawkau/free_product_analytics_product_data_scientist/
data analyst interview experience,datascience,"Data Analyst job is, well - not data analysis at all","I'm about 5 weeks into a new role with a well known nonprofit. Prior, I was working as an analyst for a mid-size retailer on their ECommerce team - I was there for a little over a year (this is my only other work experience). Now, I took this role as fully remote (last role was hybrid), and was misled quite a bit in the interview process. I was led to believe that this role was going to be a bit more on the technical side, however I'm learning that isn't the case AT ALL. 

&#x200B;

This new role contains 0 actual data analysis. For starters, I'm the only analyst for this company, so I'm kind of on my own. When I took this job, I flat out told them I was looking for something more technical - in my last role I used some SQL, PowerBI. I was really looking to expand upon that. I have quickly come to realize that the entirety of my role is just responding to tickets and using Adobe Analytics. There is quite literally zero analysis work to be done. 

&#x200B;

I'm debating just outright quitting. Nothing makes me feel like I'm in hell more than just sitting there responding to tickets all day. To be clear - I was told that what I'm doing is essentially the job - there won't be expansion into more technical areas in the future. Quite honestly, I feel like I'm regressing by being here, and I feel like my technical skills especially may regress by not being able to utilize them in any way or expand upon them. Maybe I'd focus on getting my Master's, or finding something else - but am I crazy for considering quitting when I'm confident this is a dead-end job that will likely only harm my career more than help?",2023-08-23,66,https://www.reddit.com/r/datascience/comments/15ysbh8/data_analyst_job_is_well_not_data_analysis_at_all/
data analyst interview experience,datascience,Advice Needed: Data Analyst trying to get a Data Science Position,"I have a bachelors of science in neuroscience and I am about to graduate with a data science master in May 2023. I am also 23 years old.

I am an associate data analyst. I have 1 year of experience of data analysis, where I am building SQL queries and visuals everyday. I did a few personal projects using ML and statistical models that I listed in my resume/github.

I have applied to around 70 data scientist openings during the last month and I have been receiving rejections daily.  I received an interview for a data science intern position, where the pay is 40% lower than my current position.

I have my yearly review at my current company next week, where I am planing to ask for a promotion from an associate position to an actual data analyst position, or to be moved to an associate data scientist role on another team and be at the same pay rate. Does anyone have any advice on what to do from my position? I am just feeling lost at the moment. Appreciate any advice. I am located in the US, and work at a health insurance company",2023-03-05,13,https://www.reddit.com/r/datascience/comments/11inorh/advice_needed_data_analyst_trying_to_get_a_data/
data analyst interview experience,datascience,Aspiring Data Analyst Job Help,"Hi, 

I recently graduated with a dual degree in statistics and environmental analysis from a top ranked university and have been looking for a job as a data analyst. I started applying in August 2022, but have been applying more intensely since February 2023. I started reaching out to more people for informational interviews and have tried to get connected to people at the companies I am applying to using LinkedIn. I've applied for around 60 jobs since February 2023. I have gotten no interviews or followups after my applications. Adding because it might be important to note, I gradated a year early so I have no professional work experience, only school projects. I have these listed on my resume, along with a research assistant role I held where I analyzed data.  Am I doing something wrong? How can I be more efficient in my job search and see results?",2023-07-17,2,https://www.reddit.com/r/datascience/comments/152b9zm/aspiring_data_analyst_job_help/
data analyst interview experience,datascience,Am I only one who is experiencing weird things in this job market?,"Is the job market currently such an ""employer's market"" that it justifies treating candidates this poorly? Could you provide some insights into why these situations might have occurred?

1. **Company A**: I made it to the final round, and the hiring manager explicitly said I was their top candidate, mentioning that my background fit their needs perfectly. My take-home assignment was positively reviewed, especially since I went above and beyond the requirements. The final interview also went well, and I was told to expect a decision within two weeks unless delays arose. However, after three weeks of no communication, I reached out to the hiring manager (my main contact), but received no reply. While I can understand if they chose another candidate, I didn’t anticipate being ghosted, particularly after what I thought was a strong rapport with the hiring manager. When I checked LinkedIn, I saw that the job posting was closed, but the position wasn’t filled. I wonder if the headcount was canceled.
2. **Company B**: I reached the final round for an internship with a full-time conversion potential. I met with the hiring manager in the first round and other team members in the second, both 30-minute conversations without technical questions, which surprised me. They mentioned I'd hear back within a week, but I only received a rejection two weeks later after reaching out myself. I later found a job post to hire an ""entry-level"" FTE with five years of experience instead. Initially, I applied for their senior data scientist role due to my doctoral background, so I’m left wondering if they were seeking someone with senior experience but at an entry-level salary.
3. **Company C**: I was contacted by a recruiter to complete a take-home assignment that felt more aligned with data analyst responsibilities. Despite my effort and confidence in the result, I was informed I wasn’t selected, with no feedback provided. I noticed the job posting was removed just after I received her email. I’m unsure if I was a late applicant or if the headcount for the role was cut. It was frustrating to spend so much time on the assignment only to be met with silence.",2024-11-13,146,https://www.reddit.com/r/datascience/comments/1gq1c2j/am_i_only_one_who_is_experiencing_weird_things_in/
data analyst interview experience,datascience,Job offer (mini rant),"Hi people of reddit,

I have been looking for a job as a Data Scientist for the last year or so. In the meantime, I have been taking up some freelance work and classes on the side (dataquest, datacamp) to improve my skills.

For context, I am a Mathematician, and graduated from my Ph.D. a few years back. I finished my post-doc last August. I know how to write code in R, SQL and Python, and I am confident (most of the time) in my ability to learn. I am very familiar with statistical concepts (although I did not specialise in it) and I have exposure to ML algorithms. Over the last year or so, I have applied for over 500 roles, getting into \~50 interviews. In the end, I got exactly 2 offers, one of which I accepted a few days ago.

I have to say that this last year has been crappy (to say the least). Every company boasts about its inclusivity plan, which (don't get me wrong) is very much needed. However, my point here is that people with a background in academia are generally, and from my own experience, not included at all.

Some doctorate programmes have seminars that aim to ease the hypothetical transition to the industry, while, in truth it should be the other way around. As a former academic, I do not seek favourable treatment, not at all (and if I come off as such, it is a mistake that is solely on me). I do not expect people to rely on the fact that I have degrees and hire me immediately. I understand that it's a ""tough market"" and a ""numbers' game"". I just have to say that it feels that all the weight is put on work experience, while in truth it is perhaps an overrated characteristic.

I should not have to prove my ability to learn, adapt and apply. I should not have to prove my ability to mentally keep up with all kidns of hardship, from day one, all the way to graduation. I should not have to prove how adaptable and resilient people from academia are. I should not have to prove my ability to juggle dozens of responsibilities, all at once; nor my capacity to manage time, under a constant schedule made of deadlines. Are those not important anymore? Are those not crucial elements, honed through years of work experience?

Employers seem to care more about people using software A, rather software B and that's all it takes to get your application rejected. And here I am, thinking that they'd care about problem-solving (the big picture).

IMHO, I should not get rejected because I do not have 3 years of experience for a junior data analyst position (true story).

To finish up, I was lucky, finding a job, even after 1 year of search. Excuse the emotional take; I am genuinely curious to see if more people see my point of view.

Cheers.

**EDIT**: Wow! I never expected to have 100 comments to read/reply to. Hence, I feel obliged to provide a few clarification points:

* I did my PhD, not in order to improve my CV, or land my DS dream job.  I did my PhD because I wanted to explore my craft, as much as I could.
* I read quite a few valuable comments, and, to the people that took time to write them, thanks!
* I want to say that, sincerely, I do not think that my PhD alone makes me better than other candidates. I even highlighted that take in my post. Naturally, I do feel I need to prove my worth, I know that. It is something that traditionally comes after 1-2 interviews, maybe in the form of a take-home task, or live coding session. What is the main point of my rant, is that my ""success rate"", defining ""success"" as ""invited for an interview"" is \~1%, which, to me, is absurd.
* Kudos to u/dfphd for expressing myself better than I did:  ""*why is it that hiring managers assume that someone with regular work experience has these attributes, while not giving someone in academia the same credit?*"" is the main question I have.",2023-08-03,44,https://www.reddit.com/r/datascience/comments/15h58oo/job_offer_mini_rant/
data analyst interview experience,datascience,How do I manage expectations for my career as a prospective data scientist,"Hey all,

I'm a recent MS Statistics graduate (Fall '24), who just finished undergrad (Spring '23) with no working and internship experience. Fortunately, I was able to land a data analyst position at a nonprofit company in March this year, but I am kind of missing the hands-on modeling (Bayesian Statistics, Econometrics, ML, Statistical Regression) and theoretical math (stochastic calculus/processes, ML, probability, Real Analysis) during my master's program.

I understand that given my lack of experience and entry level position, I am very luck to have a job, especially in this economy. However, I also do harbor disappointment in my outcomes, as I did apply for \~1000 jobs, and had more than 40 interviews for all types of positions (quant, data scientist, model validation analyst, data analyst, etc.) this year, but was beat out by people who probably have more relevant experience and technical skills.

I am thinking of applying this Fall/beginning of next year for some more modeling-heavy positions, but I am also wondering whether given the current economy and my unproven track record, I should realistically lower my expectations and evaluate other options (personal projects to sharpen my skills, PhD in a STEM field, working on a research project), and what I should focus on with my projects to improve myself as a candidate (domain knowledge, sound coding skills, implementation of new models). I would like to hear your thoughts and opinions about my future career goals.

Thanks",2025-06-02,47,https://www.reddit.com/r/datascience/comments/1l1uzi1/how_do_i_manage_expectations_for_my_career_as_a/
data analyst interview experience,datascience,Any chance of salvaging this interview ?,"Had my 3rd round interview today which was a technical based. I guess it went … bad. It was with the vp of the company. It seemed like he had already made up his mind right at the beginning and felt like i was at an uphil battle. He didnt even know if I had any interviews before this and I told him i spoke to guy1(principal data engineer) and guy2(senior data engineer) Been working as data analyst for past 3 years and this is a data analyst/engineer position at a startup(which is quite big now) and the role is amazing int terms of growth opportunity, pay, culture, every aspect and I can thrive in it too imo.

He asked me about my resume then asked what is categorical data. I said in a diff tables categorised for diff information like student tsble, prof table. Then asked was I correct ? He said not quite. Its diff categories of prof tables . He then going thru resume and stuff was like this seems to be a mismatch for the role(it was not!) i said i had discussions eith guy1 and guy2 and role is 80-90% sql which ive been using past few years. He then shared a coderdata link to do a query. He could see what i type, but i couldnt run or test queries. I was trying to talk through my thought process through but he seemed uninterested. I did the query by the end when time ran out and he said i have to hop off. but whole time there was *less than smooth* communication. It was so frustrating.

Im thinking to reach out to recruiter and share my experience and if any possibility of another attempt. I dont have much hopes but might as well. This is disheartening as I shouldve been able to clear this smoothly but I was so forward to looking progress but its depressing bcs market is already so competitive and brutal. After like 500+ applications I got like 1-2 interviews and I managed to get to 3rd round only for this to happen *sigh*. Ultimately he has the final say since hes vp despite having good conversations with principal data engineer, senior data engineer in previous interviews :(",2024-10-03,16,https://www.reddit.com/r/datascience/comments/1fvk65u/any_chance_of_salvaging_this_interview/
data analyst interview experience,datascience,Got rejected from Analytics engineering role because of having marketing experience (which I don’t have),"I’m an Analytics Engineer / Sr. Data Analyst with one of the big tech companies from Australia, although working remotely from Canada. I was applying for a Staff Analytics Engineer role, had the recruiter interview, had the interview with the hiring manager. Everything went well, he said that I’ll be getting the take home technical assessment by the end of the week. I kept waiting and got nothing, after  one and half weeks got a rejection email. 

I reached out to the recruiter to get the feedback and she said that the hiring manager says I have marketing experience and they want someone with data experience. I was like I literally don’t have any marketing experience. I’ve been working as a data analyst, then sr data analyst and now analytics engineer. For background I’ve 6.5 years of experience in data space, and no where in my resume did I mention anything about marketing nor did I say anything in the interview which would have caused this confusion.

",2024-03-25,101,https://www.reddit.com/r/datascience/comments/1bnqgvy/got_rejected_from_analytics_engineering_role/
data analyst interview experience,datascience,How many of you really work using control version like git rather than local files?,"I'm curious because in my ""small"" experience of +4 years last friday I did an interview for a small company, when they asked me about using git or control version somehow I was totally honest and said something a long the lines ""look I know what it is and how it works but because I like to learn but in these bigs companies in my resume at the end of the day they care more about having results as soon as possible with nothing or very little documentation rather than doing things properly, so I did as they ask"".
They started laughing like some joke saying ""oh wow I cant imagine working like that what a mess"" I dont think they really care since as they also said is something you should get used to easily (plus I'm gonna reject them). 

So I'm just curious how many of you really work using git? 
PS: My profile is data scientist/analyst using Python.

Update: 
As Im reading all of you I see that I need to change that because for me and the company so... this week I'll start to use it 100%.
Also I'm giving some more info about why I think I didnt really work with it in the past:
- No production deployment (""if you can run it locally why waste money?"")
- Really small teams where normally very few projects where really done by more than the person itself.
- When I tried to bring it in the past It was kind of a mess for me without anybody helping, and It was hard for me to defend why since I really didnt know either.
- Normally when I tried to learn something new I used to focus on new libreries, best techniques/coding practices and my next step was about docker and production deployment but before that Im focus on the git.

I want to thank all of you for your thoughts, I'll keep replying later.",2023-02-05,27,https://www.reddit.com/r/datascience/comments/10uf7ws/how_many_of_you_really_work_using_control_version/
data analyst interview experience,datascience,"So. This job offer is a scam, right?","This place called Whereoware messaged me on Saturday.  SATURDAY, saying to be ready for an interview Monday 8am to 4pm Eastern time.  Told me to email this one guy.  So I emailed him, and today he sent me, basically, an interview questionnaire, which I filled out and sent back to him.  


He emailed me, asking about my salary requirement, then sent me this:  


 *After serious consideration, I am glad to inform you that due to your*  
*level of experience and your working skills, Whereoware, Inc has*  
*decided to hire you as one of our Data Analyst Remote. On behalf of*  
*our company, I congratulate you on your achievement. You are now*  
*offered an opportunity to be part of Whereoware, Inc, You will be*  
*having a virtual meeting with a representative from the HR department*  
*immediately you complete your proper documentation as our newly*  
*recruited employee.*  


*We believe that your knowledge, skills and experience would be an*  
*ideal fit for our creative team and make a significant contribution to*  
*the overall success of the Company.*  


*You will be having a virtual meeting with a representative from the HR*  
*department. Immediately you complete your proper documentation as our*  
*newly recruited employee to discuss further on your job offer and*  
*attend to your questions, You will receive your duties everyday via*  
*email and I will be online to walk you through your tasks. You will be*  
*undergoing a 5 to 7 days online training, via Skype, immediately after*  
*setting up your mini home office.*  


*We are starting you with $45 per hour and you will receive your pay*  
*weekly via wire transfer, direct deposit or check, depending on which*  
*you prefer. Benefits  include: 401(k) matching, Health and Dental*  
*Insurance, Employee Wellness and Paid Time Off. You will be enrolled*  
*for other benefits after a period of 3 months of working with us.*  


*We are going to be communicating virtually till after 5 days of*  
*working with us, subsequently a user and password will be given to you*  
*including an up link to the company server and a list of contact phone*  
*numbers to various departments will be sent to you including all*  
*necessary forms to fill out.*  


*Before you start work, you will receive a payment(check) which will be*  
*used to set up your mini office by purchasing the home office*  
*equipments and software needed to start your training and work.*  


*You will be receiving your Employment Offer Letter from HR via email*  
*to sign Later on today. Our aim is for you to start training as soon*  
*as possible.*  


*For confirmation purposes, kindly forward the following information to*  
*enable the HR secretary to register you and prepare your offer letter:*  


*Your Legal Name to be on check:*  
*Full Home Address:*  
*APT #*  
*Phone number:*  
*Your Email :*  
*Amount offered you:*  
*what bank do you have account with for direct deposit*  


*Please email the requested information to the IT department above to:*  
[*<*](mailto:whereoware@recruitmentjoboffer.com)*email address>*  


*For clarification and Confirmation purposes, please provide me with*  
*the same information you sent to the HR email above.*  
*Let me know when that is done so that we can continue with the*  
*remainder of the briefing.*  


*Congratulations!*  
*Kind Regards.* 

&#x200B;

This was all today.  No face-to-face, no phone call.  This is AI, isn't it. ",2023-09-11,47,https://www.reddit.com/r/datascience/comments/16g7quc/so_this_job_offer_is_a_scam_right/
analytics internship interview,analytics,Data analytics internship interview guide,"I have a Data Analytics internship interview scheduled tomorrow and just one day to prepare.

From your experience, what are the most important topics to focus on in the final 24 hours?

I’m especially looking for high-impact areas that are commonly asked in interviews (SQL, Python, case studies, etc.).

Any practical tips or last-day strategies would really help.",2026-05-06,7,https://www.reddit.com/r/analytics/comments/1t54ddn/data_analytics_internship_interview_guide/
analytics internship interview,analytics,Case study interview advice - data analytics internship,"I have an upcoming case study interview for a data analytics internship at a tech company (b2b saas). For some context, I passed the technical SQL interview, so I’m unsure if they’ll ask me to write any queries/code for the case study.

I’m wondering how to best prepare for this internship case study interview. If anyone has any book recommendations, practice sites, or other resources, please let me know! Thanks.",2026-01-10,4,https://www.reddit.com/r/analytics/comments/1q9dpop/case_study_interview_advice_data_analytics/
analytics internship interview,analytics,My failed internship interview experience,"This might even come off as comedic to some because of how badly I did. I apologize for ranting here, but I am also hoping to get some advice moving forward.

I went into the interview thinking I'd be asked questions based off my resume. I did ask HR if there are any technical or behavioural questions involved (to which they said no), so I basically prepped the common interview questions and research about the company.

The interview was scheduled for an hour, but in the end I only got asked a few questions, one ""tell me about yourself"", one on projects I did, then after that I got asked (edit: by the hiring manager) how would I use data analytics to predict future sales for the company.

I felt utterly stupid because I could only think that it involves ML and blurted somewhere along the lines of ""regression"". My answers for some of the questions were so poor that they didn't even last for 20 seconds. I barely have any ML background and based on my understanding, the job description only mentioned about Tableau and Excel. (But not pointing fingers here, just felt out of the blue)

Barely 15 minutes into the interview we were already at ""do you have any questions"", and I felt like I was trying my best to salvage it by asking as many questions related to the job/company I could think of but I think I just sounded desperate like a guest who overstayed their welcome. Anyway, it ended under 30 minutes.

I am really hoping to get some advice on how I can improve for the next interview, because my odds of even landing one is extremely slim and I cannot afford to have another slip up. 

Few questions:
1. What constitutes as ""technical questions"" exactly? If an interview involves technical questions, does it usually mean coding on the spot or it can be anything from explaining functions/models/DA methodology? I might have misinterpreted the HR so that's probably why I was unprepared for that question.

2. How do you prepare an answer for an unexpected question, especially for DA where they can basically ask anything from interpreting data / SQL code, or sometimes ML? What's the most efficient way to go about this? 

3. (Kind of unrelated to analytics: idk if anyone has been through a similar situation) As a uni student, how do I go about applying for internships/ preparing for interviews whilst also managing my academic workload? I struggle with this a lot, especially interviews would mentally drain me for the whole day and I would spent days preparing for it, which I don't think it's a good use of time as well. (Could be an social anxiety issue so I'm also in the midst of getting that sorted out)

Any advice in general is appreciated, thank you 🙏",2025-08-19,26,https://www.reddit.com/r/analytics/comments/1murmu0/my_failed_internship_interview_experience/
analytics internship interview,analytics,Business Analyst Internship Interview,"Hello everybody, I am a sophomore CS major with minors in business analytics and math. I have a few interviews for business analyst positions. What can I expect? are most internship interviews in this field technical or non technical. Which technical skills should I study before these interviews? I know basic python and SQL, familiar with PowerBi and Excel, but still feel like I am unprepared for one of these roles due to the theoretical heavy coursework I have completed so far.",2025-12-03,7,https://www.reddit.com/r/analytics/comments/1pcsc7a/business_analyst_internship_interview/
analytics internship interview,analytics,Which path would you recommend for analytics? Bootcamps / Volunteering / Master’s (affordable) / Certificates / Unpaid Internships,"Hello everyone,

I graduated with a degree in International and European Economics about 5.5 years ago. I moved to the U.S. two years ago with my wife, who came here for work. I’m on a dependent visa, and before relocating, I had around 8 months of experience in data entry and programmatic advertising. I worked with tools like Excel, PowerPoint, YouTube Analytics, Google Analytics, Google Ad Manager, etc.

When I came to the U.S., I really hoped to continue in that direction and build a career in analytics. I only managed to land one related interview (my very first), and unfortunately, I didn’t do well.

After a year of unemployment and some certificates, I landed a job in a warehouse (unrelated to data) at a well-known company. While there, I made the most of free LinkedIn Learning access and completed courses in Power BI, analytics, and Excel.

Right now, I’m back on a different visa without an EAD again, and I’m reflecting on how to prepare myself for a better shot in analytics once I’m able to work again.

I’ve done a few beginner certifications (Coursera, LinkedIn, Udemy), but I haven’t done any personal projects, internships, or real practice with Python, SQL, or R, so I still don’t feel confident in applying to analyst roles.

Given all that, I’d really appreciate your advice on the most effective path forward:

* Should I consider a **bootcamp** (any affordable ones you recommend)?
* Try to **volunteer** remotely or help a nonprofit?
* Look into a **cheap Master’s degree** or a **graduate certificate**?
* Focus on **certifications and building a portfolio**?
* Are **unpaid internships** worth it in this field?

If you’ve taken any of these paths or been in a similar spot, I’d love to hear what worked (or didn’t) for you. Thanks in advance for any tips or resources!",2025-06-13,1,https://www.reddit.com/r/analytics/comments/1lam8rn/which_path_would_you_recommend_for_analytics/
analytics internship interview,analytics,Tips or help for Business Analytics Internship Interview,"Hi everyone,

I’m currently interviewing for the **Business Analytics Internship** at Comcast, it’s an 11-week paid internship that offers exposure to work on thought-provoking projects involving data analysis and reporting.

Here’s a summary of the role:

* Work with large datasets to conduct analysis and derive insights that drive change in KPIs.
* Utilize tools like SQL, Tableau, Power BI, and Excel to create visuals and reports that align with business strategies.
* Collaborate with teams to improve processes and adopt best practices.
* Present findings and recommendations through storytelling and visuals that resonate with business goals.

**Preferred skills include:**

* Basic SQL/relational database querying
* Experience with Tableau or Power BI
* Understanding of data models
* Proficiency in Excel and PowerPoint

I’m looking for advice from anyone who has experience with **business analytics, internships at Comcast (or similar companies), or interviews for data-related roles.**

# Specific Questions:

1. **Interview preparation:** What are the key technical and behavioral questions I should prepare for?
2. **SQL/Tableau:** Any recommendations for resources or practice projects to refresh these skills?
3. **Storytelling with data:** How can I effectively present data insights during the interview if asked?
4. **General tips:** What’s the best way to stand out in a competitive internship like this?

I have a background in **MIS**, experience with SQL, Tableau, and dashboard design, and a genuine interest in leveraging data to drive decision-making.

Any tips, advice, or personal experiences would mean the world to me! Thanks in advance for your help 😊",2024-11-18,9,https://www.reddit.com/r/analytics/comments/1gtrs03/tips_or_help_for_business_analytics_internship/
analytics internship interview,analytics,Tips before data analytics internship interview,"Hi all,  
Tomorrow, I will give my first-ever Data ANalytics interview for an Internship. The company is a European online sports gambling company.

Any tips will be perfect for me.  
Thank you in advance.",2025-02-03,4,https://www.reddit.com/r/analytics/comments/1igw48m/tips_before_data_analytics_internship_interview/
analytics internship interview,analytics,Need Advice: Applying for a Business Analytics Internship Without Experience,"Hi everyone,

I’m starting my second year in a Master of Business Analytics program and planning to apply for a university placement next semester. The challenge is that I don’t have any experience in analytics yet—my bachelor’s degree is in a completely different field, and I’ve never worked in analytics before.

I know it’s okay to not have much experience as a student, but I expect the competition will be tough, and I really want to make my application stand out enough to land an interview. What do you recommend for someone in my position?

I’ve read that showcasing projects can help demonstrate your skills even without formal experience, and I have about a month until the application deadline. Are there any specific tips to do that?

Here are three sample placements I’m considering to give you a better idea of what’s expected:

# Placement 1

**Key Tasks**:

* Collect and organize data from various sources.
* Understand how data supports business functions like memberships, marketing, and partnerships.
* Perform ad hoc analysis and extract actionable insights.
* Present findings to internal stakeholders.

**Selection Criteria**:

* Passion for AFL and the sports industry.
* Strong analytical and data management skills.
* Intermediate to advanced Excel skills.
* Excellent communication and ability to present insights.
* Bonus: Experience with SQL, databases, Tableau, or Power BI (not essential).

# Placement 2

**Key Tasks**:

* Analyze and organize internal and external data.
* Learn how data is applied to business operations.
* Provide insights through reports and visualizations.
* Present findings to stakeholders as needed.

**Selection Criteria**:

* Strong analytical, data handling, and Excel skills.
* Clear communication and presentation abilities.
* Proactive attitude and eagerness to learn.
* Bonus: Familiarity with SQL, databases, and BI tools like Tableau or Power BI.

# Placement 3

**Key Tasks**:

* Collect and analyze data to generate actionable insights.
* Support business functions by applying data solutions.
* Create reports and dashboards for stakeholders.

**Selection Criteria**:

* Analytical mindset with data and Excel proficiency.
* Great communication and problem-solving skills.
* Proactive and self-motivated.
* Bonus: Experience with SQL, Tableau, Power BI, or databases.",2024-12-18,0,https://www.reddit.com/r/analytics/comments/1hgtqpf/need_advice_applying_for_a_business_analytics/
analytics internship interview,analytics,Trying to move from data engineering to analytics.,"Hello all,

As my title says I wanna make a move towards more analytics related work. For some context I am a new grad from a large state school with a degree in data science. I have done 3 internship, all as software/data engineer. As well as a full time offer for a data engineer role in the fall, And honestly I don't really enjoy the work at all I've had more interested in any of the opportunities at my job to do analytics type work

I would like to eventually become a data scientist after grad school, but analytics is the path that I think I will enjoy and thrive in most. Most of my skills is in data engineering, and science so python, Java, spark, aws, airflow, and some agentic work involving langsmith and Lang chain.

How should I be positioning myself to actually get more interviews for analytics roles. The vast majority of responses I get from my application r for engineering roles. ",2026-06-25,32,https://www.reddit.com/r/analytics/comments/1uf3ja3/trying_to_move_from_data_engineering_to_analytics/
analytics internship interview,analytics,Please Roast My Resume,"Hi all, I have been applying for 3 months now, sent around 90-100 applications and most of them tailored to the job description and fed through ATS scanners/GPT, but I have not gotten a single interview. 

I'm applying to mostly internship roles related to analytics and a few entry level positions where I meet the requirements. Please shed some light on what I could do better with my resume, thank you (**resume in comment**)

",2026-03-16,12,https://www.reddit.com/r/analytics/comments/1rvj6xs/please_roast_my_resume/
analytics internship interview,analytics,Did I mess up?,"I am a freshman in college and said that I was very capable in R, Python, and other analytics languages on my resume and I just had an interview where the interviewer seemed to think I was wayyyyyyyy more qualified than I am. If I get the internship I think I would be a liability. What should I do?",2026-04-22,17,https://www.reddit.com/r/analytics/comments/1st0u1z/did_i_mess_up/
analytics internship interview,analytics,Trying to find an internship or literally anything entry level clinical work and I haven’t had much luck,"Just as the title states, I’m a senior studying neuroscience and public health. I have experience working as a clinical data managing intern and I’m currently working as a phlebotomist/lab tech. I’m graduating next year and I’m a super senior because I stupidly decided to add on my public health major thinking my neuroscience degree wasn’t relevant. I’m regretful now, because I’m realizing I could’ve made do with the experience I currently have and just gotten a job instead of sticking myself in school longer. But maybe the coursework will be worth it. I’ve applied to tons of internships, I’m getting interviews. I’ve gotten about 5-6 since November 2025, but nothing is sticking.

I used to be pretty confident in my interview skills. I applied to a position that was pretty similar to my

last internship and the whole time the guy was like

“you already have experience in this, so I’m not going to ask you that” and he was right. But I was too chicken to admit that I really liked what I was doing and didn’t mind getting more experience in the same role at a different company. Of course, I got rejected. So I’m not sure what exactly I’m doing to put these people off. I think I know deep down it’d be better for me to not take a position and have some else experience that type of position. But they paid 30 an hour😫 I was greedy😔

I just feel a bit hopeless right now. The job market is trash. One of the talent acquisition people I spoke to told me there were 700 applicants for the position. And the decided to move forward with less than a dozen. I was supposed to hear back from them beginning March and I’m here checking the candidates home page waiting on rejection since I don’t think they’ve officially sent out rejection letters.

It leaves a sour taste in my mouth. I’m not sure why these companies do that. The first company I interviewed with literally interviewed a bunch of applicants in December and less than a week later told us that the position was entirely removed…

I interviewed with another company in February and they completely ghosted me. Interviewer corrected me at the end of the interview after I said “Thank you for your time, I appreciate the opportunity, and I hope to hear from you soon.” She goes “Oh, you’ll definitely hear from us”😭 It’s been about 8 weeks since and this is supposed to be a summer internship. While the pay was good, and it was a remote position with an active internship program for the summer, they were going to require students to do a data report analysis and have us present it to the data department. I’m lowkey glad that didn’t work out, as if school isn’t already kicking my ass. Just what I need, a several hour long project to present to a bunch of randos during peak academic season💀

Welp, Im not sure on the timeline, but I don’t think I’m hearing back. They also are familiar with the old company I used to work at and because it’s a medical device company, I guess they run in similar circles? But I ended my last internship on a good note?? My old boss gave me a handwritten letter and asked me to put her done as a reference where ever.

I know the job market is crap. I just feel super stagnant. My current lab job is “patient” facing. I work at a plasma center, it’s a busy one. The economy is trash and everyone wants to get paid. We do the work of 5 different job descriptions, but our pay doesn’t reflect it. The benefits are decent and this is the first time I’ve had health insurance in 4 years. I’ve been telling myself that this is just a temporary job, but I’ve been here the last 1.5 years. Like time is moving forward, and my feet are planted into the ground, not budging and just watching the world and everyone go by. The job is safe and they’re so desperate, the turnover is high, so job security I guess. And I am grateful, but is it wrong to want better for yourself?

What can I do to fix this feeling? What can I change? I know clinical work has taken a big hit, but I’ve been applying to clinical operation internship, data analytics, data science, biostats, public health and population care, research positions, better paying lab tech jobs. I’m not sure what else to do. I know the job market is crap and I will hang onto this crap job for dear life, but how can I improve my chances of getting out?

I’ve been considering graduate school. But I’m genuinely so burnt out. I’ve worked 2 jobs the entirety of my academic career. Since 16 honestly and I’m 22 now. I haven’t even been on the earth that long. I don’t mind working the rest of my life. It’s all I have ever know. But being able to work 1 steady job that pays well, that has all my benefits, and lets me take days off as needed is all I need. I just need to slug by in life. Clearly everyone does, and we’re all fighting for our lives for corporations that couldn’t care less about us💀",2026-04-07,1,https://www.reddit.com/r/analytics/comments/1seh10t/trying_to_find_an_internship_or_literally/
analytics internship interview,analytics,"Is a Data Science degree still worth pursuing if I want to get into this field, or would a Mathematics degree be more employable instead?","I was planning to post this in r/datascience but I don’t have another comment karma yet to do so.

I’m currently a senior in high school planning on going to community college post-graduation despite getting accepted to every school I’ve applied to as a CS major (CPP, SDSU, CSUSM) in order to save money. After taking a course at school and a program online, I’ve decided that Data Science is the branch of CS that I’m most interested in pursuing at the moment. I’m not entirely sure what career I want specifically yet, but something along the lines of Data Analytics, Data Engineering, Statistics, and Healthcare seems up my alley. 

I’ve come across mixed opinions on the Data Science degree. Since it’s still a fairly new degree, there’s not much consensus yet as to whether it’s just as valuable as earning a B.S in Computer Science or Mathematics. While I’ve heard more people who have gotten into Data Science jobs with a Computer Science degree, it is currently very difficult to transfer from CC to University as a CS major due to how impacted it is. My initial plan with choosing CC was to complete my lower division requirements and IGETC courses via community college so I can transfer into University. The classes I’m required to take as a transfer for CS are very math heavy and much more difficult than typical high school classes. The acceptance rates for transfer students while slightly higher than college freshman are very low to the point where even students who have a 4.0 GPA are getting rejected.

I was told I’m better off majoring in Data Science or Mathematics instead because of competition. But given how saturated CS currently is, does this mean Data Science degrees will become redundant in the near future? If there are thousands of Computer Science students who aren’t getting interviewed for jobs, then how bad will it be for Data Science majors in a few years? 

I’m still certain this is the field I want to pursue, however, I’m not sure if I’m making the right choice by going this route. I’m planning to transfer from CC within 2 years, but I’ve got to play my cards right. Will choosing Data Science as a degree be a mistake? Should I still apply to some safety schools with CS as my main major? Or is it still going to be nearly as employable as a CS degree if I put in the work (do internships, projects, etc.)",2025-04-07,14,https://www.reddit.com/r/analytics/comments/1jtcu4f/is_a_data_science_degree_still_worth_pursuing_if/
analytics internship interview,analytics,Any Business Analyst / Data Analyst / Consultant here? Need some guidance,"Hi everyone,

I'm a BSc , Computer Science (Major) student from Delhi University , trying to build my profile for Business Analyst / Data Analyst / consulting-type roles.

Currently I'm focusing on:

Learning SQL, Python libraries, Excel, and Power BI

Building 1-2 strong analytics/business projects

Trying to get a summer internship in analytics/strategy/growth

Practicing aptitude and interview skills for placements

I wanted to understand if this is the right direction for BA/DA roles from undergrad, and what else I should focus on to stand out in the current job market.

If anyone here works in analytics, consulting, product, or growth roles, I'd really appreciate your advice.

Also, if someone is open to it, I'd love to DM and ask a few questions about how to prepare properly for these roles.

Thanks!",2026-03-12,4,https://www.reddit.com/r/analytics/comments/1rriv6p/any_business_analyst_data_analyst_consultant_here/
analytics internship interview,analytics,2 interview calls and confused,"So I am 26 CA drop out and have alot of career gap.
I had an mis internship (excel and power bi) for 3 months and after hustling for another 5 months I got MIS role 

One is a product based company , almost 40min from my place, and they havnt mentioned the skills required except Excel , I guess they will definitely need dashboards then I will be using Power BI (it's just me assuming rn).

And other is a marketing agency , almost 2 hours from my place ,and it's and MIS analyst role mentioning excel and good to have power bi and SQL for reporting. 

Salary is almost entry level (low) for both
Just confused if i got the offer from both the companies , who will I should go as I am looking to get into data analytics after 5-6months of doing this

Ps. I was actually looking for a data analytics role, internship or job,.but couldn't find in these 5 months and I don't really want to do work just excel. And not want to waste more time either that's why I am thinking to go for MIS again. As sitting ideal not working for me",2026-02-21,5,https://www.reddit.com/r/analytics/comments/1raove8/2_interview_calls_and_confused/
analytics internship interview,analytics,Trying to get a foot in the door...,"Hello and thank you for taking the time to read this.

Here's the situation.​

I graduated in 2024 with a BBA specializing in Buisness Analytics. With no experience because my attempts at substituting a class for a internship failed, as I lacked the experience to earn the chance to get the opportunity to get the experience needed for the jobs that require experience...but I decided to just move on and graduate as soon as i could.

  
Needless to say the post graduate job search was not fruitful. Spent the rest of 2024 and first half of 2025 looking for work but to no avail. Largest employer in my town was part of the MIC and despite my persistence they wouldnt hire anyone without experience​. Financial burdens began to stack up. Mostly student debt and I didnt want to make that hole deeper by taking on credit card debt for daily expenses. Parents are supportive so that really helps. But the time came when I had to earn income at all costs...so.. I took a very big bite of humble pie and took a job in retail. That got me through the other half of 2025 and here I am in 2026.



 I want to make my degree something more than just glorified toilet paper. So im thinking of quiting soon with a nice chunk of pocket change to last for necessities. Problem is...its been about a year closing on two since I graduated. I honestly cant remember much of what I learned in college. Not good if im looking to get hired in analytics. Especially if im lucky enough to land an interview. So what do I do? Do I quit and spend months refreshing my knowledge and try again at applying? A good quarter of my classes were online so idk if all that stuff is even still there in the college portal for me to refresh on. Do I try to apply to other things that aren't analytic postings but still a bit related enough that someone taking a look at the resume can say is good enough, later on down the line? Im not sure what the heck to do. I am however, sure that im not content with having a degree just to work in retail...so if college material isnt available to me to refresh myself. Where and what can I do to refresh my knowledge in buisness analytics so I dont end up looking like a knob head on the interview or by some miracle my first day on the job?

",2026-03-06,4,https://www.reddit.com/r/analytics/comments/1rm8znp/trying_to_get_a_foot_in_the_door/
analytics internship interview,analytics,Where should a fresh grad apply for data analyst roles? Feeling stuck after 500+ applications,"Hi all,

I´m  looking for advice from people already working in data analytics.

I´ve graduated recently from and been applying constantly throughout my final year to jobs/graduate programs and internships since early september 2024. At this point I have 500+ applications sent out and it honestly feels like I've gotten nowhere. I have roughly 4% reach out for interviews and then I'm left with silence or the usual unfortunately email. I'm doing Coursea to attain certifications in the meantime while working a less than relevant job and trying to keep my skills sharp by working on projects, but the lack of progress in all this has been nothing short of discouraging.



Despite all of this I know that data is what I want to do. I enjoy it. I´ve spent the last 6 years studying computer science, but despite all this I can't seem to get my foot in the door.



For anyone who's been in this position for or works in the field now I'd greatly appreciate any advice given.

",2025-12-03,1,https://www.reddit.com/r/analytics/comments/1pd729b/where_should_a_fresh_grad_apply_for_data_analyst/
analytics internship interview,analytics,What’s the day in the life of Analyst like?,Hello! I’m currently a junior studying IS but the focus is in Data Analytics. I have a few interviews lined up for internships this summer and I’m curious to hear what a day in the life is like. Is there a lot of meetings? Are you ever given a project where you admittedly have no idea what you’re doing? Curious to see how much of the job is programming and analysis VS communication and collaboration. Thank you! ,2024-09-26,19,https://www.reddit.com/r/analytics/comments/1fpoow1/whats_the_day_in_the_life_of_analyst_like/
analytics internship interview,analytics,Ops Analyst with 1+ YOE trying to find a job in Analytics,"Hi,
I just got laid off from my ops analyst position in a big investment banking firm. My true passion is in BI and analytics. My ops position wasn’t too technical so I’ve been brushing up on my SQL and plan to do a few projects to bring up easily in interviews. However I’m hearing the job market is not good. Especially if you need sponsorship. I’ve been trying to apply to only jobs that do sponsor. I feel relatively good about my resume because I’ve been able to land an internship which led to a return offer.

I would really appreciate any advice on the 
Interview stage. Do portfolios really matter? 
I have a schedule that involves applying to six jobs per day, doing practice problems and listening/watching data analytics content.

I have not heard back yet because I only applied last week but my understanding is that interviews typically happen in Q1(January). So how can I best utilized the next month or two besides applying to jobs, practicing interviews with AI and doing practice problems and eventually a project that I can bring up in interviews.

I have BI projects from my internship and ops role in the past year. 
 Thanks in advance 

",2025-12-01,0,https://www.reddit.com/r/analytics/comments/1pbhad2/ops_analyst_with_1_yoe_trying_to_find_a_job_in/
analytics internship interview,analytics,How much should I quote?,"M 26 business graduate with 1 year CA article trainee under chartered accountant + 3 months of MIS internship where I built dashboards in excel and power bi to get insights and help management make better decisions. Also done data analytics course online.

I have been giving interviews of MIS and recently I gave a Data Analytics interview where Advance excel , SQL , python , power bi was needed and it was an operation role. 
And I quoted them 4-5 lpa and they asked about negotiations and I said I don't think I should settle under 4.5. and what they said is this is too much. Is it really?

They didn't really ask me anything except my previous experiences as I don't think so they were aware about my interview scheduled. And after the interview I asked about the role and I got to know it was what I have done in my previous internship + more operational + python automation (which was not mentioned in the JD)

I don't really want to go towards MIS as most mis role includes excel , Google sheet , app scripts , FM's imps etc etc which is not useful for my analytics career but my last internship was more analytical then operations as I only have to analyse and built dashboards in power bi and my work is done there.

Confused how much should I quote as I only have internship experience and 3 year career gap bcz of CA.

Am I asking way too much or they want better candidates at low salary?",2025-11-22,0,https://www.reddit.com/r/analytics/comments/1p3ursg/how_much_should_i_quote/
analytics internship interview,analytics,How much LeetCode should I do?,"Hi, I started out as a CS major but have been inclining towards data analytics and data science roles rather than full-on SWE. I've tried the whole LeetCode and NeetCode grind, but I honestly don't feel qualified for most of those. I know Python and have used it in quite a few of my projects, but there's no way I'm getting a SWE or dev role with my current skillset. The SQL / Pandas questions however I'm much more confident with, and can solve even Hards with ease.

There seems to be some degree of contradiction. I've been hearing that business/data analytics roles are like memes and often end up being filled by juniors unable to LeetCode well. But then I hear that oftentimes business analysts, data analysts, and data scientists sort of just do the same thing, and the difference rests mainly on pay and status. But then I hear that the hiring processes for data scientists and MLEs are similar to those of SWE but with more ML stuff you need to know, LeetCode and all.

I'm a rising senior in college, so my focus right now is on full-time applications rather than internships again. I've already had a few internships, but they were unpaid, part-time, and kind of jokes, so I'm not sure how much they're going to help me with full-time roles; I've already started applying to those, but so far I haven't even gotten a single interview invite, so not much luck in that department  (yet). I also have an upcoming ML research opportunity, which is also part-time.

I don't know. I just wanna be able to live on my own to some degree and not have to be dependent on my parents. Even if it means having to move out of the NYC area and live in some LCOL region. Thanks.",2025-08-25,17,https://www.reddit.com/r/analytics/comments/1mzzx19/how_much_leetcode_should_i_do/
analytics internship interview,analytics,Graduated 1+ year ago. Still no job. Am I done for ?,"I went back to school after losing both my 2 jobs to the pandemic here in NY and got my bachelors in Economics. I had an A.A from before so I was only in school for essentially 3 semesters where I put my head down and just focused on finishing school as soon as I could. It was all online and internships were practically non-existent due to the circumstances at the time and I wasn't sure exactly what career path I wanted to take yet anyway. I, very naively, thought that just having my degree would be enough to get a job.

It wasn't until the tail end of my time in college that the curriculum started getting into more analytical coursework and this is when I realized that this is the career path I wanted to take. I completed a couple of certificates in data science on my own by the time I graduated and took some time to build projects after graduating to put on my resume. I eventually realized data science is NOT an entry-level and that meant I now had to pivot to learning the tools for data analytics (SQL, Tableau, advanced Excel). While doing all of this I made the grave mistake of not applying to jobs or doing so sporadically, as I felt I needed to learn these skills first, all AFTER graduating.

I've been applying more aggressively as of a few months and throughout all this time, going back to when I graduated, I have sent close to 1,000 applications. I've had a very limited amount of interviews all of which have obviously gone nowhere. The first question is always something along the lines of ""what's been going on since graduation?"" which I don't really have an answer to. I have no relevant experience to speak of on my resume but the portfolio projects I've built at home and it's not for lack of motivation or lack of trying so much as its been very poor timing and naivete on my part. I am now competing with so many people who graduated more recently and with more experiences than I have and I just don't know where to go from here.

I've been looking at volunteer opportunities lately as I feel it would at least be something and I don't want to have to sit in a grad school classroom for another 2 years after already wasting this much time. I've been personalizing my resume to each role more often as well but still nothing.

I completely understand this is all my own doing and I've really dug a hole for myself. I just want some advice on what to do and to know if I've completely blown any chance of me having a career as a data analyst.",2023-08-20,63,https://www.reddit.com/r/analytics/comments/15whx1i/graduated_1_year_ago_still_no_job_am_i_done_for/
analytics internship interview,analytics,"Need a bit of advice , whether should I join or not","M26 , ca drop out with 1 year of ca article ship and 3 months of MIS internship where I built dashboards in excel and power bi

So after a bit of long time (since my internship  completed in August last) I went for an interview for MIS job.

They made me fill the candidate form where I wrote 4.5-5lpa as expected salary.

And I guess that's the reason they ask me deep analytical problems and data cleaning questions which I have never done it before ( as in my previous internship , all the data we get is all cleaned up already)

So my interview went terrible. But since they know that I have done an online data analytics and I have the knowledge of almost everything but only theoretical part not much hand on experience.

When I got home I received a call and that person who interviewed me saying. I interviewed another candidate and he was more knowledgeable but I am more interested in ur profile. But we could only offer a 19k per month. Cz there is much shaping you need to go through and bla bla bla.

Personal i don't think that candidate had any experience in this role and have done any work before. They just want a better skilled person at low cost.

It's a company that deals in export of automotive parts from India . And has newly setup sap in their organisation. 

Should I join the company? Personally I don't feel like joining bcz of the pay is too low even tho I will get few things to learn.

What if I join and leave the company after 6 months. Will I get a better package.

Pretty confused. Its now feels like m running out of time idk",2025-10-29,1,https://www.reddit.com/r/analytics/comments/1oj07hk/need_a_bit_of_advice_whether_should_i_join_or_not/
analytics internship interview,analytics,Delay Grad for another internship?,"I am currently finishing up my junior year of college and would like to know if I should delay graduation for another internship. I am planning on graduating spring 2026, but might delay until fall 2026

**Context/Background - and reasons y I am considering delaying my graduation**

I have 2 internships technically and my goal is to become a BI engineer, data engineer, analytics engineer, since I have recently have gotten more interested in the engineering side of things (plus compensation is higher too, but leetcode interviews haunt me), and my experience is definitely aligning more of the data/bi analytics/analyst side of things.

So I want to maybe aim for another internship to get more experience, specifically in an engineering role this time, or to further build on data analyst stuff.

1. Part-time data analyst and developer at my School's graduate division -

* I have been here for a year, and it has some good things to talk about project-wise, but I feel like I am not really learning anything.
* I am not working under a technical manager or with people who aren't undergrad and have experience leading ppl.
* Everything is just disorganized and ambiguous, which is something to expect in tech, but in this case just doesn't have anything valuable to learn

2.Upcoming summer 2025 insights/bi analyst type of internship at a f500 company.

* Definitely going to learn a lot. Talked to manager and some team members. Really cool environment as well, but the company doesn't have a pipeline to full time so I can't really bank on that.
* This is also going to help solidify what career path I want to follow

**Questions**

\-But if not would I still be a strong candidate for new grad data engineer or bi engineer roles?(though they are scarce)

\-Should I delay graduation and aim to do 1 data/BI engineer internship

\- Or should I go along my experience and do not delay grad and just apply for data/BI analyst full time roles?

(also delaying grad wouldn't affect me too much financially)",2025-05-28,1,https://www.reddit.com/r/analytics/comments/1kxvuj5/delay_grad_for_another_internship/
analytics internship interview,analytics,"What should I do to break into the field, any advice?","So I’m in the U.S., I’m 29. I’ve only worked in bilingual call centers (collections, sales, etc.) and I absolutely hate call centers. Using my company’s education reimbursement program, I got a bachelor’s degree in Business Administration in 2022 and a master’s degree in Data Analytics, graduating in January 2024. Because I was using the education reimbursement, I wasn’t able to do any type of internship before or after graduating.

After finishing my degree in 2024, I decided to quit my call center job, hoping to find something better to start gaining experience. I’m literally open to moving anywhere in the U.S., and I’m not picky about salary at all. All I want is a job hopefully data-related where I can gain experience and grow. I paid to have my resume professionally reviewed, and I completed a few certifications: Google Analytics, Advanced Analytics, and AWS Cloud Practitioner. I also built a portfolio. I started applying in January 2024, and after more than 1,000 applications over six months, the only responses I got were from call centers. Eventually, I decided to take another call center job and meet the 9-month requirement to grow within the company. Now, I’ve been in this horrible CSR job for 9 months.

I haven’t stopped applying externally, but I still haven’t heard back. I’ve also applied for jobs within the company, but most jobs are offered overseas or they all require 3+ years of experience, and again I hear nothing. Externally, I’ve had a few interviews, but even after making it to the final round, I either get ghosted or receive the “we went with another candidate” email.

At this point, I feel totally lost and I’ve been really depressed lately. I feel like a total failure. any advice to break into the field?",2025-05-18,0,https://www.reddit.com/r/analytics/comments/1kp91pu/what_should_i_do_to_break_into_the_field_any/
analytics internship interview,analytics,Should I grind Leetcode DSA to get into Analytics?,"Hey everyone! I'm in a bit of a dilemma and would love to get some advice from you all. I've done 5 internships, all focused on analytics, and I’ve been grinding SQL and pretty much all the analytics interview questions (Leetcode Hard). However, I haven't put much time into Data Structures and Algorithms (DSA) on Leetcode.

Right now, I’m not specifically targeting any one role in data (whether it's Data Science, Data Analytics, or Data Engineering) but want to keep my options open in the analytics field in general. I see a lot of posts about how DSA is a must for tech jobs, but I’m not sure if it applies as much in analytics or if it’s a wise investment given my experience so far.

For those who've been in the analytics industry or gone through the process, what’s your take on the importance of DSA for analytics roles? Should I dedicate some time to it, or would I be better off focusing on honing new skills (Hadoop/Spark/Hive,..)? Any advice is appreciated! Thanks!",2024-10-31,8,https://www.reddit.com/r/analytics/comments/1ggie1e/should_i_grind_leetcode_dsa_to_get_into_analytics/
analytics internship interview,analytics,New Grad Analytics Jobs,"Graduating in 2025 with a bachelors in stats and economics from a well-known state school (one of UC-Berkeley, UMich, UVA, UT-Austin). I've had two internships, both in analytics adjacent fields, and have done ML research in the stats department at my school. In my most recent internship, I worked with TB/PB-level data for a large technology lawsuit.

I've applied to \~170 data science / data analyst jobs and have only gotten one interview back so far. I don't have a very good portfolio (just two school projects for a data mining class), but other than that I feel like my resume is pretty solid. 

Does anyone have any tips for applying to jobs as a new grad? Every job posting I see asks for 2-3+ years experience, and I'm having a really tough time finding true entry-level jobs. Thanks!",2024-09-09,20,https://www.reddit.com/r/analytics/comments/1fcv1yx/new_grad_analytics_jobs/
analytics internship interview,analytics,New Grad Expectation,"To the Hiring Managers in the community  
  
What are your expectations when you interview new grads for a position in Business Intelligence/ Analytics/DS? What makes an outstanding candidate? What makes you immediately realize that they are not a good fit?  
  
I spent hours and hours studying Analytics every day (Approximately 5-6 hours every day besides school work) but I never felt enough. There's always something else to learn in this field, and there are millions of different tools. I do have the ""obvious"" technical skills in SQL/Python/ETL tools/Power BI and have been fortunate to have 4-to 5 internships in the BI/Analytics field. Still, I always felt that I might not get a full-time offer.  
  
Therefore, I really want to hear the hiring manager's perspective on what makes a candidate that you have to think to yourself that ""Damn, this exceeds all of my expectations for an undergrad"".",2024-04-20,11,https://www.reddit.com/r/analytics/comments/1c90pvj/new_grad_expectation/
analytics internship interview,analytics,Colgate GSC or Target Inventory Analyst Internship?,"Hey everyone, I’m currently a Business Analytics and Supply Chain Management Major, and I need some advice on choosing between two internships. 

Colgate seems to be the larger corporation and I feel as though it would giving me the best push to move up on the ladder. But, I’ve worked at Target before, understand their supply chain better, I was able to interview with my future manager, and it’s a clearer path to a job right out of college.

I was really leaning towards Colgate initially, but after hearing about the job market and talking to everyone at Target. I’m starting to move towards Target. But, if Colgate provides me with enter future opportunities, I’m fine with putting the environment to the side.

What would you do if you were in my position?

*Both at their respective HQs, but Colgate is in NJ, is paying me less, and the cost of living is wild.",2023-11-28,3,https://www.reddit.com/r/analytics/comments/185iqmv/colgate_gsc_or_target_inventory_analyst_internship/
analytics internship interview,analytics,What makes internship candidates stand out?,"I have an interview for a data analytics internship on Friday, I was wondering if you guys had any tips on how to stand out in the interview process.  What should you do if you don't know how to answer a technical question?

Any help is appreciated",2023-10-03,16,https://www.reddit.com/r/analytics/comments/16z5s0g/what_makes_internship_candidates_stand_out/
analytics internship interview,analytics,Fumbled a lot in BI Data Reporting Specialist Interview,"Today I had a interview with the Chief Information officer for Bi Data Reporting Specialist position at a non profit healthcare organization. Initially I started well. But the questions went on getting tougher. Two main questions which made me fumble were -
1) if a finance or medical company comes up to you how would go on to create dashboards for them?
2) what is you take on customer service from company's point of view?
I have just 1.5 years of data science and analytics experience that from 3 internships. I have never been involved in a client or stakeholder facing role. 
How should I answer these type of situational questions where I have never been in those situations?",2023-07-13,8,https://www.reddit.com/r/analytics/comments/14yvw4p/fumbled_a_lot_in_bi_data_reporting_specialist/
analytics internship interview,analytics,Stress regarding potential opportunities for a financial full-time role or an oil and gas data internship,"In the past two days I have recieved two interview opportunities. I haven't done any interview yet, but I stress about what decision to make should I get the choice.

I have been working retail for over six years since graduating and while I hate it due to being dead end, it is at least consistent with being full-time and having benefits.

Now I have one interview set with a local finance 401k business regarding a project team specialist role. It is full-time and seems like it is mainly handling documentation related work, is a hybrid of four days remote one day in office.

I then recieved an email offer to speak with someone regarding a land data management internship for two months are a company right near my house. This is a data related with which is what I prefer to do, but it is only a two month internship as mentioned. However, since it is oil & gas related and so close I really feel compelled to pursue that role instead.

My questions are the following: 

Which would be a better role for someone that is wanting to finally break into an analytics role? 

Would a two month internship actually matter, or should I pursue the full-time role that would pay $55,000 and be a guaranteed permenant role in a not so analyst role?

Thank you for reading and I hope you have a great day!
 ",2024-05-16,1,https://www.reddit.com/r/analytics/comments/1ct7bdn/stress_regarding_potential_opportunities_for_a/
analytics internship interview,analytics,Sprucing up resume and side hustle ideas,"Hi,

I'm currently a business analytics undergraduate and I was thinking of finding BA/DA related internships during my 3-month semester break. However, i've had difficulty finding some and I might just end up not being able to do one. Was wondering if you guys have any ideas on what i could do during the 3-months semester break that can increase my chances of getting hired/build up my resume. 

Off the top of my head i'm thinking of personal projects that involve data mining and visualisation using python, SQL and Tableau. I already have these skillsets, but from my experience, one of the interviews totally cut me off the moment they found out I have had no prior internship experiences and avenue to showcase my skillsets, even with some already-existing mini projects (file sorter and excel personal finance dashboarding using python). 

Additionally, i'm open to any any other ideas apart from projects. such as an idea for a side-hustle/part-time job that i could potentially make use of my skillsets and at the same time earn some extra income. I dont want to waste the 3 months of break before i begin the next semester. Hoping i could find some ideas that could maximise my time. 

Thank you!",2024-03-24,2,https://www.reddit.com/r/analytics/comments/1bmj08f/sprucing_up_resume_and_side_hustle_ideas/
analytics internship interview,analytics,Should I accept job offer with lower salary than current at a more prominent company,"Hi everyone,

I am currently a mid level data analyst at a one of the few unicorns in the middle east. The company is well known in the country, but not known globally. I recently applied for a data analytics role at a globally known airline company based in the same country. Went through an intense interview process involving a case study but nonetheless enjoyable, I really vibed with the team and the projects they work on seem really interesting. Within some few days of the interview, they got back to me saying that I got the role.

The only problem is that the salary they are offering is lower than my current salary. Prior to the interview, my asking salary was requested, and i gave them a range higher than my current. The HR rep said she will send the details to the manager and get back to me. Exactly one day later I received an email for a scheduled interview, thus I assumed that my asking fits their budget. But the salary their offering is not just lower than my asking but also 20% lower than my current. 

I have tried to negotiate with them, and they raised it by only 3%. Honestly, I like my current team and company. But I really like the projects the new company is working on more and like the idea of having their brand name on my CV (please note that I have other big brand names on my CV, but they are all internship and not analytics related).

I honestly think I am being lowballed, but not sure if I will be missing out on this opportunity. Should I accept or decline? ",2023-11-16,0,https://www.reddit.com/r/analytics/comments/17wigu4/should_i_accept_job_offer_with_lower_salary_than/
analytics internship interview,analytics,Graduating with a Business Analytics + Finance degree and 2 data internships. Should I be concerned about building a career in data because of AI?,"I'm graduating college soon with 2 degrees focused on business analytics/information systems and finance, and I'm becoming increasingly concerned about what the future of data and analytics looks like with AI.

I've completed two internships related to data analytics and technology, where I've gained experience with SQL, Python, data modeling, data transformations, cloud data platforms, BI/reporting, and AI-enabled analytics. AI tools were heavily leveraged and encouraged during both internships, so I've already experienced firsthand how much they can accelerate and automate parts of the work. I've also been working on a personal GitHub project to improve my skills in data engineering (dbt specifically), databases, APIs, Python, and SQL.

I feel like I've built a solid foundation, but I'm questioning whether I'm preparing for a career that could become much more difficult to enter or advance in as AI improves.

A lot of entry-level data work such as SQL, Python, data cleaning, analysis, dashboards, and documentation is increasingly being automated. I'm also seeing AI become capable of more advanced data and engineering tasks.

I'm not looking for reassurance. I'd genuinely like advice from people already working in the industry.

If you were graduating today with my general background, what would you do?

A few specific questions:

* Do you think traditional data analyst roles will shrink significantly?
* Which areas of data do you think will remain most valuable? Data engineering, analytics engineering, data architecture, AI/ML, cybersecurity, governance, etc.
* Would you specialize in a business domain such as finance or healthcare, or focus more heavily on technical skills?
* Would you move toward data engineering, software engineering, AI engineering, or something else?
* What skills would you prioritize if your goal was to remain valuable for the next 10 to 20 years?
* Are there any careers outside of traditional data/analytics that you think someone with this background should seriously consider?

I'm especially interested in hearing from people who have seen how automation and AI have already changed data careers.

I'm not expecting anyone to predict the future. I'm more interested in what you would do if you were in my position today **as I prepare to graduate college and search for a full time job**.",2026-08-20,26,https://www.reddit.com/r/analytics/comments/1vt53xg/graduating_with_a_business_analytics_finance/
analytics internship interview,analytics,I landed an Analytics Engineer interview... but I feel underqualified,"Hi everyone,

I could really use some advice from people working in analytics engineering, data engineering, or consulting.

I recently landed an interview for an Analytics Engineer position at a prestigious consulting firm. If all goes well, I'd join their Supply Chain Analytics / Data Engineering / Data Science team. The interview is in about a month, so I have roughly four weeks to prepare.

Here's the situation: I feel like my resume oversells my technical level.

For context:

* I have an Industrial Engineering degree and a Master's in Supply Chain, so I have a strong analytical background, and I'd say I'm a pretty fast learner.
* I've built a lot of Power Query solutions at work and automated plenty of reporting. However, I've never really focused on writing clean or optimized M code. I was also the only person on my team using Power Query, so I never had anyone review my work or challenge my approach. Everything I built worked well and delivered what the business needed, but I'm not sure I was following best practices.
* I've built a couple of Power BI dashboards, but they were fairly basic. I know the fundamentals, but I definitely wouldn't call myself strong at data visualization or dashboard design. I also rely heavily on AI when writing DAX measures. I usually understand what the formulas are doing and can adapt them to my needs, but I don't yet have enough experience to write more advanced DAX from scratch.
* I've studied SQL during my master's, but I've barely used it in a professional setting, so I'm pretty rusty.
* I've never worked with dbt, cloud data warehouses (Snowflake, BigQuery, Redshift, etc.), or modern analytics engineering workflows.

The role seems to expect:

* Strong data visualization skills.
* Solid SQL fundamentals.
* Basic knowledge of cloud data warehouses.
* Basic familiarity with dbt.

I'm not trying to become an expert in a month. My goal is to become competent enough to hold my own during the interviews and, if I get to the second stage, ramp up as quickly as possible. 

If you only had four weeks, how would you prioritize your learning?

Some questions I have:

* What would you spend the most time on?
* Which resources or courses would you recommend?
* Should I focus primarily on SQL first?
* How much dbt and data warehousing knowledge is realistically expected from a junior Analytics Engineer?
* Are there any projects you'd build to prepare?
* If you've interviewed Analytics Engineers, what skills separate candidates who succeed from those who don't?

I'm willing to put in 6–8 hours a day over the next month if that's what it takes. I learn quickly, and I genually want to switch from supply chain consulting to analytics and willing to put in the effort and time! 

I'd really appreciate any advice from people already working in the field. Thanks!",2026-07-28,28,https://www.reddit.com/r/analytics/comments/1v91kks/i_landed_an_analytics_engineer_interview_but_i/
analytics internship interview,analytics,L2 interview at Tiger Analytics for Sr AIML Engineer. What to expect?,"Hi everyone!     
As the title suggests I’m looking for insights on what to expect from L2 interview at Tiger Analytics. Share your experience",2026-08-09,4,https://www.reddit.com/r/analytics/comments/1vjdyig/l2_interview_at_tiger_analytics_for_sr_aiml/
analytics internship interview,analytics,Guys needed a internship in Data analytics,Hi everyone I am from India and going to complete my V semester very soon and needed and 6 month internship from December to January any help would be appreciated ,2026-08-19,0,https://www.reddit.com/r/analytics/comments/1vs97rt/guys_needed_a_internship_in_data_analytics/
analytics internship interview,analytics,What kind of questions are asked in data analytic interviews? FRESHERS,"Im a fresher preparing for data analytics but interviews scare me honestly, and i really wonder what kind of questions they ask? Like if anyone could give examples of questions from sql, python and powerbi it would really give me and idea.

Im preparing continuously but i don't have the confidence in myself.",2025-09-06,18,https://www.reddit.com/r/analytics/comments/1n9voqa/what_kind_of_questions_are_asked_in_data_analytic/
analytics internship interview,analytics,Interview coming up for JPMorgan Quant Analytics (Fraud/Data Analytics) [Multiple Positions available] – what should I expect?,"Hi everyone,

I have an interview coming up for a **JPMorgan Chase Quant Analytics** role. From the JD, it seems to be more of a **fraud/data analytics** position rather than a traditional quant finance role. The focus is on SQL, Python/R, large-scale data analysis, Tableau, cloud platforms (AWS/Spark/Databricks), KPIs, and working with cross-functional stakeholders.

I have no prior experience interviewing with JPMorgan, so I'd really appreciate any insights from anyone who has gone through this process (or a similar role).

A few things I'm hoping to understand:

* How many interview rounds should I expect, and what does each round typically cover?
* What kinds of technical questions were asked or can be asked (SQL, Python, statistics, analytics, fraud use cases, etc.)?
* Were there any case studies, live coding exercises, or business scenario questions?
* How much emphasis was placed on behavioral questions versus technical skills?
* What topics would you prioritize if you had to prepare again?
* Any resources or preparation tips that you found particularly helpful?

Even if your interview wasn't for this exact role but was for a similar Quant Analytics/Data Analytics position at JPMorgan, I'd love to hear about your experience.

I can share the JD if required, you can drop a message in my dm.

Thanks in advance!",2026-07-07,2,https://www.reddit.com/r/analytics/comments/1uq4nl7/interview_coming_up_for_jpmorgan_quant_analytics/
analytics internship interview,analytics,Analytics Problem during interview,"I had several interviews a while ago when I was looking for my current job and in one of them they gave me the following problem. I probably don't have all the details right, wish I did. Still don't know if there was an answer.

You are walking along a waterfront and come across a painter painting pictures. You really like their style and chat them up. After a bit the painter decides to give you a picture for free. In your head you are thinking you want to get the most valuable one. The painter says you can only go through the stack once and have to pick your picture during that time. And you cannot pull one out and keep looking. 

""How do you do it?"" was the question. It was a weird interview anyways. It was a phone interview, the HR person and their analyst were on the call and analyst popped the question. He was snarky and mocked me a little for not seeing the obvious answer.

In my mind I dodged a bullet because I wouldn't have wanted to work with this character. 

And still, the question haunts me from time to time. Any suggestions on how you would have solved it?",2024-10-05,38,https://www.reddit.com/r/analytics/comments/1fwwp0i/analytics_problem_during_interview/
analytics internship interview,analytics,How should i prepare for data analytics interview?,"So I am a 4th year student basically i do DSA and web development but i also learned SQL and solved many questions like joins window functions etc so there is an oncampus company for two roles SDE and data analytics.

My DSA is not so strong so i am thinking of applying for data analytics role so can you guys guide me what projects should i prepare and what should I practice to crack this interview?",2026-07-04,3,https://www.reddit.com/r/analytics/comments/1un3pdg/how_should_i_prepare_for_data_analytics_interview/
analytics internship interview,analytics,Hospitality Analytics Panel Interview,"Hey everyone, 

I have a panel interview at a casino for a hospitality analytics role coming up and looking for advice from anyone with relevant experience.

Main things I'm trying to figure out:

\- How technical do panel interviews get at casino/hospitality companies? (live SQL, case studies, purely behavioral?)

\- Any company-specific culture or business knowledge I should have?

\- What hospitality or gaming analytics concepts actually come up vs. what's just textbook?

I've been studying RevPAR, ADR, player theo, CLV and brushing up on case frameworks. Coming from a non-traditional background so trying to be as prepared as possible.

Any advice appreciated!",2026-05-09,2,https://www.reddit.com/r/analytics/comments/1t81j6t/hospitality_analytics_panel_interview/
analytics internship interview,analytics,How to actually get a data analytics summer internship?,"I’m a 3rd year Electrical Engineering student and I need to complete a mandatory 2 month internship after my 6th semester. I want to pursue Data Analytics roles.

I have started data analytics preparation recently (ik i am very late). I have completed sql and did a data warehousing project. I am learning python libraries (pandas) and not focusing much on ML (dont have much time to do so). And after will do power bi and matplotlib. 

I’m trying to understand the actual channels through which students get internships in this data related field.

Where are people realistically finding data analyst internships?
Which platforms work best (LinkedIn, Internshala, company websites, referrals)?
Are startup internships easier to get than big companies?

Also, I’ve heard about structured summer internship programs offered by companies and IITs and some other reputed colleges.

I am very confused rn. How will i get my internship... 
What kind of projects to do and add in cv when applying for internships.

Would appreciate practical guidance on where to look and how to approach this.",2026-02-22,7,https://www.reddit.com/r/analytics/comments/1rboh38/how_to_actually_get_a_data_analytics_summer/
analytics internship interview,analytics,Meta Product Analytics Role Interview Question - March (2026),"Quick Overview

Question evaluates product analytics, experimental design, and causal thinking for content-moderation algorithms, specifically metric specification, trade-off/harm analysis, and online experiment logistics and is commonly asked to gauge a data scientist’s ability to balance detection accuracy, stakeholder impacts, and business objectives in production features; it is in the Analytics & Experimentation category for a Data Scientist position. At a high abstraction level it probes system-level reasoning around problem scoping, failure modes, metric frameworks, A/B or quasi-experiment setup, and post-launch monitoring without requiring implementation-level detail.

Question:

The product team is launching a new **Stolen Post Detection** algorithm that flags posts suspected of being copied/reposted without attribution, and then triggers actions (e.g., downrank, warning label, creator notification, or removal).

Design an evaluation plan covering:

1. **Problem diagnosis & clarification:** What questions would you ask to clarify the product goal and the meaning of “stolen” (e.g., exact duplicate vs paraphrase vs meme templates), enforcement actions, and success criteria?
2. **Harms & tradeoffs:** Enumerate likely failure modes and harms of false positives vs false negatives, including different stakeholder impacts (original creator, reposter, viewers, moderators).
3. **Metrics:** Propose a metric framework with (a) primary success metrics, (b) guardrails, and (c) offline model metrics. Include at least one metric that can move in opposite directions depending on threshold choice.
4. **Experiment design:** Propose an online experiment (or quasi-experiment if A/B is hard). Address logging, unit of randomization, interference/network effects, ramp strategy, and how you would compute/think about power/MDE.
5. **Post-launch monitoring:** What would you monitor to detect regressions or gaming, and how would you iterate on thresholds/policy over time?

How I would approach to this question?

I have solved the question and used Gemini to turn it into an infographic for you all to understand the approach. Let me know, what you think of it.

Here's the solution in short:

**1. Problem Diagnosis & Clarification:** Before touching data, I think we must align on definitions and other things with the product manager.

* **Define stolen:** We must clearly differentiate between malicious exact duplicates, harmless meme templates, and fair-use reaction videos.
* **Define the action:** Silent downrank behaves very differently than an outright removal or a public warning label.
* **Define the goal:** Are we trying to reward original creators, or just reduce viewer fatigue from seeing the same video five times?

**2. Harms & Tradeoffs (FP vs FN)** We have to balance False Positives against False Negatives.

* **False Positives (Wrongly flagging original creators):** This is usually the most damaging. If we penalize original creators, they lose reach and trust, potentially churning to a competitor platform.
* **False Negatives (Letting stolen content slide):** Reposters steal engagement, the original creator feels cheated, and the feed feels repetitive and low-quality to viewers.

**3. Metrics Framework**

* **Primary Success Metrics:** Reduction in total impressions on flagged duplicate content, and an increase in the proportion of original content uploaded.
* **Guardrail Metrics:** Creator retention rate, total manual appeals submitted, and moderator queue backlog.
* **The Tradeoff Metric:** Overall platform engagement. Often, stolen viral videos drive massive engagement. Cracking down on them might decrease short-term session length, even if it improves long-term ecosystem health. A strict threshold might drop engagement, while a loose threshold keeps engagement high but hurts creators.

**4. Experiment Design**

* **Methodology:** A standard user-level A/B test will suffer from network effects. If a reposter is in the control group but the creator is in the treatment group, the ecosystem gets messy. Instead, we should use network cluster randomization or Geo-testing (treating isolated regions as treatment/control).
* **Rollout:** Start with a 1 percent dark launch. The algorithm flags posts in the backend without taking action so we can calculate the theoretical False Positive Rate before impacting real users.

**5. Post-Launch Monitoring**

* **Tracking Gaming:** Malicious actors will adapt by flipping videos, pitching audio, or cropping. We need to monitor if the detection rate suddenly drops after weeks of stability.
* **Iteration:** Use the data from user appeals. If a post is flagged, appealed, and restored by a human moderator, that instance feeds directly back into the training data to improve the model's future precision.

Let me know, what do you think of this approach, and what approach you would take in comments below:

P.S: Let me know if you need the link of the question",2026-03-06,19,https://www.reddit.com/r/analytics/comments/1rmro5b/meta_product_analytics_role_interview_question/
analytics internship interview,analytics,"Looking for an internship in Analytics domain, in Pune, Mumbai or Remote working, ready to join immediately",,2026-05-21,2,/r/InternshipsIndia/comments/1tjc9y8/looking_for_an_internship_in_analytics_domain_in/
analytics internship interview,analytics,Looking for a Data Analytics Internship (open to anywhere/Remote) can be unpaid as well.,,2026-05-20,1,/r/DataAnalytics_India/comments/1tiu11u/looking_for_a_data_analytics_internship_open_to/
analytics internship interview,analytics,Doordash analytics engineer technical interview round 1 - looking for tips,"Hi, I have a technical interview with DoorDash scheduled for next week and I’d really appreciate any insights on what to expect. Could anyone share what kind of questions are typically asked?I understand that the interview typically includes 4 SQL questions and 1Python question. In python round, does it usually focus on general programming concepts (like strings, lists, dictionaries, etc.), or is it more centered around pandas and data manipulation? Any tips or guidance would be very helpful.",2026-03-10,1,https://www.reddit.com/r/analytics/comments/1rq5fne/doordash_analytics_engineer_technical_interview/
analytics internship interview,analytics,"I got my undergrad from Syracuse in advertising, I did an 8 month marketing internship for an AI startup which led me to my interest in business analytics, I’m going to Univeristy of Miami grad school for it. How hard will it be to get a job in the analytics field - specifically marketing analytics?",,2026-02-25,1,/r/MarketingAnalytics/comments/1res0z2/i_got_my_undergrad_from_syracuse_in_advertising_i/
analytics internship interview,analytics,DoorDash Analytics Engineer CodeLink Interview – chances of moving forward,"Hi everyone,

I had my DoorDash Analytics Engineer technical interview today (CodeLink).

It had 4 SQL questions and 1 Python question.

My performance:
- Solved 2 SQL completely
- 1 SQL partial

\- Python solved completely


1 SQL - time was up so couldn't solve it.


For the SQL I got partial,  I explained my approach and the interviewer said she understood my thinking.

Has anyone had a similar experience? Did you still move to the next round?

Would like to hear others' experiences and honest review in my case please?",2026-03-13,5,https://www.reddit.com/r/analytics/comments/1rsm716/doordash_analytics_engineer_codelink_interview/
analytics internship interview,analytics,DoorDash Analytics Engineer interview – looking for high-level prep guidance,"Hi everyone,
I’m interviewing for an Analytics Engineer role at DoorDash and wanted to get some high-level guidance from folks who’ve been through the process or work in analytics/data there.
I’m currently preparing around:
Advanced SQL (window functions, performance tradeoffs)
Analytics engineering concepts (data modeling, metrics, transformations)
Translating business problems into analytical solutions
I’m not looking for exact questions or anything confidential  mainly trying to sanity-check whether my prep focus is aligned with what’s actually evaluated.
Any insights or general advice would be really appreciated. 
Thanks!",2026-01-07,8,https://www.reddit.com/r/analytics/comments/1q6mjwy/doordash_analytics_engineer_interview_looking_for/
analytics internship interview,analytics,Beginner in Data Analytics – Seeking Project Ideas and Internship Guidance for Summer 2026,"Hi everyone,

I’m a sophomore majoring in Computer Information Systems, and I’ve recently started diving into the world of data analytics. I’m currently enrolled in the IBM Data Analyst Professional Certificate on Coursera, and I’m really enjoying learning Python, Excel, SQL, and basic data visualization.

Right now, I’m in the early stages of my journey — no real-world experience yet — but I’m highly motivated to grow. Over the next few months, I want to build a solid skill set and portfolio so I can apply for internships by Summer 2026.

My long-term goal is to excel in data analytics, especially in the areas of:

Fintech (finance + data really fascinates me), or

Machine Learning (I’m open to growing into this if it aligns with my analytics base).


I’d love to get advice from this community on a few things:

1. Beginner-Friendly Project Ideas: What types of projects can I build to show off my skills in analytics, fintech, or early-stage ML? (Bonus if they can go on GitHub or a portfolio site)


2. Tools & Topics to Prioritize: Besides Python, SQL, Excel, and Tableau — what else should I be learning if I want to be competitive in data analytics or fintech? Should I start learning Power BI, scikit-learn, or APIs?


3. Portfolio/Resume Tips: What makes a strong resume/portfolio for someone applying to their first internship? Any examples you’d recommend looking at?


4. Internship Search Strategy: How should I go about finding internships in analytics or fintech as a student with no work experience yet? Are there certain keywords, platforms, or timelines to keep in mind?


5. Mistakes to Avoid: Any common traps or time-wasters I should stay away from? Especially as a beginner trying to stand out?


6. Mentorship/Guidance: If anyone here is open to mentoring or even reviewing my projects/portfolio in the future, I’d be deeply grateful.



I’m serious about growing in this field and want to use the next few months productively. If you were in my shoes today, what would you do to stand out and land an internship in analytics, fintech, or ML?

Thanks a lot to anyone who takes the time to share insights",2025-07-30,43,https://www.reddit.com/r/analytics/comments/1mdm0iq/beginner_in_data_analytics_seeking_project_ideas/
analytics internship interview,analytics,Marketing Analytics Interview process stretched to 2+ months with no decision what does this usually mean,"Hi everyone,

Looking for an objective take on a hiring situation.

I started interviewing with a global company in late October. The process included multiple rounds (technical + director-level). Feedback shared verbally was positive, but after the final round HR mentioned there were still some interviews pending.
Since then:
The process has gone past 2 months
HR said the decision may extend into next year
I was advised to continue seeking other opportunities
HR also mentioned they are exploring additional candidates to see if anyone has more experience
My application status still shows “Interview”
No formal rejection or closure has been communicated
I’m continuing my job search, but I’m curious how this pattern is usually interpreted.

Questions:
Does this typically indicate indecision or market benchmarking? 

Is this often a soft rejection / backup-candidate scenario?

Or is this normal for mid-senior roles or new team setups, especially near year-end?

Appreciate any insights from hiring managers or candidates who’ve seen similar situations.",2025-12-23,7,https://www.reddit.com/r/analytics/comments/1ptsvrb/marketing_analytics_interview_process_stretched/
analytics internship interview,analytics,How to prepare for Data analytics interview?,,2026-02-27,1,/r/jobsearchhacks/comments/1rfhgj9/how_to_prepare_for_data_analytics_interview/
analytics internship interview,analytics,"If I quit my data analytics job of 3 years to pursue a 4 month data engineering internship, can I ever go back into data analytics?","I have three years experience doing sales and financial data analytics for a supplemental insurance company. I have an up to date resume and data analytics project portfolio.

I recently got an offer to pursue an internship in data engineering. This data engineering internship will teach me many additional tech skills. I most likely won't get a job offer after the 4 month internship ends.

I hear many people on reddit saying that the data analytics job market is terrible right now. This makes me afraid of pursuing the data engineering internship. If I quit my data analytics job, will I ever be able to become a data analyst again?

Edit:

Thank you all for your responses.",2025-05-20,12,https://www.reddit.com/r/analytics/comments/1krfa2t/if_i_quit_my_data_analytics_job_of_3_years_to/
analytics internship interview,analytics,"After 50+ analytics engineering interviews, the signal is always the same",,2026-02-11,5,/r/analyticsengineers/comments/1qra0va/after_50_analytics_engineering_interviews_the/
analytics internship interview,analytics,Just landed an internship interview at BMW! Any advice?,"Its in 2 days and I really want this internship, can you experts give me any advice?

Edit: its online btw ",2025-01-11,45,https://www.reddit.com/r/analytics/comments/1hz9kpi/just_landed_an_internship_interview_at_bmw_any/
analytics internship interview,analytics,Need honest advice — did I get ghosted after final interview for a mid-senior marketing analytics role?,"Hey everyone,
I had my final interview for a mid-senior marketing analytics role (GA4/GTM/Looker Studio type position) about a week ago. The interview went okay, and I’ve already gone through 3 rounds in total.

My status in Workday still shows “Interview”, and I haven’t received a rejection email.
I sent two polite follow-up emails but haven’t gotten a reply yet.

It’s been 7 business days since the final round, and I’m getting worried.

Is this timing normal for global companies?
Does silence usually mean rejection?
Should I wait more or follow up again next week?

Would appreciate any honest opinions or experiences.
",2025-11-16,3,https://www.reddit.com/r/analytics/comments/1oyjfoc/need_honest_advice_did_i_get_ghosted_after_final/
analytics internship interview,analytics,"Seeking advice: I want a more technical job ASAP, struggling to get interviews for data analytics/engineering, started a job as a data specialist. I know Excel, have learned Python (Pandas)/SQL/Power BI for data analysis. Got a mathematics degree.","Hi everyone, I started a job as a data specialist (UK) and I will work with client data, Excel and Power Query mostly, but I want to use more technical tools in my career, and wondering on what to study or if to do some certificates (DP900? Snowpro Core?). I recently pivoted back to data after years of teaching English abroad. I have a mathematics degree.

Experience: Data analysis in Excel (2-3 years in digital marketing roles), some SQL knowledge.

Self-taught: spent months learning practical SQL for analysis. Power BI – spent a few months, have an alright understanding. Python for data analysis (mainly Pandas) – spent a few months too, I can clean/analyse/plot stuff. I got some projects up on GitHub too

Where I work they use Snowflake and dbt, and I *might* be able to get read-only access to it, and the senior data engineer there suggested I do Snowpro Core certificate (and she said DP900 is not worth it).

ChatGPT is saying I should focus on Snowflake (do Snowpro Core) & learn dbt, learn ETL in Python and load data into Snowflake, study SQL and data modelling.

Could data warehousing be the next area of focus for me?

Any advice on direction? I want a more technical job ASAP

Thanks!",2025-12-21,0,https://www.reddit.com/r/analytics/comments/1ps1re1/seeking_advice_i_want_a_more_technical_job_asap/
analytics internship interview,analytics,"Maths degree and no field experience, how do I ace my data analytics interview?","Hi all. The headline says it all. I am a maths graduate. Been working as a TA for past 2 years and want to get into data analytics field. I have my interview lined up for a data analytics job and I am feeling very nervous. I am capable of analysing data in excel in beginners level. Since start of this year I have been applying for data analysis related jobs and not getting anywhere. I have my second interview lined up for CS and I am desperate to land this job. I have no real life experience in the field. I have worked in call centres, retail and now as a TA. how do i show that I want to learn and do the job. Because even though it is an entry level job, they want me to show how I used my data analysis skills in past and I struggle with this. Can anyone guide me please. Thankyou ",2025-09-20,5,https://www.reddit.com/r/analytics/comments/1nlklhj/maths_degree_and_no_field_experience_how_do_i_ace/
analytics internship interview,analytics,"Breaking into analytics with no internship experience, any advice?","Hey everyone! I'm a first-gen college grad who recently earned a degree in Computer Science. Honestly, the journey was rough, there were times I felt like I was just barely surviving haha. It also took me a while to figure out what career path I wanted to pursue.

I’d say I’m a bit of a late bloomer. It wasn’t until my senior year that I really started getting into data analytics. I took a few classes like Intro to Databases, Big Data Management, and Machine Learning, and they completely sparked my interest. That’s when I realized data analytics might actually be something I want to pursue long-term.

Unfortunately, I don’t have any internship experience. I’m also someone who really dislikes being the center of attention, I’ll do anything to avoid it lol. But I’ve come to understand that breaking into this field means I have to put myself out there.

Right now, I’m especially interested in healthcare or finance data analytics. Are there any entry-level roles I should look out for to get my foot in the door? I’m here looking for any advice, tips, or suggestions from people who’ve been in this space. Anything helps, and thank you in advance! ",2025-08-02,13,https://www.reddit.com/r/analytics/comments/1mg2zw8/breaking_into_analytics_with_no_internship/
analytics internship interview,analytics,Translating customer service experience into analytics internship - college soph,"Hello everyone, basically what the title says. I’ve been a cashier for 2 years now and i’m in my sophomore year now and i’m wondering what the best types of projects are best for the experience I have. I think it would be good to translate my experience into an actual insightful analysis but not exactly sure where to start. 

  
In the meantime i’m going to be networking and volunteering but just wanted anyone’s advice who’s in the field, thanks!",2025-12-30,1,https://www.reddit.com/r/analytics/comments/1pz5xxj/translating_customer_service_experience_into/
analytics internship interview,datascience,Data Analytics Interview Prep,"Tomorrow i have interview for the internship in data analytics and data science,
Please suggest me which questions and topics i should prepare before the interview?",2023-01-20,2,https://www.reddit.com/r/datascience/comments/10h25en/data_analytics_interview_prep/
analytics internship interview,datascience,Hiring Market Seems Crazy,"Or maybe I'm just doing something wrong. I just finished an MS in stats at a top 3 stats department, did my MS thesis research on self attention in transformers, undergrad double major in math and econ with CS minor, and I spent 1.5 years as a data science intern at a small but established sports analytics company during my masters program. Applying to upwards of 100 DS and machine learning roles online has landed me a total of zero (0) interviews. Every job posting has like 400+ applicants (as discussed in this thread [https://www.reddit.com/r/datascience/comments/15p8n46/is\_data\_sciencedata\_engineering\_over\_saturated/](https://www.reddit.com/r/datascience/comments/15p8n46/is_data_sciencedata_engineering_over_saturated/)).  Meanwhile there is more hype and investment than ever in ""ai"" and machine learning. Is this similar to other people's experiences? It's possible my resume just has some glaring issue I haven't discovered, but I'm starting to wonder how realistic starting a career in this field really is.

Edit:

First of all thanks to everyone offering their advice and perspective on my situation, and the job market at large. My goal here is to get a sense of whether or not there's a mismatch between my job hopes/expectations and my abilities, or if I'm just going about the job search incorrectly.

For those who asked for more details about my profile, I'll try to add some color here. I don't want to turn this into me listing my resume but maybe it will help me or others understand.

Some Relevant Skills:

Been programming in python for 6 years (web-scraping, pands, numpy, sklearn, pytorch, etc), practice leetcode pretty regularly. Have used for R for 3 years, but haven't touched it in about six months so a bit rusty. Lots of experience training and engineering neural nets in pytorch, this is my strongest skill imo. Have a few research projects using pytorch I did during my masters. Also obviously proficient with mathematical statistics and probability, the stuff you get from a stats ms.

​

Internship stuff:

Lots of people asked or brought up my internship, so I'll ad more about it. The company manages a large databse of college athletes and recruits and sells access and analysis to athletic programs. I joined as an intern winter of 2022, working part time during my masters. It's a small company with 10 full time employees, completely remote. There is one other programmer/tech guy but he mostly does does pandas/web-scraping/social media automation stuff, no stats/ml. There aren't any other data science/machine learning/stats people at the company, the owner/ceo has some experience and recently worked on a data sciency project but I think he spends most of his time managing the business. For the first 8 months I was essentially a software engineer/data engineer, writing python code to scrape and clean and move datasets. Last fall I started building a system that uses an llm to automate a monthly data entry project. This project was recurring every month, and usually took a group of 6 interns and 3 full time employees about a week to finish. My system now automates between 60% and 80% of it each month, most months its closer to 80%. The project is now typically done by two full time employees and maybe 1 intern. I'm now working on a project using boosted trees to find under/over recruited athletes. The owner/ceo of the company said I can add whatever title for my internship to my resume, since its a small company there aren't officially designated tracks or titles. I'm currently using ""Data Science Intern - Machine Learning"", but can change this to anything as long as it still accurately reflects what I've been doing.

​

Academic Stuff:

Thesis focused on self-attention in NMT and image classification, essentially showed that the common interpretation of self-attention working by ""comparing words in the input"" is wrong. Currently my advisor and I are working on extending the research, he wants to try to publish and so do I. 3.5 gpa in masters program (I know this isn't great but the school has a reputation for being hard/rigorous with no grade inflation, so maybe I'll be ok?). Undergrad GPA was 3.9, 4.0 if we only look at my major (few A- grades in humanities requirements). Was in honors program, wrote an honors thesis in math (algebraic geometry), got the ""best math student"" awards from my math department junior and senior year. I know since I have a master's the undergrad stuff is less important, but maybe that will help because it was a large non-elite university, mostly known for sports.",2023-08-13,259,https://www.reddit.com/r/datascience/comments/15pzmfu/hiring_market_seems_crazy/
analytics internship interview,datascience,"The search for intellectual stimulation in DS jobs, should I just give up?","I’m an MS student in statistics. My undergrad was in mathematics and statistics. I have done a few data science internships in undergrad. These were analytics jobs, and, frankly, I shared the same sentiment with a lot of people here about them being dull, boring, and not challenging. 

The rigor of my undergraduate and graduate degree made me search for jobs that were just as rigorous, and, I was surprised after a few of these internships that, this is just how the industry is.

I felt very lost in my career search despite having the technical background. I considered various career paths

 (quant finance), can’t get an interview unless I got a top Ivy League degree and get screened out regardless of my credentials. 

(Machine learning engineer) I have no software engineering experience, and seeing as my prior experience is data analysis tools like R and python I haven’t gotten any interviews for this since I just don’t fit the description of a software engineer (which is what they seem to want for these roles)


(PhD in Statistics) this is not a career path obviously, but, I figured well, maybe I should apply to phd programs and just do academic research. I get the rigor from undergrad (and more) plus working on technical and challenging research problems. And of course having a PhD can open more doors. But the thing holding me back for this is I’m graduating from my MS at 24 years old, and by the time I finish a PhD I’d be 29-30. Put a lot of my life on hold, and frankly, as much as I thought research is interesting and I love statistical theory, I’m just not a huge fan of the academic lifestyle and reminds me of school.



I reached out to one of my former managers at a prior data science internship. He did his BS in mathematics and MS in economics and went from modeling roles -> analytics. 

I asked him why he did this, and why he didn’t wish to stay in the technical role he was in at first. 

What he told me frankly shocked me. He said that at his company 

- modelers have worse work life balance than data scientists in analytics

- data scientists in analytics have much higher pay than modelers do to them being closer to the business 


He told me that ultimately the WLB and higher pay is what motivated him to go to analytics. He told me a job is a job at the end of the day, and he couldn’t justify doing more technical work for less pay. 

So I guess I wanted to ask you guys, even if some of you guys don’t enjoy your SQL/Tableau analytics jobs. Do you still stick around cause of the high pay? Is the money what motivated you at the end of the day?",2023-06-11,53,https://www.reddit.com/r/datascience/comments/1478u33/the_search_for_intellectual_stimulation_in_ds/
analytics internship interview,datascience,Should I delay graduation to get another internship?,"Hey everyone,

I am ahead a year, on track to graduate in 3 years. This Fall I'm entering my 3rd and final year. I secured an internship for this Summer doing Data Analytics / Engineering for a very small team at a non-tech company. My future interests are Data Science and ML, and I'm doing ML research at school. I've been grinding LeetCode and studying for full-time jobs which release in August, but the more I study the more I realize that I need more time to prepare, especially since I only started technical interview prep in May. These will be my first real code technical interviews, and if I fail to secure a job at companies I'm interested in, I'm afraid it will just get harder the more years I'm out of college. Should I delay graduation by one semester and give myself a chance to intern at a larger firm, as well as have more time to study for technical interviews?",2024-06-09,13,https://www.reddit.com/r/datascience/comments/1dc6onb/should_i_delay_graduation_to_get_another/
analytics internship interview,datascience,Anyone here quit their job in DS to travel for an extended time (3-12 months)... then managed to land a job when you're back?,"I am planning to quit my job as a Data Science consultant (more Data Analytics tbh) soon. Since I was in secondary school, I have been wanting to take a gap year. During uni breaks/summer holidays, I''ve always done some kind of internship or work shadowing  before eventually working full time right after uni (I was lucky to find a job within one month of graduating). I've never really took a long break.

At the moment, I'm likely to go with 6 months of travelling rather than a year as I'm afraid of being out of a job for too long and it ruining my career prospects. I'm fortunate enough to have money to sustain myself for a year without pay though, including any emergencies.

My biggest worry is being able to land a job when I'm back.. I have been wanting to leave consulting for a while now, so my goal is to secure a data role that is 'good enough' in an industry. For the past few months, I've been passively applying for jobs and going for interviews, but I feel that the market is definitely still bad. Not sure if this helps, but I'm based in London. I was a Data Analyst (corporate firm) for a year, then currently a Data Analytics consultant for almost 3 years. If things were different and my firm weren't too affected by the market downturn, I would have tried to go for Senior Consultant this year (but still secretly want to take a break to travel).",2023-09-17,37,https://www.reddit.com/r/datascience/comments/16l4pha/anyone_here_quit_their_job_in_ds_to_travel_for_an/
analytics internship interview,datascience,Frustrated - 0 interviews,I've been working for a public university for 18 months. I've had 2 years of internship experience prior to my current role as well. I have a B.S. in Data Science and I am enrolled in another analytics master's program. I've been looking to switch jobs for the past 3 months and not having much luck with getting interviews. Starting to get frustrated and I can't wait to leave my current job as it's moving into Data Engineering and I want to be more analytics focused. How do I keep pushing and not completely give up on data and move to project management.,2023-08-11,14,https://www.reddit.com/r/datascience/comments/15o9oai/frustrated_0_interviews/
analytics internship interview,datascience,Reviewing before interviews?,"Hi everyone! I'm going to be graduating from college this year, so I've been applying to full-time jobs. My last internship was entirely computer vision/deep learning work and I've been applying to roles in both traditional data analytics and deep learning roles. However, I haven't really done much traditional data analytics/science work for several months now. I was wondering what kind of resources there are to refresh my knowledge/skills both conceptually and technically, so that I can be prepared for interviews?",2023-09-14,2,https://www.reddit.com/r/datascience/comments/16ik5gn/reviewing_before_interviews/
analytics internship interview,datascience,Failed internship search in a difficult job market: Bad timing or is DS a bubble?,"Hi guys,

I'm a junior in an undergrad BS Data Science program at a small Christian university in the Midwest. I've been searching for a summer internship in Data Science/Data Analytics since September and have had no luck. I've reached out to people in my network and those of my family and professors wherever possible, and I've visited my university's career center several times for resume revisions and have adopted the various strategies they have suggested. I've submitted somewhere in the ballpark of 200 applications in the last 6 months, and I've been ghosted by most recruiters. Of the 200 applications, I received 4 callbacks for interviews, and of those 4, only 1 resulted in a follow-up interview. For this last position, I was well-prepared and felt that I performed well in both interviews, but alas, I finally received yet another rejection letter last week.

I'm frustrated and disappointed, to say the least. I understand that these numbers are pretty typical in the current tech job market, and other Redditors frequently call it a ""numbers game."" While merely continuing a barrage of new applications may work for new graduates and recently laid-off junior positions, I'm fighting against time since I'm looking for a summer internship that ends before I resume classes in the fall. At this current rate, I'd have to submit another 50 applications to get a chance of even one more interview, which is incredibly time-consuming. The job search process wore me out months ago - I'm discouraged and exhausted - and it takes valuable time away from actually practicing my skills and learning new topics. On top of that, it already feels too late. My academic advisor told me in October to try to have something figured out by the end of December since many internship positions would already be filled beyond that point. It's now February. If my odds were bad 6 months ago, it's only going to get worse.

I'm kind of at my wits' end. I also am approaching the point where I need to have some concrete summer plans so I can coordinate schedules with family and friends, not just ""I'm looking for an internship"" because that doesn't seem to be panning out. Here are a few of my options:

1. Go back to the summer camp where I worked for the last two years.
   1. Pros: I already have friends there and I'm 99% guaranteed a job if I apply. I'll also be on the West Coast, which is where I want to be.
   2. Cons: The pay is little more than a volunteer stipend. I won't have much opportunity to develop tech skills or otherwise advance my career.
2. Stay at home for the summer. I could split my time between learning through online MOOCs and potentially look for a low-skill job such as administrative assistant or data entry. Or a gig like Doordash. 
   1. Pros: I can live with my family for free. I'll also be on the West Coast and will have the flexibility to pursue my outdoor hobbies while working on tech skills. The wage floor is also pretty high in my state.
   2. Cons: There's no guarantee that I can find a job, especially for something that only lasts the summer when employers may be wanting something more permanent. It also feels kind of humiliating that I failed to find a job in my industry?
3. Look for internships in adjacent fields that involve data. I've seen this suggested to people looking to make a career switch but I'm not sure if these exist or if they will work for me. I also won't have the mentorship in DS/DA that I'm specifically looking for. 

What factors should I take into consideration when I look at my options for this summer? Is there anything else as far as career development that I should also think about? 

I'm also wondering if the current scarcity of tech positions is homogeneous across the industry. DS doesn't seem as attractive as it was a few years ago, and now I feel unsure about all of my career/academic choices to date.

First, I feel like DS was hyped up to more than it was when I first started college as a freshman, and now it seems that a lot of people on the internet also think that it's now on the decline. It also seems to be the consensus that the best path into DS is through a more established undergrad program in CS, Math, or Stats, rather than a DS degree because they tend to be so broad in nature that you learn a little bit about many topics but nothing sufficiently in-depth to be useful. Unfortunately, that seems to be my experience - I don't feel like I'm learning anything in classes so I'm taking time outside of class to work on Kaggle Learn courses and the Andrew Ng Coursera ML course. If I could go back in time, I would have gone into CS and started at a different university. I'm not particularly fond of my university or the Midwest (I long to be back on the West Coast) and it's a long story of how I ended up here, but suffice it to say that the reason I'm still here is because I'm on a full-tuition scholarship which I'd lose if I transferred elsewhere. But I can't go back in time. I'm a junior and should be graduating in two more semesters after this semester, so I had been OK with sticking it out under the assumption that I could get a decent job when I graduate and move back to the West Coast. But I'm at the point where I question if any of that is true. 

Second, I'm not even sure anymore if this is really what I want to do. In my senior year of high school I became really interested in finance, and DS seemed like the perfect way to join my long standing interest in tech with what a growing interest in math (which, sidenote, may have died after I took Intro to Linear Algebra. I like to think it was just a bad professor) and my new interest in business topics. In the last semester or so, I've clarified my long-term goals and want to break into the ML field and eventually become an MLE. However, in working with scikit-learn and other ML frameworks in Kaggle Learn courses, it feels dull and I'm just doing it because I have gaps in my knowledge. I don't really find myself loving it. Is this normal? I know it's preferable to work on my own projects rather than repetitive activities, but I still don't feel that I know enough skills to work on my own projects. I often wonder if I'd be better off in a more standard CS track towards become an SWE or backend web dev. But there's huge gaps in my knowledge there as well. And if I switch majors, I'll probably have to take an extra semester or two because my current DS requirements don't include any of the dev, networking, or security classes. 

I guess to summarize, I went into this degree track with certain expectations and everything has turned out to be a disappointment. I'm not sure what to do anymore because although I'm willing to work hard, it's difficult to maintain the motivation to do so when I'm not sure if everything I'm doing is mere futility. Thanks for taking the time to read through all this and I appreciate any advice/feedback you may have.",2023-02-05,1,https://www.reddit.com/r/datascience/comments/10ulcdc/failed_internship_search_in_a_difficult_job/
analytics internship interview,datascience,Full-time to Internship Move,"I am currently working a full-time role and pursuing my master's degree part-time. I did 2 years of internship and I've been working full-time for 18 months now. The pay at my current job is pretty low and I got underpaid since I was hired a year before I finished my bachelor's degree and promotion/pay increase is unlikely due to business not doing well despite my outstanding annual review. I've been applying for other jobs and I got 2 interviews which led to an offer but both were in remote parts which made it impossible to move and I would have to drive 1.5 hours each way. Other than that, haven't gotten any other interviews in the past 4 months. Should I consider a graduate internship that pays more with no benefits at a FAANG company until I finish my master's or should I wait and continue looking for other full-time opportunities?

More information about me:
B.S. Data Science from a state university with a 3.74 (05/2023) and starting a M.S. Analytics from Georgia Tech.",2023-08-20,0,https://www.reddit.com/r/datascience/comments/15vwa9a/fulltime_to_internship_move/
analytics internship interview,datascience,"Data Science Trainee Interview next week, Guidance require !","I ( 20 M ) have an interview this week Friday 22nd 2023 at a Company. I am nervous as this is my first interview as a data science.
I need guidance on how should I prepare for the interview, what should be my main points for preparation?

Any sources where I can prepare from, will be of great help. Should I make my DSA strong as well, because I have weak knowledge of dsa. I am good in Python, MySql, Power Bi and MS Excel.

I have 5 days left, if through any means I can improve my chances of selection, Please help and guide.",2023-09-18,0,https://i.redd.it/y9izcngzvzob1.png
analytics internship interview,datascience,Which Platform to use for data analysis interview preparation?,"Hi everyone,

I am a student of business analytics in California. I want to prepare for internship/full-time interviews using online platforms. I know that leetcode is a one-stop solution for software engineers, but I want an equivalent platform for data analysis, where I can practice questions by company tags and profiles. There are various options such as interviewQuery, stratascratch, DataLemur, etc. Plus all of them are quite costly. I am a student, can't afford 60$/month subscription. Please help me to decide, I have knowledge of stats, R, python, and SQL.",2023-03-05,4,https://www.reddit.com/r/datascience/comments/11jgkze/which_platform_to_use_for_data_analysis_interview/
analytics internship interview,datascience,"Have anyone recently interviewed for Meta's Data Scientist, Product Analytics position?","I was recently contacted by a recruiter from Meta for the Data Scientist, Product Analytics (Ph.D.) position. I was told that the technical screening will be 45 minutes long and cover four areas:

1. Programming
2. Research Design
3. Determining Goals and Success Metrics
4. Data Analysis

I was surprised that all four topics could fit into a 45-minute since I always thought even two topics would be a lot for that time. This makes me wonder if areas 2, 3, and 4 might be combined into a single product-sense question with one big business case study.

Also, I’m curious—does this format apply to all candidates for the Data Scientist, Product Analytics roles, or is it specific to candidates with doctoral degrees?

If anyone has any idea about this, I’d really appreciate it if you could share your experience. Thanks in advance!",2025-02-06,182,https://www.reddit.com/r/datascience/comments/1ij5jp8/have_anyone_recently_interviewed_for_metas_data/
analytics internship interview,datascience,Companies are finally hiring,"I applied to 80+ jobs before the new year and got rejected or didn’t hear back from most of them. A few positions were a level or two lower than my currently level. I got only 1 interview and I did accept the offer. 

In the last week, 4 companies reached out for interviews. Just want to put this out there for those who are still looking. Keep going at it. 

Edit - thank you all for the congratulations and I’m sorry I can’t respond to DMs. Here are answers to some common questions. 

1. The technical coding challenge was only SQL. Frankly in my 8 years of analytics, none of my peers use Python regularly unless their role is to automate or data engineering. You’re better off mastering SQL by using leetcode and DataLemur

2. Interviews at all the FAANGs are similar. Call with HR rep, first round is with 1 person and might be technical. Then a final round with a bunch of individual interviews on the same day. Most of the questions will be STAR format. 

3. As for my skillsets, I advertise myself as someone who can build strategy, project manage, and can do deep dive analyses. I’m never going to compete against the recent grads and experts in ML/LLM/AI on technical skills, that’s just an endless grind to stay at the top. I would strongly recommend others to sharpen their soft skills. A video I watched recently is from The Diary of a CEO with Body Language Expert with Vanessa Edwards. I legit used a few tips during my interviews and I thought that helped ",2025-01-09,1587,https://www.reddit.com/r/datascience/comments/1hxalxo/companies_are_finally_hiring/
analytics internship interview,datascience,Preparation for a Final Round Interview for a Data Science Internship,"Hello Everyone!

This Friday, I have an upcoming final-round interview with the Director of the division I'd be interning under if I got the position.

Per the recruiter, this is just to sort of solidify me as the right candidate for this role. I know that there won't be any sort of technical/coding aspect as it is just a 30-minute call.

If anyone has any advice on how to approach it, it would be greatly appreciated! This is my first ever final round interview so any advice would be great!

Thanks and have a great day!

EDIT:

I had the interview and I'll find out early next week the decision in regards to the internship. All I can say is that the final round is mainly about you and how you are/how you think as a person. [Coursera](https://www.coursera.org/articles/final-interview-questions) provides a really good list of questions you might be asked. In my case, I was asked about what I'd like to get out of the internship, how would I describe myself, if I've ever had a disagreement with someone on a project what was my course of action, and why do you specifically want to work for us. A bunch of behavioral stuff. 

I will say that the advice provided by u/Dangerous_Media_2218 and u/data_story_teller is super helpful in terms of what to ask in terms of the job. To all the people that provided advice, thank you so much. I'm eternally grateful!",2024-04-17,5,https://www.reddit.com/r/datascience/comments/1c6oilu/preparation_for_a_final_round_interview_for_a/
analytics internship interview,datascience,Seeking interview advice (Analytics Manager position),"TLDR: having my first interviews for Analytics Manager positions (never been an Analytics Manager before) and would love to benefit from your advice as I prepare. 

—

ASK: 
For those who have been in or interviewed for Analytics Manager or Data Science Manager type positions, what did your interviews look like? What topics were covered, and what did you feel interviewers were looking for?

My prep so far has focused on general management philosophy, communicating with stakeholders, and prioritizing projects. Would love to get the group’s advice on what else I should spend time on. 

[edited for privacy]",2023-07-17,10,https://www.reddit.com/r/datascience/comments/151oz40/seeking_interview_advice_analytics_manager/
analytics internship interview,datascience,Can you cancel the interview with a candidate if you are 90% sure they are lying on their cv?,"Have an interview with a candidate, i am absolutely positive the person is lying and is straight up making up the role that they have.

Their achievements are perfect and identical to the job posting but their linkedin job title is completely unrelated to the role and responsibilities that they have on the application. We are talking marketing analytics vs risk modeling. 

Is it normal to cancel the interview before it even happens?

Also i worked with the employer and the person claims projects but these projects literally span 2 different departments and I actually know the people in there.


Edit: further clarify, the person is claiming the achievements of  3-4 departments. Very high level but clearly has nothing to show with actual skills specific to the job. My problem is the person lying on the 
application.

My problem is them not being ethical.

Edit 2: it gets even worse, person claims they are a leading expert and actually teaches the specific job that we do in university. I looked him up in the university, the person does not teach any courses related at all.  I am 100% sure they are lying no way another easily verifiable thing is a lie. Especially when its 5+ years. 
",2024-09-20,373,https://www.reddit.com/r/datascience/comments/1fl0b9x/can_you_cancel_the_interview_with_a_candidate_if/
analytics internship interview,datascience,"I bombed Google DS Research, so you dont have to","Two rounds: 1. Statistical Knowledge 2. Data Analytics and Intuition 

For statistical knowledge, it was a complex question, but actually had a simple answer. 

It required you to have through knowledge of distribution, expectations and confidence intervals. 

The key challenge was to identify what was the distribution of the data, from a sample, generalize it to the population and find the confidence interval.

 Looking back, it was a easy question, but I definitely took wayyyy to much time to get to the answer. They for sure test for Googlyness. I would assume the interviewer had multiple questions in mind but I never got to the next one. Soo no hire.

For the data analysis and Intuition, I was expecting a case study, on experimentation or ML. It was kind off an hybrid. It involved diagnosing a flawed model, how to improve it, and what other methods would work better. This part was fine, not too bad. 

What caught me off guard was, they asked me to write the equation MLE for 2 models, one general and one a niche. Honestly I dint know, lol. 

Well, learnings ? Practice your Stats and ML like you are writing a school exam. ",2026-05-01,257,https://www.reddit.com/r/datascience/comments/1t16961/i_bombed_google_ds_research_so_you_dont_have_to/
analytics internship interview,datascience,Unsure as to what data science internships will ask in the technical interviews,"Hey,

I was wondering what topics would be covered in the interviews, specifically for the internships aimed at undergraduate students in their 3rd/final year of university. I've got a very good grasp of SQL, Python, and Pandas, and have just started looking at a machine learning course but I'm just not sure if my statistics knowledge is up to the standard.

Not only that, but like what type of questions would they ask? Would it be like the traditional SWE internship questions that are kind of like the ones on leetcode? What technical questions could you even ask for a language like SQL or for Pandas? Would it be more statistics based? Would it be more theory like ex. why is a random forest supervised learning?

For example, I'm looking at the Data Science Analyst program by JP Morgan for next summer as a basis.

&#x200B;

Any help would be most appreciated!",2023-07-27,0,https://www.reddit.com/r/datascience/comments/15asd2j/unsure_as_to_what_data_science_internships_will/
analytics internship interview,datascience,Is the market really like this? The reality for a recent graduate looking for opportunities.,"Hello . I’m a recent Master of Science in Analytics graduate from Georgia Tech (GPA 3.91, top 5% of my class). I completed a practicum with Sandia Labs and I’m currently in discussions about further research with GT and SANDIA. I’m originally from Greece and I’ve built a strong portfolio of projects, ranging from classic data analysis and machine learning to a Resume AI chatbot.

I entered the job market feeling confident, but I’ve been surprised and disappointed by how tough things are here. The Greek market is crazy: I’ve seen openings that attract 100 applicants and still offer very low pay while expecting a lot. I’m applying to junior roles and have gone as far as seven interview rounds that tested pandas, PyTorch, Python, LeetCode-style problems, SQL, and a lot of behavioral and technical assessments.

Remote opportunities seem rare on EUROPE or US. I may be missing something, but I can’t find many remote openings.

This isn’t a complaint so much as an expression of frustration. It’s disheartening that a master’s from a top university, solid skills, hands-on projects, and a real practicum can still make landing a junior role so difficult. I’ve also noticed many job listings now list deep learning and PyTorch as mandatory, or rebrand positions as “AI engineer,” even when it doesn’t seem necessary.

On a positive note, I’ve had strong contacts reach out via LinkedIn  though most ask for relocation, which I can’t manage due to family reasons.

I’m staying proactive: building new projects, refining my interviewing skills, and growing my network. I’d welcome any advice, referrals, or remote-friendly opportunities. Thank you!

PS. If you comment your job experience state your country to get a picture of the worldwide problem.

PS2. Started as an attempt for networking and opportunities, came down to an interesting realistic discussion. Still sad to read, what's the future of this job? What will happen next? What recent grads and on university juniors should be doing? 

Ps3. If anyone wants to connect send me a message ",2025-08-25,209,https://www.reddit.com/r/datascience/comments/1n035we/is_the_market_really_like_this_the_reality_for_a/
analytics internship interview,datascience,"Recent undergrad graduates, how did you find a job in data analytics, data science, or business intelligence? I'm a senior studying business analytics and data analytics but am having a hard time getting interview opportunities for the above-mentioned roles. Thank you!",,2023-01-08,1,https://www.reddit.com/r/datascience/comments/1064u57/recent_undergrad_graduates_how_did_you_find_a_job/
analytics internship interview,datascience,I have an internship interview and need help,I have a digital interview with a really big company. I went back to school for a second degree in statistics and I am one semester away from graduating. I am so nervous and want to shine bright. What should I come up with to responses for questions about why I want to work there.. what I have to offer them.. etc. all help and resources are greatly appreciated. I REALLY want this internship and I think it has the potential to land me a great career in the future.,2023-03-20,2,https://www.reddit.com/r/datascience/comments/11x06f5/i_have_an_internship_interview_and_need_help/
analytics internship interview,datascience,First data science college internship interview!,"I'm so nervous, I've never been interviewed by a company for a data science internship (specifically for undergrads, so I don't have to go up against masters or phd students lol). I've only ever interviewed for labs at my university, non profits, or high school interviews. I have a lot of anxiety around this and have no idea about what kind of questions they'll ask me. Any tips, tricks, heads ups for an anxious third year in undergrad? TIA !! :)",2023-02-09,3,https://www.reddit.com/r/datascience/comments/10xkamg/first_data_science_college_internship_interview/
analytics internship interview,datascience,JP Morgan DS internship interview questions,"I passed the coding interview and was invited to JP Morgan’s Interview day, 3 back to back interviews: A case study, technical questions, and behavioral questions. What should I expect? What should I review for the technical questions? Has anyone done this or had similar?",2023-01-25,0,https://www.reddit.com/r/datascience/comments/10ko9ml/jp_morgan_ds_internship_interview_questions/
analytics internship interview,datascience,Internship in Data Analytics,"I'm currently a third year undergrad studying Physics at the University of Calgary. I would need funding to continue into a Masters of Physics, so I decided I want to try and get into the field of data science/ analytics. I'm teaching myself SQL and Tableau. I already know Python and Excel cause we use it for handling a lot of data in Physics lab courses. I really want to get an internship in data analytics, and I assumed that companies would know that interns don't have too much of experience. I haven't been able to find any internship (not just in data) and I was wondering whether it's my degree causing an issue or my resume or just that I lack experience. But I'm not sure how to get experience if no one is hiring me as an intern :/

Thanks in advance to anyone who replies!",2023-04-20,1,https://www.reddit.com/r/datascience/comments/12smsy0/internship_in_data_analytics/
analytics internship interview,datascience,You don’t have to be a Data Scientist,"Just a PSA for anyone here that is starting their career, might feel overwhelmed with applying/interviewing for jobs, or is looking for a career change. 

If you’re interested in a Data career, know that there are many different roles out there other than a “data scientist” role. Here’s only a handful of the common titles I see out there these days:

- Business Analyst
- Data Analyst
- Product Analyst
- <INSERT_WORD> Analyst 
- Analytics Engineer
- Data Engineer
- DataOps Engineer
- ML Engineer
- MLOps Engineer (This is my current role -- Feel free to DM me or read [What is MLOps?](https://www.jacoblyman.com/tech-log/published/what-is-mlops) to learn more)
- Product Manager 
- Management/Leadership roles

Feel free to comment any other Data roles that others might not know about!

Edit: Here is a list of other Data roles that were commented on in the thread as of Sept 27th, 2023.

- Risk Analyst
- Statistical Programmer
- Economist
- Actuary
- AI Engineer
- Manager of Business Intelligence
- Marketing Analytics Manager
- Marketing Analyst
- Marketing Operations Manager
- Revenue Operations Manager
- Bioinformatician
- Cheminformatician
- Institutional Research roles
- Operational Research roles
- Analytics Product Management roles",2023-09-26,497,https://www.reddit.com/r/datascience/comments/16sbhun/you_dont_have_to_be_a_data_scientist/
analytics internship interview,datascience,"At senior levels, where do you draw the line between Data Science, Data Engineering, and Platform ownership?","**TL;DR:** ***My DS/analytics role has expanded into senior-level data/platform engineering and client leadership, but my title, pay, and promotion path haven’t kept up.***

***Update: Had a really good 1:1 today. My boss agreed my scope has grown beyond the JD, asked me to document the differences, and wants me to draft a senior-level JD that reflects what I’m actually doing. We also discussed hiring someone junior under me to take on some analytics work. He wants to use this to support a strong year-end rating and promotion, though he says off-cycle promotions are currently blocked by policy.***

***I am going to keep applying externally though. Nothing in writing yet.***

I’ve been in data science/analytics for about 11 years. Most of my earlier career was at a Fortune 100 financial company, where I eventually became a Data Science Manager and led a small team forecasting risk metrics that fed into public earnings reporting. I’m now a Big Data Analytics Manager at a fintech/fraud prevention company, working remotely in the US.

The reason I’m posting is that my job has changed pretty dramatically from what I was hired to do, and I’m having trouble figuring out what the role actually is anymore. My official job description is basically an Implementation Manager description with some analytics language added. It says things like “leverages tools built by the Implementation Manager to analyze big data” and asks for proficiency in Python, Spark, or SQL.

That’s pretty far from what I’m actually doing now. We process 1B+ transactions a year, and I’m working on a novel, high-visibility real-time fraud use case for one of our three largest clients. They’re also notoriously difficult to work with.

On the technical side, I’m adding custom platform capabilities for data ingestion and operationalizing ML models, building secure pipelines, doing Spark/PySpark processing, shell automation, SFTP workflows, and building reporting systems that run essentially autonomously. I’m hands-on with almost all of that work, but I’m also project managing the data engineering effort across both companies, coordinating our teams with the client’s technical teams to actually get this stuff into production. Then I’m still doing the analytics on top of the systems I built.

None of my previous responsibilities really went away either. I still manage other technical projects, work directly with the client, and regularly present analytical insights and financial reporting to their executive leadership. I was also heavily involved in work that helped roughly double the size of this client’s contract, which in turn expanded my scope further as we added products and took on more of their transaction volume.

So I’ve ended up doing some weird combination of data science, data/platform engineering, analytics, reporting, project management and client leadership. I actually like the engineering work, so this isn’t a complaint about having to code. I’m more confused about how a role that was originally defined as basically implementation + analytics ended up owning this much production engineering, platform work and client delivery without the classification changing.

The leveling side is where it gets stranger. My boss specifically encouraged me to interview for a Senior Manager opening on our own team. He’d been giving me very positive feedback, telling me he trusted me and that I’d have opportunities, so I went through the full interview process and eventually made it to the VP. During that interview, the VP said something along the lines of, “Well, who else would we hire? You’re already doing the work.” Then later in the conversation he asked whether they’d have to backfill my current position if they promoted me. I ultimately didn’t get the job.

I obviously have no way of knowing whether that question was decisive, but the timing has always bothered me. They left the Senior Manager role open for months and eventually filled the need with another person at the same level I’m currently at rather than hiring a Senior Manager. When I later raised compensation with my boss, the feedback was still positive, but he said I was progressing within the “normal range for my role.”

For additional context, I’m at about $129k base / $148k total comp and I’m already well below the midpoint of the salary band for my existing role. That’s part of what made me start looking harder at whether the role itself is even classified correctly.

For people who have been around senior DS/data organizations, would you still consider this a data science/analytics management role, or at this point is it really some form of data/platform engineering or technical data leadership? I’m also curious how you’d interpret the promotion sequence. Am I reading too much into the backfill question, or does this sound like the classic problem of becoming more valuable in your current seat than the company wants you to be somewhere else?",2026-09-01,42,https://www.reddit.com/r/datascience/comments/1w4c38i/at_senior_levels_where_do_you_draw_the_line/
SQL interview,analytics,Need SQL Interview Questions to practice for my job hunt as a fresher.,"Hey guys please if any of you have SQL, Power BI, Python interview questions please just send it to me or tell me where i can find! I'm a fresher looking for jobs in data analytics",2026-02-26,45,https://www.reddit.com/r/analytics/comments/1rf5c0n/need_sql_interview_questions_to_practice_for_my/
SQL interview,analytics,Best website to practice SQL to prep for technical interviews?,"What do y'all think is the best website to practice SQL specifically for interview purposes? Basically to pass technical tests you get in interviews, for me this would be mid-level data analyst / analytics engineer roles

I've tried Leetcode, Stratascratch, DataLemur so far. I like stratascratch and datalemur over leetcode as it feels more practical most of the time

any other platforms I should consider practicing on that you see problems/concepts on pop up in your interviews?",2026-02-16,8,https://www.reddit.com/r/analytics/comments/1r6m3o6/best_website_to_practice_sql_to_prep_for/
SQL interview,analytics,How are skills like SQL and Python tested during an entry level data analyst interview?,"Would the interviewers ask me to code in front of them? What about whether I could use online resources to quickly search up one or two things? I can't remember every single thing. 

Which Python packages should I focus on for an entry level position? And should I worry about which RDBMS I've used for SQL? I've mainly used MS SQL Server Free Edition to practice and I know there are very minor differences. I've dabbled with a bit of Tableau as well.",2023-02-02,84,https://www.reddit.com/r/analytics/comments/10rsxxr/how_are_skills_like_sql_and_python_tested_during/
SQL interview,analytics,How to recognize SQL patterns fast to crush your technical interviews?,"I've been interviewing for data analyst roles and have had a couple of sql interviews: pair programming with another analyst, and interviews on platforms like coderpad and hackerrank. I've managed to pass them, but not without the stressful moments where I'm watching the timer per question ticking away and I still haven't figured out how to structure my query to get the correct result.

**How do you get real good on QUICKLY recognizing the SQL patterns you need to solve these questions? And solve them quickly!**

Knowing the concepts is one thing, but being able to quickly recognize the pattern and write a working, efficient query in under 5 minutes per question is another, and then maintaining that level of awareness for the next question and the next question.

I work on solving SQL questions at least 45minutes a day, 5 days a week to keep my skills sharp and concepts second nature. I use Datalemur, Stratascratch, and Leetcode. I can figure out easy and mediums on Datalemur. Hards take some time. Should I just keep grinding and make sure to work on difficult problems only? Do I just keep exposing myself to more interview questions? I'm definitely better at SQL than I was months ago purely from practicing almost every day, but I need to take it to the next level so I can feel confident and crush these interview questions quickly.",2025-03-10,54,https://www.reddit.com/r/analytics/comments/1j84aw7/how_to_recognize_sql_patterns_fast_to_crush_your/
SQL interview,analytics,FAANG SQL Interview Questions,,2025-10-13,1,/r/Brighter/comments/1o3v3pm/faang_sql_interview_questions/
SQL interview,analytics,I went from Data Analyst to Head of Data in 4 years. AMA.,"For context, I quit my consulting job with nothing lined up about 5 years ago. The only skills I had from that role were SQL, Tableau, and some company-specific applications. I met a guy out in New York who was the CEO of a fast-growing startup and asked if he needed a data guy. I flew in for 5 in-person interviews and got the job. I used my SQL and Tableau skills, added Python and Excel, and was promoted to Lead Data Analyst after 1 year and more recently to Head of Data after making some large contributions to the company’s culture and top line.

We were acquired by our top investor group and now I mostly do data analyst mentoring on the side. I’ve seen countless mistakes that people make both in the application process and after being hired.  I’d love to answer some questions for you all!

EDIT: Lots of great questions here, so I'll share some of my high-level answers. Hope they help!

Application Process:
1. Email the hiring manager directly after submitting your application. You can find their email on RocketReach.

2. Think about how you can contribute to the company before you join. What does their data team likely do all day? Come up with ways you can help and share them with the hiring manager.

3. Have numbers on your resume. Even if they're estimates, include them. Hiring managers want to see A) you made an impact and B) that you understand true impact is quantifiable.

4. Practice your interview answers but do NOT memorize them. Allow yourself to be genuine in the moment. Use AI apps like Vocal Image to improve your communication skills if needed. The goal is to speak at a steady pace while enunciating, making eye contact, smiling, projecting, and breathing. When in doubt: SLOW. DOWN. 

5. See if you can connect with a recruiter, tell them your story and skillset, and have them share your resume with their clients. They’re great advocates if they’re on your side.",2025-08-06,843,https://www.reddit.com/r/analytics/comments/1mj8t3v/i_went_from_data_analyst_to_head_of_data_in_4/
SQL interview,analytics,Live SQL and Google Sheets interview! Help me,This will be my first time doing a live interview. Need help! What are the widely used platforms for SQL live coding? What should I prepare for Google sheets live coding? Please help me,2024-09-05,7,https://www.reddit.com/r/analytics/comments/1f9ljob/live_sql_and_google_sheets_interview_help_me/
SQL interview,analytics,SQL job interview,"Hello, everyone. I'll be having my first SQL job interview in a few days. I have been practising on DataLemur, leetcode and StrataScratch. Regardless, I'd like to know if you have any advice on what is typically asked in this type of interviews. All I know is:  
\- It's a junior Data Analyst position (the job description listed ""SQL experience required"")  
\- The test itself will take around 90 minutes, on Codility.   
Basically, I'd like to know what to expect to be asked in 90 minutes and what those 90 minutes would tipically look like for a Codility Data Analyst test. Could there be any other types of non-SQL questions? I've never used Codility before. Thanks for any advice or info.",2024-02-20,13,https://www.reddit.com/r/analytics/comments/1avu290/sql_job_interview/
SQL interview,analytics,Uber Interview SQL question,"Hey everyone check out our weekly SQL question. Give it a try!

Uber, is conducting an analysis of its driver performance across various cities.

Your task is to develop a SQL query to identify the top-performing drivers based on their average rating.

Only drivers who have completed **at least 5 trips** should be considered for this analysis. .

The query should provide the driver's name, city, and their average rating, sorted in descending order of average rating

**Note:** Round the average rating to 2 decimal points.

# Drivers:

|DRIVER\_ID|DRIVER\_NAME|CITY|
|:-|:-|:-|
||
||||
|4|Emily Davis|San Francisco|
|5|Christopher Wilson|Miami|
|6|Jessica Martinez|Seattle|

# Trips:

|TRIP\_ID|DRIVER\_ID|RATING|
|:-|:-|:-|
||
||||
|21|4|5|
|22|4|4|
|23|4|5|

You can try solving it for free (Link in comments :) )",2024-05-11,0,https://www.reddit.com/r/analytics/comments/1cpnucl/uber_interview_sql_question/
SQL interview,analytics,Is anyone else seeing the “data analyst” role turn into Data Analyst + ETL + Cloud + Data Engineering?,"I’m a final-year IT student in India, and I’ve been reaching out to experienced data analysts for guidance. One response I got from a 5+ year data analyst at Kyndryl was:

At least one cloud platform (AWS/Azure/GCP)

One BI platform (Power BI/Tableau)

SQL

ETL

Python (web scraping, visuals, basic ML)

Ability to make data pipelines

What surprised me is that this isn’t the first time I’ve heard this. Other people have told me things like:

Build 1–2 projects using real-world or messy datasets, not just curated Kaggle datasets.

Get strong with advanced SQL (window functions, CTEs, query optimization, interview-style problems).

Learn statistics, business metrics, and data storytelling.

Gain exposure to cloud platforms and ETL workflows because many companies expect them from analysts now.

Certifications like Microsoft PL-300 can help strengthen a Power BI profile.

At this point it feels like companies want a junior data analyst who can also do parts of a data engineer’s job.

So I’m curious:

Has anyone here actually had SQL + Power BI + Python + ETL + data pipelines + basic cloud skills and still struggled to get interviews?

For people who are already working as data analysts, are these skills genuinely expected in day-to-day work, or are recruiters just writing unrealistic job descriptions?

If you were hiring a fresher today, what would be the minimum skill set that actually gets someone hired?

I’m trying to understand whether I’m over-preparing, or whether the entry-level market has genuinely shifted toward hybrid analyst/data engineering roles.",2026-08-08,152,https://www.reddit.com/r/analytics/comments/1vivs3d/is_anyone_else_seeing_the_data_analyst_role_turn/
SQL interview,analytics,Need help for sql and Python interview with affirm,Is any one completed analyst role interviews with affirm? I would like to know what sql and Python questions they will ask ,2024-04-07,1,https://www.reddit.com/r/analytics/comments/1by07iu/need_help_for_sql_and_python_interview_with_affirm/
SQL interview,analytics,What to expect on technical interview for entry level data analyst? (sql and python),"Hi everyone,

Like topic, I was wondering what kind of questions to expect on technical interview for entry level data analyst. The interviews that i got for the past month that made it to technical interviews or even final round are all take home data analysis project which i make a dashboard,  and present about it and not a single technical questions interview so i was wondering what to expect on it. Thanks in advance. ",2023-10-03,8,https://www.reddit.com/r/analytics/comments/16z2ulu/what_to_expect_on_technical_interview_for_entry/
SQL interview,analytics,Cushy ez Job = Drastic Loss of Skills. What to do?,"6 YOE as an analyst. SQL, BI tools, basic Python for reporting.

Joined a fortune 100 company 2 and a half years ago. Have been through many re-orgs, layoffs, multiple managers. All while being remote.

Upon joining, I was able to ace all technical interviews. Was very sharp. Now after so much chaos and instability at work, I find months of time where I don’t do anything. No SQL work, no meeting with any data folks, occasional basic ad hoc pulls, but working solo no team, just me. Reusing the same bag of tricks.

I’m basically a resource they don’t know what to do with. After all this time, I’ve seriously lost my touch. With being technical savvy and being able to talk to people.

I’ve gotten fed up and began applying everywhere. 

Companies aren’t hiring like they were before. Any interviews I’ve actually had have been really rough. Stumbling over my words, having a hard time explaining what I even do.

On top of all of that, I’m in an industry that’s very niche in data and isn’t all that common so folks will just write me off.

Any advice for someone in a position like me?",2026-05-05,161,https://www.reddit.com/r/analytics/comments/1t40b9o/cushy_ez_job_drastic_loss_of_skills_what_to_do/
SQL interview,analytics,WHAT DO I DO. If I can't land a job NOW and the market is only going to get worse THEN WHAT DO I DO,"I cannot continue to be poor. I cannot enter my 30s with no career making shit money living paycheck to fucking paycheck. Not after all the hard fucking work I've put in and all the suffering I've had to experience just to get my fucking education. 

  
**MA Mathematics, Certificate Computational Linguistics - A** university

**AS Data Science and Computer Science - A** community college

**Certificates in Java and SQL/Database Development - A** community college

**Data Analysis:** Python, SQL, Excel, Snowflake, PowerBI, Tableau, Data Visualization, Natural Language Processing, Large Language Models

Why isn't this enough to get an entry level job? Even with relevant work experience? I get interviews, sometimes I get deep into the process. One job interviewed me SIX TIMES. NO OFFER. WHAT DO I DO. I cannot continue like this with no future and no job prospects.  
",2024-11-17,66,https://www.reddit.com/r/analytics/comments/1gtg9pt/what_do_i_do_if_i_cant_land_a_job_now_and_the/
SQL interview,analytics,Need to understand gap in my process,"Hey everyone, I'm from India and I have a skilled background with analytics. With SQL, Python and any Visualisation tool. The problem I face currently is that my SQL interview is never successful. I draw blank if I do not know the answer. Mostly I freeze if I don't know the answer to the question I cannot breakdown the problem for them and it mostly happens with window function queries.",2026-09-10,3,https://www.reddit.com/r/analytics/comments/1wcdlau/need_to_understand_gap_in_my_process/
SQL interview,analytics,Coursera/Udemy worth it?,"I have a degree in Computer Science, working on switching my focus to becoming a Data analyst. Know basic SQL but wanted to know if these Udemy courses are worth or a sham as they have high reviews on the site, but seemingly negative reviews according to reddit users. Not sure if that speaks on the quality or if reddit is just for the doomer/negative feedback. To note I don't care about the certificate it gives you more wondering if say this ""complete data analyst"" course that I linked will give me the tools/confidence to get an entry level data analyst role and not have to bluff through an interview. If there are useful courses please recommend those as well. Sort of just browsed through the highest recommended/reviewed ones on the site.

These are two I am looking at currently on Udemy: Complete Data Analyst Bootcamp From Basics To Advanced - Krish Naik

Data Analysis | SQL,Tableau,Power BI & Excel | Real Projects - Graeme Gordon",2026-09-11,6,https://www.reddit.com/r/analytics/comments/1wdnafl/courseraudemy_worth_it/
SQL interview,analytics,Assessment for analytics/business intelligence,"I had my worst interview performance ever but somehow cleared my way to a technical assessment round despite barely meeting the job posting requirements…

I don’t know anything about Python. I mainly use SQL in a modern cloud data warehouse (analytics engineering). 

Can anyone give me tips for speed learning in 2-3 days? Do I focus on Pandas?",2026-09-11,14,https://www.reddit.com/r/analytics/comments/1wdqnot/assessment_for_analyticsbusiness_intelligence/
SQL interview,analytics,"Hiring Managers or Interviewers, What are some of the biggest weaknesses are you seeing when you interview candidates for analyst position past few years?","Is it technical where they exaggerate their SQL abilities, or poor storytelling, or poor communication in general?",2025-11-22,46,https://www.reddit.com/r/analytics/comments/1p3is51/hiring_managers_or_interviewers_what_are_some_of/
SQL interview,analytics,"Got my first job at a big company after a long job search, but now I feel like I’m falling behind with only using Excel and Power BI.","After spending over a year applying and facing countless rejections, I finally landed a data analyst role at a global company in the semiconductor industry. I came from a very small startup (about 10 people), and I genuinely thought this new role would give me more exposure to technical skills like SQL and Python, especially since I was specifically asked about them during the interview including Power BI. Also, I was honing my python skills during this year of application. 

But now that I’m a month into the job, I’ve realized that most of my work revolves around Excel, VBA automation, and Power BI dashboards built from Excel files. I am the only Data analyst they have. They have SQL server but my work is with the team/departments where they all use Excel and I automate work for them using VBA and create Power BI dashboards. I haven’t written a single line of SQL or Python so far. I feel like I’m not growing technically. in fact, I worry I might be going backward.

I’m still grateful to have this job, especially after struggling for so long to get out of the startup scene where my resume kept getting overlooked. I know some people might see this as complaining, but I’m genuinely worried about my long-term growth. How can I position myself for a better opportunity in the future if I’m not using core data skills on the job?

Has anyone else been in this situation? Would really appreciate any advice, encouragement, or strategies.",2025-08-02,184,https://www.reddit.com/r/analytics/comments/1mfya3l/got_my_first_job_at_a_big_company_after_a_long/
SQL interview,analytics,I’m starting to think analytical insight is mostly knowing what “normal” looks like,"I used to think better analytical insight would come from better SQL, modeling, and dashboards.



Lately I think it has more to do with knowing what should normally happen, then noticing when the data breaks that pattern.



If impressions rise, CTR drops, and clicks stay flat, just reporting the change is not that useful. The interesting part is asking why those metrics moved that way and what else you should see if your explanation is right.



So now I write down what I expect before an analysis, then check where reality differs. I practice explaining the reasoning with old analyses and notes, run it by a friend, and sometimes useb beyz interview helper when I’m going through the same explanation again. The more domain context I build, the easier it is to spot what actually deserves attention.



For experienced analysts, did that judgment mostly come from repetition, or did you train it on purpose?",2026-09-21,8,https://www.reddit.com/r/analytics/comments/1wmpzxg/im_starting_to_think_analytical_insight_is_mostly/
SQL interview,analytics,What are some of your examples of measurable business outcomes?,"I'm interviewing right now for senior analyst positions (particularly product) and I'm getting feedback that my end-to-end analytics in supporting particular product verticals is impressive, but I wasn't able to demonstrate clear, measurable business outcomes. What are some examples of what this would look like?

My previous roles, and how I explained them, essentially consisted of KPI definition, dbt modeling, SQL, analytics and insights generation, and specific recommendations to my product managers - including some examples of when those recommendations were implemented and the result on KPIs. What's a measurable business outcome if not this?",2026-05-08,14,https://www.reddit.com/r/analytics/comments/1t7eii2/what_are_some_of_your_examples_of_measurable/
SQL interview,analytics,Is IBM’s “Databases and SQL for Data Science with Python” on Coursera worth it for learning SQL from scratch?,"Hi everyone,  
I’m looking to strengthen my SQL skills for Business Analyst/Data Analyst roles and I’m considering taking the IBM “Databases and SQL for Data Science with Python” course on Coursera.  
For those who have completed it:  
Is the course actually good for learning SQL from scratch?  
Do they teach concepts properly with enough hands-on practice?  
How well did it prepare you for real-world SQL tasks or interviews?  
Is the certificate itself valued by recruiters, or is it mainly useful for learning?  
If you had to start again, would you take this course or choose something else?  
I’d appreciate honest feedback from anyone who has taken the course or hired candidates with similar certifications.  
Thanks!",2026-06-05,5,https://www.reddit.com/r/analytics/comments/1txgy40/is_ibms_databases_and_sql_for_data_science_with/
SQL interview,analytics,"Need career advice: Burned out in analytics, planning to resign, and confused between Analytics Engineering vs AI Engineering","Hi everyone,

I'm currently working in an analytics role at a quick commerce company, and honestly, I'm feeling completely burned out. The workload and stress have become overwhelming, and I feel like I'm no longer enjoying my work.

I'm seriously considering putting down my papers without having another job offer in hand. My company has a 2-month notice period, and my current plan is to use the first week after resigning to completely disconnect and recover from the burnout. Then I'd use the remaining notice period to upskill, prepare for interviews, and actively search for my next role.

However, I'm not sure if resigning without another offer is the right decision. Part of me feels that I need the break for my mental well-being, while another part worries that leaving without a job lined up could make things more stressful if the job search takes longer than expected.

At the same time, I'm also thinking about changing my career path instead of moving to another analytics role. I'm interested in either **Analytics Engineering** or **AI Engineering**, but I'm struggling to decide which direction makes more sense.

So I have a few questions:

1. **Is it a bad idea to resign without another job offer?**
   * Given that I have a 2-month notice period, does it make sense to resign now, take a week to recover, and spend the remaining notice period preparing and interviewing?
   * Or would you recommend securing another job first and then making the switch?
2. **If I do switch jobs, should I first move to another analytics role and prepare for a career transition while employed, or should I dedicate my notice period to upskilling and directly target a new role?**
3. **Which path would you recommend: Analytics Engineering or AI Engineering?**
   * My background is in analytics, where I primarily work with SQL, Python, ETL pipelines, experimentation, data analysis, and business problem-solving.
   * I enjoy building data solutions and working with data, but I don't come from a software engineering background.
4. **If AI is the better long-term direction, which AI role is the most realistic transition from analytics?**

One thing holding me back from AI Engineering is the amount of coding and software engineering involved. I'm willing to put in the effort to learn, but I'm unsure whether it's the most practical transition given my background.

I'd really appreciate advice from people who've been in a similar situation or work in these fields.

* Would you resign without another offer if you were feeling this burned out?
* Is Analytics Engineering a better stepping stone into AI later?
* Is AI Engineering worth pursuing from an analytics background?
* If you had a 2-month notice period, how would you use it?

Thanks in advance! I'd really appreciate hearing your experiences and advice.",2026-07-07,20,https://www.reddit.com/r/analytics/comments/1upogc3/need_career_advice_burned_out_in_analytics/
SQL interview,analytics,Help: 25 y/o shithead,"So i have been trying to get a better job and been upskilling myself, i have done schema design, Dashboard, Funnel, cohort, data warehousing and what not. But i still just feel idk shit even tho my SQl query writing is very efficient. Leetcode, datalemur, stratastrach, hackerrank and what not.

I just dont get beside Data cleaning and generating insights, what are Usual Business answers comapnies need.

Worked with a logistic company where i maintained data reports, managed, updated and looked for data inconsisitency. Idk how do i put that into words for an interview now. How do i tell them i didnt have to write SQL queries most of the time, it was mostly done on client softwares which they gave us since it was fsst and easy. 

Moreover idk how do i define supply management things i have worked with to the interviewer. I just feel so stuck and frustrated all the time.

Projects done, Questioms done and still no fucking result.",2026-09-20,3,https://www.reddit.com/r/analytics/comments/1wldvy4/help_25_yo_shithead/
SQL interview,analytics,New grads need to focus on fundamentals with the advent of AI,"Quick Background:

Been working as a Data Scientist at a FAANG for 10+ years, career spanning across both product and commercial/retail funnel space. I also hired both FTEs, Contractors and Interns. And this is just my perspective based on the pace of AI implementation in day-to-day analytics efforts.

===

There are some activities that used to take me a month to complete (a full fledged E2E data-pipeline to dashboard). But now with LLM, it shrinks the time to as low as 1 week if I'm familiar with the stack or module. LLMs are making scripting quite easy and enables many analysts to spin up drafts of their work to complete a task.

But one thing that I've found no LLM can solve effectively are fundamentals.

New grads we've recently interviewed are great with their tools. Thanks primarily to using LLM on the daily to help solve their Python or SQL scripts. They've gotten so efficient that I've also learned from them that you can run benchmarks on coding across all LLMs to see which LLM performs better. 

But what new grads (both Masters and Bachelors) have been failing behind on is fundamentals. Most grads have been developing their 'tooling' skill to be hirable in this job market, but they've been so incredibly focused on solving problems with LLM that they don't question the assumptions behind their implementation. 

For example, in an interview a candidate shared that K-Means is a good way to solve text-based clustering problems, but they are unable to explain the difference in distance calculations between Euclidean vs. Cosine method (one even asked me what's Euclidean distance). Another candidate, when we did whiteboarding interview, was throwing data science terms, but cannot describe what's the process behind them (e.g. they mentioned they'll do L2 regularization to avoid overfitting, but cannot explain how L2 works).

I get it, the math part of analytics is boring, but relying primarily on LLMs to answer all your problems is only going to set you up for failure. I'm not saying LLM is bad, but you should know when the LLM is spewing bullshit versus helping you.

So if you're a new grad, or looking to transition to this field, please spend the time to learn the fundamentals. You don't have to be an expert in everything (domain expertise will guide you as to what to focus on), but spend the time understanding fundamentals to help you innovate solutions by drawing on the mathematical capabilities.",2025-08-11,164,https://www.reddit.com/r/analytics/comments/1mnl1gs/new_grads_need_to_focus_on_fundamentals_with_the/
SQL interview,analytics,Curious as to the things required for a job.,"I see everywhere that SQL, Python, and R are must-haves for any business analytics role. How true is that? Is Excel and a data visualisation tool like PowerBi/Tableau, not good enough? I am planning on moving to business analytics after my graduation in economics (2026). Would that be a good option?",2025-06-14,25,https://www.reddit.com/r/analytics/comments/1lbb06u/curious_as_to_the_things_required_for_a_job/
SQL interview,analytics,How to assess an analyst's actual analytical skills?,"I'm recruiting for a technical data analyst for a team I'm running (which I define as an analyst who can use more technical skills like SQL to perform custom analytics and build new reports, etc. as opposed to just someone who can use Tableau or Excel). It's relatively easy in an interview process to sound out someone's technical capabilities, but I've always found it harder to get a good sense for someone's core analytical instincts and their ability to dig into the data to understand it and uncover insights. I feel this is particularly important to get confident on because while technical skills can be taught, I've found that core analytical instincts (and interest) can't.

What are your suggestions for questions (or activities) that you use in the interview process to uncover genuine analytics talent rather than just Excel/SQL jockeys?",2025-01-30,77,https://www.reddit.com/r/analytics/comments/1idntkr/how_to_assess_an_analysts_actual_analytical_skills/
SQL interview,analytics,Current Data Analyst interview trends need real insights,"Hi everyone 👋
I’m preparing for Data Analyst roles and would love some recent, real-world insights from people who’ve interviewed, hired, or are currently working as DAs.
I’d really appreciate input on:
Interview questions:

What’s being asked most often now? (SQL, Excel, Python, case studies)

Tools to prioritize:
Which tools need deep mastery vs basic familiarity? (SQL, Excel, Python, Power BI/Tableau, etc.)

Projects:
What kinds of projects actually stand out to interviewers? How complex is “enough” for junior/fresher roles?

Resume & portfolio:
What matters more right now? Any common mistakes to avoid?

Reality check:
What are companies actually expecting from entry-level / career-switcher candidates?

If you’ve recently gone through interviews or are involved in hiring, your advice would mean a lot 🙏
Thanks!",2025-12-22,21,https://www.reddit.com/r/analytics/comments/1pt984v/current_data_analyst_interview_trends_need_real/
SQL interview,analytics,Capital one Data analyst intern role,"Hi everyone! I got reached out to by a recruiter for the upcoming 2027 cycle for c1 interns, and i know there’s 2 case studies and 1 sql interview, but i can’t find much about it online. Does anyone have any tips? Thank you! ",2026-06-10,6,https://www.reddit.com/r/analytics/comments/1u1qbou/capital_one_data_analyst_intern_role/
SQL interview,analytics,Interview preparation for B.A Trainee role ?,"Hello everyone,

&#x200B;

I have a Business Analyst Trainee interview on Saturday.

I know SQL, Power BI, and Tableau at a basic level.

&#x200B;

Could you suggest the key interview questions, skills, tools and concepts I should focus on to prepare effectively?

&#x200B;

Any guidance would be greatly appreciated",2026-06-18,4,https://www.reddit.com/r/analytics/comments/1u916oz/interview_preparation_for_ba_trainee_role/
SQL interview,analytics,Went from the biggest job I ever had to 7 months(and counting) unemployed.,"I finally got my goal of working in big tech. It wasn’t as great as I dreamed of but I was extremely well compensated. It also felt great to work for one of the biggest companies in the world. Everything changed when a big round of layoffs came and basically eliminated the division I was a part of. 
 
I never worried too much because I have great marketing analytics experience and a great resume with about 10 years worth of great experiences. Still I haven’t been able to land a new job. I have interviews with some best companies out there but so far I haven’t been able to get an offer. One of my weaknesses has been the SQL technical interviews. I get way too anxious and haven’t been able to solve the most complex exercises. To fight that I been practicing SQL everyday to feel more confident but I also feel that the more time Im away from the real game the less confident I get.

Anybody going thru the same? Lots of layoffs took place earlier this year.",2024-10-23,91,https://www.reddit.com/r/analytics/comments/1ga1fwh/went_from_the_biggest_job_i_ever_had_to_7/
SQL interview,analytics,"Need career advice: Burned out in analytics, planning to resign, and confused between Analytics Engineering vs AI Engineering","Hi everyone,

I'm currently working in an analytics role at a quick commerce company, and honestly, I'm feeling completely burned out. The workload and stress have become overwhelming, and I feel like I'm no longer enjoying my work.

I'm seriously considering putting down my papers without having another job offer in hand. My company has a 2-month notice period, and my current plan is to use the first week after resigning to completely disconnect and recover from the burnout. Then I'd use the remaining notice period to upskill, prepare for interviews, and actively search for my next role.

However, I'm not sure if resigning without another offer is the right decision. Part of me feels that I need the break for my mental well-being, while another part worries that leaving without a job lined up could make things more stressful if the job search takes longer than expected.

At the same time, I'm also thinking about changing my career path instead of moving to another analytics role. I'm interested in either Analytics Engineering or AI Engineering, but I'm struggling to decide which direction makes more sense.

So I have a few questions:

Is it a bad idea to resign without another job offer?

Given that I have a 2-month notice period, does it make sense to resign now, take a week to recover, and spend the remaining notice period preparing and interviewing?

Or would you recommend securing another job first and then making the switch?

If I do switch jobs, should I first move to another analytics role and prepare for a career transition while employed, or should I dedicate my notice period to upskilling and directly target a new role?

Which path would you recommend: Analytics Engineering or AI Engineering?

My background is in analytics, where I primarily work with SQL, Python, ETL pipelines, experimentation, data analysis, and business problem-solving.

I enjoy building data solutions and working with data, but I don't come from a software engineering background.

If AI is the better long-term direction, which AI role is the most realistic transition from analytics?

One thing holding me back from AI Engineering is the amount of coding and software engineering involved. I'm willing to put in the effort to learn, but I'm unsure whether it's the most practical transition given my background.

I'd really appreciate advice from people who've been in a similar situation or work in these fields.

Would you resign without another offer if you were feeling this burned out?

Is Analytics Engineering a better stepping stone into AI later?

Is AI Engineering worth pursuing from an analytics background?

If you had a 2-month notice period, how would you use it?

Thanks in advance! I'd really appreciate hearing your experiences and advice.",2026-07-07,1,https://www.reddit.com/r/analytics/comments/1uq079p/need_career_advice_burned_out_in_analytics/
SQL interview,analytics,Help me for my first B.A interview,"Hello everyone,

&#x200B;

I have a Business Analyst Trainee interview on Saturday.

 I know SQL, Power BI, and Tableau at a basic level.

&#x200B;

Could you suggest the key interview questions, skills, tools and concepts I should focus on to prepare effectively?

&#x200B;

Any guidance would be greatly appreciated. ",2026-06-18,1,https://www.reddit.com/r/analytics/comments/1u915nu/help_me_for_my_first_ba_interview/
SQL interview,analytics,Pivot back to BIE/Analytics or double down on Low-Code & Automation? I feel stuck.,"Hey everyone,

I’m at a bit of a crossroads and need some honest perspective.

**TL;DR:** Moved from data engineering/analytics to a low-code/Power Platform role. Feeling like a glorified PowerBI admin and worried my career is stalling. Help.

I have 4+ years in tech. In the past, I’ve worked across the whole data spectrum: heavy pipelines, automation, and analytics. Last year, I moved into a role reporting to a CTO-1. On paper, it was a step up, but the day-to-day is a total 180.

The issue is that I’m now dealing with tiny datasets that don’t justify complex engineering. Instead, I’m living in the Power Platform (Power Apps/Automate), doing drag-and-drop ETL, and heavy Excel/Power BI reporting.

I’ve basically become a ""Business Operations"" person. I’m barely touching SQL (honestly can't believe I took a job with no SQL) because of team constraints. While I'm solving operational problems, the tools feel legacy and I don't feel like I'm driving revenue.

I’m starting to get some major career anxiety:

1. **For those who moved from Code-First to Low-Code, do you feel like you’re losing your technical edge?**
2. **Is there a real future in being the ""BI/Automation"" person, or are my skills just gathering dust?**
3. **With the market moving toward AI, should I pivot back to a technical BIE or Data Analyst role to stay hands-on? Or do I lean into this ""Operations"" path and double down on Co-pilot agents and executive reporting?**

I’m worried that if I stay here too long, I’ll be pigeonholed and won't be able to pass a real technical interview in a year.",2026-04-13,5,https://www.reddit.com/r/analytics/comments/1sjx1wo/pivot_back_to_bieanalytics_or_double_down_on/
SQL interview,analytics,Question: Are youtube courses alone effective to becoming a Data Analyst? 🤔,"Background: I am a 2nd year CS student and our university doesn't provide any specialization to Data Analytics which is why I intend to self study all the way to becoming a Data Analyst. There is no nearby university within a 2 hour radius that doesn't specialize in Data Analytics. I'm genuinely cooked. I am also not allowed to head to cities that are further than that to live in a dorm and study since parents won't give me permission.

I created 4 youtube playlists that are segmented into 4 phases. Start from Phase A, finish to Phase D.

I was wondering if these youtube playlists alone can help me become hireable or do I really need to pay for courses on websites.😓


My youtube playlists: 

Phase A contains 3 videos
1. Excel for Data Analytics - Beginners Guide 11 hours
2. SQL for Data Analytics - Beginners Guide 4 hours
3. Learn Phyton - Full course for beginners 4 hours and 26 minutes

Phase B contains 6 videos
1. SQL for Data Analytics - Intermediate Guide 6 hours
2. Two hours Data Analyst Interview Masterclass - 2 hours
3. Phyton for Data Analytics - Full Course for Beginners 11 hours
4. Automate with Phyton - Full Course 2 hours
5. APIs for Beginners - 3 hours
6. Git and Github for beginners - 1 hour


Phase C contains 5 videos
1. Power BL for Data Analytics - 8 hours
2. Power BL and SQL project tutorial - 2 hours and 46 minutes
3. IT Support SLA dashboard tutorial - 1 hour
4. Learn AWS for Analytics in under 2 hours


And the last, Phase D
1. Statistics full course for beginners - 8 hours
2. Beginner Data Science Project - 2 hours
3. Customer Churn Data Analytics Project



Thanks for reading everything, could really use some advice on this one. 
",2025-10-04,7,https://www.reddit.com/r/analytics/comments/1nxkw3m/question_are_youtube_courses_alone_effective_to/
SQL interview,analytics,I put in a résumé for an entry level facilities analyst job at Spectrum after 2 yrs of Billing,"My imposter syndrome is through the roof and I need a reality check 😅

So somehow I went from a random phone interview — where I genuinely didn’t know what half the terms the recruiter was saying even meant (Tableau? Never heard of it) — to now being scheduled for an in-person interview this Friday for an entry-level analyst training program.

The recruiter says she sees ambition and trainability in me. Which is… sweet? Terrifying? Both?

Here’s the thing: I’m 45, my entire résumé is call center billing and a couple of team leader promotions. My “tech knowledge” peaks at knowing what an HDMI cable, a router, an ethernet cord, and megabytes are. I am not a coder. I am not a data person. At least I didn’t think I was.

I bumped into a data analyst at work and told him I was freaking out. He basically laughed and said “six SQL commands will run your life and you’re overthinking it.”

Which… made me feel better for about 20 minutes before the imposter syndrome came roaring back.

Has anyone else made a leap like this — especially later in their career — with zero technical background? Did the training actually work, or did you crash and burn? Be honest, I can take it. The annual salary for this position is almost twice as much as I’ve ever made, and I kinda don’t wanna get this wrong. 

Am I truly overthinking it? Can confidence see me thru?",2026-04-13,16,https://www.reddit.com/r/analytics/comments/1sjyxrc/i_put_in_a_résumé_for_an_entry_level_facilities/
SQL interview,analytics,What does a good analyst interview look like?,"The headline says it all. 

The question may sound weird, but what I mean to ask is that if sql, python, statistics skills are covered, what makes an interviewer sit in an interview and feel like -this person really knows what he or she is talking about- What makes a good analyst separate different from a mediocre one. 

An advice I got from a fireside chat recently, was always connectWhat you did with the business outcome, and always know the “why” . I understand this, but has someone actually use this approach in an interview? because one thing i have come to realize is that my recent analytical interviews, be it for a digital marketing analyst or a business analyst or a data analyst were more outcome oriented than n technical. Executives really need to know what they can do on a Monday and not big fluff terms I used to say in my initial interviews, so does anyone have any pointers regarding that?",2026-03-10,7,https://www.reddit.com/r/analytics/comments/1rphfwt/what_does_a_good_analyst_interview_look_like/
SQL interview,analytics,"MSBA student graduating in May, can’t land interviews, genuinely lost and scared","I don’t really know how to write this but I’m at a point where I’m honestly panicking.

I’m in my final semester of an MS in Business Analytics at UMass Amherst. I graduate in May. After that I have \~3 months to find a job or I’ll have to leave the US and go back home with a pretty big loan to pay off.

I worked for about 2 years back home as an operations/data analyst before coming here. I know SQL, Python, Power BI fairly well, have the Microsoft Power BI certification, and I’ve built ML models during my coursework. I even have a personal website/portfolio.

But despite all that, I’m just not getting anywhere.

I’ve been applying for months — data analyst, business analyst, analytics roles — and I barely get interviews. And the few times I do, I never get past the first round.

I do practice SQL questions (LeetCode, StrataScratch), but I’ll be honest — I’m not consistent. I forget things, then feel behind again. At the same time, I genuinely believe that if I practice consistently, I can solve most of these questions, which makes this even more frustrating.

I’m also really confused about interview prep in general:

* Should I be doing Python interview questions? What kind?
* Do companies actually ask stats/probability/A/B testing questions?
* Where do people practice for this stuff?
* What does a typical first-round analytics interview even look like?

Another big issue is **where and how to apply**.

Right now, I apply directly on company websites for big companies (FAANG-type roles), but for most other companies I’m relying almost entirely on LinkedIn. I know that’s not ideal, but as an international student I honestly don’t know what other options I have.

I keep hearing “apply as soon as roles are posted,” but I have no idea **where people even find these postings early**. By the time I see them on LinkedIn, it feels like hundreds of people have already applied.

So now I’m stuck wondering:

* Am I applying to the wrong companies?
* Am I relying too much on LinkedIn?
* Are there better platforms for analytics roles that I don’t know about?
* Is my international status automatically filtering me out?

Everything feels very unknown and unstructured. I feel like I’m putting in effort without direction, and the clock is ticking.

If anyone here has been an international student, broken into analytics, or been on the hiring side, I’d really appreciate **practical, honest guidance**:

* What to focus on in the next 3–6 months
* How analytics interviews actually work
* Where to find roles early
* What actually matters when time is limited

If needed, I can share my resume or portfolio.

Thanks for reading. I’m just trying to figure this out before it’s too late.",2026-01-10,5,https://www.reddit.com/r/analytics/comments/1q9a862/msba_student_graduating_in_may_cant_land/
SQL interview,analytics,"Market research background, struggling to get hired – need urgent, practical advice","
Hi all,

I come from a market research background with experience in qual and quant research, surveys, interviews, Excel-based data analysis, reporting, and client-facing work.

I’ve been applying for jobs for the past six months. I managed to get interviews with two companies but couldn’t secure an offer. At this point, I really need to focus on skills that will actually help me get hired. I’m currently learning SQL and Power BI. From your experience, what skills genuinely make the biggest difference for getting an entry or junior role?

I’ll be honest, I’m in a difficult financial situation and urgently need a job. I’m open to any realistic role at this stage, including admin, operations, coordinator, or support roles. If research or analytics isn’t working out, what other roles should I be targeting where my background could still get me callbacks and offers?

Any straightforward advice would really help. Thank you.
",2026-01-06,9,https://www.reddit.com/r/analytics/comments/1q5l3ai/market_research_background_struggling_to_get/
SQL interview,analytics,"How do you use Python on a daily basis, and have you had technical interviews where you needed to use it?","Hi everyone,

I’m kind of new to data analysis and just starting out with Python. So far, my experience has only been with a little bit of Excel, SQL and PBI, when it comes to Python only been using Pandas, and in my previous jobs I never really needed to use Python directly.

I’m curious about your experiences:

•Do you use Python on a daily basis in your current role, and if so, how?

•Have you had technical interviews where you were required to use Python? If yes, what kind of exercises or problems were you asked to solve?

•How did you learn to use Python for data analysis and if it applies, to prepare for Data Analyst tech interviews where Python was needed did you go through courses, projects, or mostly learn on the job?

Thanks a lot my ppl",2025-10-03,25,https://www.reddit.com/r/analytics/comments/1nx2c8q/how_do_you_use_python_on_a_daily_basis_and_have/
SQL interview,analytics,Self-taught DA looking for resources to strengthen fundamentals - what are your must-reads?,"Data analyst at a big tech company here. My day-to-day is mostly SQL and Python, working as both a domain business SME and the go-to person for quick turnarounds and complex long-term analyses.

**My problem**

Despite a few years in analytics, I often hit walls when working with unfamiliar data or requests I simply haven't execute before. I'll spend too much time just understanding table structures and techniques before I can even start analyzing. Although this isn't a bad thing, it can slow me down. Also, being self-taught without a traditional CS/stats/math background, I constantly run into concepts I intuitively understand but never learned the proper terminology for. (Perfect example: I always knew about additive vs. non-additive metrics in practice, but had no idea that's what they were called or that it was an actual principle.)

I'd also love to brush up on some statistics fundamentals, especially for modeling with assumptions. Most data science content I find is obsessed with AI/ML, but I'm more interested in strengthening my analytical foundation.

**What's worked so far**

* Leetcode helped with interview prep but doesn't make me a better analyst, just a better coder
* Codecademy was great because their exercises use practical, real-world business scenarios
* Python Crash Course was incredible for learning Python from scratch

**What I'm looking for**

* Books, podcasts, or YouTube channels focused on **fundamentals and key principles** of business/product analytics - not 'beginner', just fundamental
* Online courses or training sites that are must-tries for data analysts
* Statistics resources that teach stats in the context of business analytics (not pure math)

**TL;DR -** What's the ""Python Crash Course equivalent"" for data science/analytics? What resource gave you that lightbulb moment and better mental framework for your work?

Any recommendations would be hugely appreciated.",2025-07-12,46,https://www.reddit.com/r/analytics/comments/1ly3rmr/selftaught_da_looking_for_resources_to_strengthen/
SQL interview,analytics,Do personal projects help in getting a data analyst role?,"I’m currently working as a data analyst which only requires some basic Excel and Power BI. I want to break into a role that works with SQL and Python as well (i’ve been self-learning about them). I’ve only been invited to job interviews of the roles that only require Excel & Power BI, which are what i’ve been doing in my current role. ",2025-01-16,27,https://www.reddit.com/r/analytics/comments/1i2tt60/do_personal_projects_help_in_getting_a_data/
SQL interview,analytics,I feel completely lost and am desperate need of a guiding hand,"Summary:

* I have 12+ years of total work experience and have been working in analytics since 2017 in India
* Since late 2023, I have been increasingly feeling the pressure of up-skilling
* The problem is that I don't know what to up-skill on
* Data science used to be the go-to for most people in my profile but that field seems to have entered an advanced stage where you can learn only if you get to work on proper DS projects; otherwise neither your CV gets shortlisted and in the rare occasions you do land an interview, the questions will go far more advanced than the pre-covid era when random forest and basic stats used to cut it
* When it comes to AI - again I'm completely overwhelmed with the hype/reality and have 0 clue where to start and what should be my end goal
* Finally - my situation: The job market seems to be in the worst state that I've ever witnessed. The last organically generated interview call I got was way back in May - June 2022 (3+ years ago)
* Since then I've just had 2 interviews - one was a referral at Citi in June 2023, which I didn't join because of the pay and some very serious family issues; the other was last month from JPMC but that didn't convert - job profile advertised was of VP - Data analytics but the role was more like internal consulting.
* Other Info: Tech stack - SQL + Python + Tableau + Power BI | Earning \~INR 50LPA and that seems to have hit a plateau | Age: 36 years
* In this market situation, a layoff is a guaranteed ticket out of the analytics industry, at least in my situation

Would be great if I can get some pointers in chat or in DMs.",2025-08-13,15,https://www.reddit.com/r/analytics/comments/1mp41uq/i_feel_completely_lost_and_am_desperate_need_of_a/
SQL interview,analytics,[Mission 009] The SQL Tribunal: Query Crimes & Data Court,,2026-03-21,1,/r/SmartPeopleGames/comments/1s03x19/mission_009_the_sql_tribunal_query_crimes_data/
SQL interview,analytics,"Best Free PowerBI, Tableau, SQL and Python Training","Hello!

I’m hoping you can help. I was recently laid off after 19 years at a syndicated data provider. I did insights work for clients. However, now I want to shift to the client side in a role where I can leverage the knowledge I have (POS, Panel, eComm, etc.). So, I’m looking at Insights, Category Management, Category Analyst (I have an interview Monday!). The barrier I am facing is I haven’t needed to actually use PowerBi, Tableau, SQL, and Python, even though I provided data and set up system to load data to their cloud. What are the best, most comprehensive, FREE trainings I can take for these tools? I have LinkedIn Premium and access to free training, but there are so many courses, I don’t know which is the best. Any recommendations? Thanks!",2025-09-27,28,https://www.reddit.com/r/analytics/comments/1nryx7v/best_free_powerbi_tableau_sql_and_python_training/
SQL interview,analytics,Analytics start for career switch,"Hi all, hoping for some advice on next path.

I work for one of the big 3 banks and have for 13 years. I have done a lot of work in fraud and now doing procedure work which is basically just program management to a degree. In 2019 I used my benefits to start a bachelors degree in computer programming, finished in 2024 but I have gotten nowhere with the degree. Part of the issue is pay, I wasn't making anything when I started the process, but when I finished I was making more than most entry level roles. 

I have noticed that at my employer there are a metric ton of roles for data analytics. So I was thinking of spinning my degree and making that my next position goal. There are probably several roles that I can post into with doing any additional work, but some of the really good stuff needs more skills in SQL and other skills not worked on during my degree. 

Sorry for the long background my ask is this, what would you recommend as next steps. Masters in data analytics, boot camp, individual courses and certs? There are even courses I can take within the bank to help foster the learning. 

I have done a little research if I went the master's route that will take the longest cause I would use tuition benefits so I didn't have to pay anything so depending on the university and cost it could take 2-3 years to finish. I used Co-pilot to make a recommended roadmap if I were to do it by courses and certs which I will post for someone to give an opinion on. 

>  
Master Data Analyst Roadmap 

>Complete roadmap including phases, certifications, costs, enrollment links, and preparation tips.

>Roadmap Phases

>PHASE 1 — Foundation (1–2 months)

>• Build fundamentals: data types, KPIs, basic statistics, and cleaning.

>• Google Data Analytics Certificate.

>

>PHASE 2 — Core Technical Skills (2–3 months)

>• Excel Expert (PowerQuery, PivotTables, advanced formulas).

>• SQL fundamentals to advanced (joins, CTEs, window functions).

>• Excel Expert certification + SQL certification.

>

>PHASE 3 — BI Skills (1–2 months)

>• Power BI modeling, DAX, dashboards.

>• PL■300 Certification.

>

>PHASE 4 — Analyst Skills (1 month)

>• Forecasting basics, A/B testing, storytelling.

>

>PHASE 5 — Portfolio (2–4 weeks)

>• Create 2–4 projects showcasing dashboards, SQL, KPIs.

>

>PHASE 6 — Transition (2 weeks)

>• Resume, LinkedIn optimization, interview prep.

>

>Certification Costs

>Certification Cost (USD) Notes

>Google Data Analytics Certificate $39–$79/month or $59/mo Plus Subscription pricing

>MOS Excel Expert MO■211 $100 Varies by region

>DataCamp SQL Associate $25/mo (or discounted annual) Included in Premium

>

>Meta Database Engineer $39–$79/month Coursera subscription

>Microsoft PL■300 $165 Exam fee

>Tableau Desktop Specialist $100 Optional

>AWS Data Analytics – Specialty $300 Optional

>

>Enrollment Links

>• Google Data Analytics Certificate

>• DataCamp SQL Associate

>• Meta Database Engineer Certificate

>• MOS Excel Expert MO■211

>• Microsoft PL■300 Exam

>• Tableau Desktop Specialist

>• AWS Certification Portal

>

>Certification Tips

>Google Data Analytics Certificate

>• Follow 8■course sequence.

>• Use R practice for literacy.

>• Capstone = portfolio.

>

>MOS Excel Expert

>• Use Excel 365.

>• Practice PowerQuery & advanced formulas.

>• Use GMetrix.

>

>DataCamp SQL Associate

>• Take readiness quiz.

>• Practice JOINs + window functions.

>• Redo missed questions.

>

>Meta Database Engineer

>

>• Master schema + normalization.

>• Build MySQL project.

>• Practice Python■MySQL.

>

>Microsoft PL■300

>• Master DAX basics.

>• Build 3 dashboards.

>• Practice Power BI Service workflows.

>

>Tableau Desktop Specialist

>• Use Superstore.

>• Practice maps + sets.

>• Take timed exams.

>

>AWS Data Analytics Specialty

>• Learn Redshift/Glue/Athena.

>• Map domains.

>• Build mini ETL.

  
",2026-03-10,0,https://www.reddit.com/r/analytics/comments/1rpkwyy/analytics_start_for_career_switch/
SQL interview,analytics,Resume Review/Career Feedback,"Hi everyone, I have recently started looking for a new job in the market and wanted to get some help with my resume as I have not been selected for 1st round interviews yet. Its making me think that Im either applying for jobs way out of my league (I can add links to some of the jobs I have applied for reference) or my resume is not passing the AI/recruiter filter. I am here to get some honest feedback to rule out option #2.

I will admit I have been applying to positions that would mean a salary raise from what I earn now which would be jobs paying 105k+ (Some roles are in the $90s). I have been applying to remote jobs and local jobs with a 80/20 split to remote jobs just because there is not that many opportunities in my area for what I am looking for.

My main goal for my next position is to use SQL more on a day to day basis as I want to move my career towards being more of a data guy (or at least improve data skills) than a finance guy (I am fine staying in Finance, but just want more exposure to more technical stuff). With that being said, I dont care what industry or business segment(Finance, Sales, Operations, Marketing, HR, etc) my next position is, as long as I get to use more SQL (cherry on top would be SQL with opportunity to also start using python) and exposure to databases, data pipelines, etc.

Examples of some title roles I have been applying to are:

* Data analyst
* Business Intelligence
* Financial Analyst
* FPA analyst
* Sales Operations analyst.

I have been applying to the above roles and the senior version e.g. Senior Data analyst, Senior Business Intelligence. I will be posting this in several subreddits so feel free to give broad feedback of my resume and more specifc tailored to specific positions I am applying. Please add any other type of roles titles I should be searching for. And if you have any openings, let me know lol :)

Thank you for taking the time to read/provide feedback!

  
I am not able to copy or link my resume but I have recently posted it in other subs, please check my posts.

  
",2026-02-07,4,https://www.reddit.com/r/analytics/comments/1qyljc9/resume_reviewcareer_feedback/
SQL interview,analytics,no point in learning advanced sql.,"I’m planning a job switch, and I’m starting to question the value of the time I spent mastering SQL. I have expert-level proficiency. I can comfortably write complex queries using window functions and even recursive SQL. I’ve noticed that candidates who struggle with basic aggregation concepts (my friends) are still clearing analytics interview rounds. In all the interviews I’ve attended, the toughest SQL question I’ve been asked was about the HAVING clause. This makes me regret spending so much time solving 100s of advanced SQL problems, since interviews rarely seem to go beyond basic aggregations. I’m now wondering whether having expert-level SQL skills actually holds any real value in the current analytics hiring process.",2025-12-19,0,https://www.reddit.com/r/analytics/comments/1pql08s/no_point_in_learning_advanced_sql/
SQL interview,analytics,Most DA portfolios are ignored for one reason (and it's not projects),"Rule: if a hiring manager can't point to a job requirement and say ""this artifact proves it"", your portfolio is basically invisible.

10-minute fix:

1. pick 1 JD you would apply to
2. copy 3-5 requirement bullets (no company name needed)
3. for each bullet, write the evidence you will ship (a concrete artifact)

Examples of 'JD bullet -> evidence artifact':

* 'Write SQL queries for KPIs' -> 8 KPI queries + a short assumptions note
* 'Test data integrity / resolve discrepancies' -> 5 QA checks: grain, joins, nulls, dupes, reconciliation
* 'Build dashboards / reporting' -> 1 dashboard page + 3 decisions it supports
* 'Communicate insights to stakeholders' -> a 1-page insight memo (context, findings, recommendation)

Quick check (comment one number):  
1 = I've built portfolio projects but still got 'no response'  
2 = Recruiters liked my resume, but interviews exposed gaps  
3 = I don't know what to build that maps to real JDs  
4 = I'm not applying yet, just learning

If you've been through it, which one is you?",2026-02-05,8,https://www.reddit.com/r/analytics/comments/1qx1m80/most_da_portfolios_are_ignored_for_one_reason_and/
SQL interview,analytics,"Graduated in December, not loving my first job. Should I quit or find a new one first?","As the title says I have been with my current employer since November. I graduated with a BS in Data Science this December, know a decent chunk of Python, covered some math, some statistics, bit of SQL and even a bit of ML. The company is very small (sub 250 employees) and I work a mix of data admin, data entry, purchasing and a bit of marketing stuff. I report directly to my supervisor who oversees our 5 man department. 

So far, I've made a couple of scripts in Python, gotten much more proficient in Excel, and am learning more about the ERP we use. I've even written a tiny bit of C#. 

However, I currently make sub 40k a year working full time. They're moving me away from more technical projects since they have hired contractors for future technical work. I doubt I'll be coding again going forward. The business is incredible disorganized and it's somewhat stressful working here. I am looking for other jobs now and even have an interview lined up for a BI role but I feel I lose so much time and energy at work that I barely have time to apply and try to keep my other skills sharp. I'm also concerned my experience won't be considered valuable to larger corporations and they may pass me up for newer grads. 

My financial situation is pretty stable right now and I could go without work for 3 months no problem, I just don't know if it's the right move going forward. Do you guys think it's worth quitting and spending more time on prepping for other roles or should I just spend the 40h/week here and prep outside of work? 

EDIT: Thanks for the responses guys I really appreciate you all as a community. It seems I wasn't counting my blessings and I'm better off staying put and carving out more opportunities on my off time. Also, incase I wasn't clear, my role is a sort of ""data admin"" role. My dissatisfaction comes from the pay and some of my responsibilities going forward, but I'll make the best of it. ",2025-05-28,25,https://www.reddit.com/r/analytics/comments/1kx4ywa/graduated_in_december_not_loving_my_first_job/
SQL interview,analytics,Stay a Data Analyst or accept new Backend position?,"Hello everyone! Sorry for the terrible English.

Quick brief: Im a data analyst, been in it for 7 months and was fortunate enough to have done ALOT, both in analysis and even in engineering due to being in a small data team (3 people, 4 with me) at a mid sized company working with only seniors (particularly data modelling of billions of data in Postgres, Snowflake and bigquery), and have done a bit of automation using Airflow. I've learned alot in this position, from real complex SQL, advanced python, DBT, Airflow, Bash and Docker to Excel and Tableau.

As such, I've come to the realization (early on, first 3 months of the job in fact) that I'm significantly more into data and software engineering than I am into data analysis and science (I hate the analysis part of the job).

I know some backend development (FastAPI, Flask and Django), know basic frontend via React (and VanillaTS, using templating languages like Jinja), and I'd say Im good at database development.

So i started applying to DE positions, but I didnt get responses. So one day while applying I saw this backend dev position (uses FastAPI for building ""AI driven apps"", and is in the AI department of the company), and thought ""f*** it, I'll just apply"" and did so.

Anyways, next day I got a call, and went through their 2 technical theory+practical rounds in 2 weeks and passed (I thought I did well), and got an offer. 

But now I have 2 days to decide and don't know what to choose. 

The benefits of this new job are: basically SWE/DE-related, 50% increase from my current salary, transportation is the same as my current job (i.e., easy) and culture seems cool (like my current job too). Not sure if this is a benefit but the new company is a services company whereas the one Im in is an in-house developed products company.

What Im scared of: from what I asked them, they said they're extremely overloaded with work now, busy, and they said the onboarding will be 2 days as they said. They also said there will be some LLM tuning work (which I havent done, was honest to them in the interview and the job description doesn't really mention it but they told me it will be involved when they called me for the offer).

As for becoming a DE in my current job, internal politics will make it nearly impossible to do so (as in, change my title), but interestingly there is a new product yet to be launched so there's potential to put myself there (but obviously salary increase will likely not be anywhere near 50% and it will take 5 months to get a raise).

I seriously dont know what to do. Current job has been chill, whereas the new job seems like it has so much growth potential and higher salary but is harder by far. If I do get the offer, Im scared Ill be let off for not doing well. That 2 day onboarding sounds crazy to me.

Any help would be much appreciated, I really need it now !!! Thank you!",2025-10-24,8,https://www.reddit.com/r/analytics/comments/1oevhzk/stay_a_data_analyst_or_accept_new_backend_position/
SQL interview,datascience,SQL Interview Testing,"I have found that many many people fail SQL interviews (basic I might add) and its honestly kind of mind boggeling. These tests are largely basic, and anyone that has used the language for more than 2 days in a previous role should be able to pass.

I find the issue is frequent in both students / interns, but even junior candidates outside of school with previous work experience.

Is Leetcode not enough? Are people not using leetcode?

Curious to hear perspectives on what might be the issue here - it is astounding to me that anyone fails a SQL interview at all - it should literally be a free interview.",2024-04-29,262,https://www.reddit.com/r/datascience/comments/1cg52ye/sql_interview_testing/
SQL interview,datascience,Ace The Interview - SQL Intuitively and Exhaustively Explained,"SQL is easy to learn and hard to master. Realistically, the difficulty of the questions you get will largely be dictated by the job role you're trying to fill.

From it's highest level, SQL is a ""declarative language"", meaning it doesn't define a set of operations, but rather a desired end result. This can make SQL incredibly expressive, but also a bit counterintuitive, especially if you aren't fully aware of it's declarative nature.

SQL expressions are passed through an SQL engine, like PostgreSQL, MySQL, and others. Thes engines parse out your SQL expressions, optimize them, and turn them into an actual list of steps to get the data you want. While not as often discussed, for beginners I recommend SQLite. It's easy to set up in virtually any environment, and allows you to get rocking with SQL quickly. If you're working in big data, I recommend also brushing up on something like PostgreSQL, but the differences are not so bad once you have a solid SQL understanding.

In being a high level declaration, SQL’s grammatical structure is, fittingly, fairly high level. It’s kind of a weird, super rigid version of English. SQL queries are largely made up of:

* **Keywords:** special words in SQL that tell an engine what to do. Some common ones, which we’ll discuss, are `SELECT, FROM, WHERE, INSERT, UPDATE, DELETE, JOIN, ORDER BY, GROUP BY` . They can be lowercase or uppercase, but usually they’re written in uppercase.
* **Identifiers:** Identifiers are the names of database objects like tables, columns, etc.
* **Literals:** numbers, text, and other hardcoded values
* **Operators:** Special characters or keywords used in comparison and arithmetic operations. For example `!=`, `<` ,`OR`, `NOT` , `*`, `/`, `%` , `IN`, `LIKE` . We’ll cover these later.
* **Clauses:** These are the major building block of SQL, and can be stitched together to combine a queries general behavior. They usually start with a keyword, like 
   * `SELECT` – defines which columns to return 
   * `FROM` – defines the source table 
   * `WHERE` – filters rows 
   * `GROUP BY` – groups rows etc.  

By combining these clauses, you create an SQL query

There are a ton of things you can do in SQL, like create tables:

    CREATE TABLE People(first_name, last_name, age, favorite_color)

Insert data into tables:

    INSERT INTO People
    VALUES
        ('Tom', 'Sawyer', 19, 'White'),
        ('Mel', 'Gibson', 69, 'Green'),
        ('Daniel', 'Warfiled', 27, 'Yellow')

Select certain data from tables:

    SELECT first_name, favorite_color FROM People

Search based on some filter

    SELECT * FROM People WHERE id = 3

And Delete Data

    DELETE FROM People WHERE age < 30 

What was previously mentioned makes up the cornerstone of pretty much all of SQL. Everything else builds on it, and there is a lot.

**Primary and Foreign Keys**  
A *primary key* is a unique identifier for each record in a table. A *foreign key* references a primary key in another table, allowing you to relate data across tables. This is the backbone of relational database design.

**Super Keys and Composite Keys**  
A *super key* is any combination of columns that can uniquely identify a row. When a unique combination requires multiple columns, it’s often called a *composite key* — useful in complex schemas like logs or transactions.

**Normalization and Database Design**  
Normalization is the process of splitting data into multiple related tables to reduce redundancy. First Normal Form (1NF) ensures atomic rows, Second Normal Form (2NF) separates logically distinct data, and Third Normal Form (3NF) eliminates derived data stored in the same table.

**Creating Relational Schemas in SQLite**  
You can explicitly define tables with `FOREIGN KEY` constraints using `CREATE TABLE`. These relationships enforce referential integrity and enable behaviors like cascading deletes. SQLite enforces `NOT NULL` and `UNIQUE` constraints strictly, making your schema more robust.

**Entity Relationship Diagrams (ERDs)**  
ERDs visually represent tables and their relationships. Dotted lines and cardinality markers like `{0,1}` or `0..N` indicate how many records in one table relate to another, which helps document and debug schema logic.

**JOINs**  
JOIN operations combine rows from multiple tables using foreign keys. `INNER JOIN` includes only matched rows, `LEFT JOIN` includes all from the left table, and `FULL OUTER JOIN` (emulated in SQLite) combines both. Proper JOINs are critical for data integration.

**Filtering and LEFT/RIGHT JOIN Differences**  
JOIN order affects which rows are preserved when there’s no match. For example, using `LEFT JOIN` ensures all left-hand rows are kept — useful for identifying unmatched data. SQLite lacks `RIGHT JOIN`, but you can simulate it by flipping the table order in a `LEFT JOIN`.

**Simulating FULL OUTER JOINs**  
SQLite doesn’t support `FULL OUTER JOIN`, but you can emulate it with a `UNION` of two `LEFT JOIN` queries and a `WHERE` clause to catch nulls from both sides. This approach ensures no records are lost in either table.

**The WHERE Clause and Filtration**  
`WHERE` filters records based on conditions, supporting logical operators (`AND`, `OR`), numeric comparisons, and string operations like `LIKE`, `IN`, and `REGEXP`. It's one of the most frequently used clauses in SQL.

**DISTINCT Selections**  
Use `SELECT DISTINCT` to retrieve unique values from a column. You can also select distinct combinations of columns (e.g., `SELECT DISTINCT name, grade`) to avoid duplicate rows in the result.

**Grouping and Aggregation Functions**  
With `GROUP BY`, you can compute metrics like `AVG`, `SUM`, or `COUNT` for each group. `HAVING` lets you filter grouped results, like showing only departments with an average salary above a threshold.

**Ordering and Limiting Results**  
`ORDER BY` sorts results by one or more columns in ascending (`ASC`) or descending (`DESC`) order. `LIMIT` restricts the number of rows returned, and `OFFSET` lets you skip rows — useful for pagination or ranked listings.

**Updating and Deleting Data**  
`UPDATE` modifies existing rows using `SET`, while `DELETE` removes rows based on `WHERE` filters. These operations can be combined with other clauses to selectively change or clean up data.

**Handling NULLs**  
`NULL` represents missing or undefined values. You can detect them using `IS NULL` or replace them with defaults using `COALESCE`. Aggregates like `AVG(column)` ignore NULLs by default, while `COUNT(*)` includes all rows.

**Subqueries**  
Subqueries are nested `SELECT` statements used inside `WHERE`, `FROM`, or `SELECT`. They’re useful for filtering by aggregates, comparisons, or generating intermediate results for more complex logic.

**Correlated Subqueries**  
These are subqueries that reference columns from the outer query. Each row in the outer query is matched against a custom condition in the subquery — powerful but often inefficient unless optimized.

**Common Table Expressions (CTEs)**  
CTEs let you define temporary named result sets with `WITH`. They make complex queries readable by breaking them into logical steps and can be used multiple times within the same query.

**Recursive CTEs**  
Recursive CTEs solve hierarchical problems like org charts or category trees. A base case defines the start, and a recursive step extends the output until no new rows are added. Useful for generating sequences or computing reporting chains.

**Window Functions**  
Window functions perform calculations across a set of table rows related to the current row. Examples include `RANK()`, `ROW_NUMBER()`, `LAG()`, `LEAD()`, `SUM() OVER ()`, and moving averages with sliding windows.

These all can be combined together to do a lot of different stuff.

In my opinion, this is too much to learn efficiently learn outright. It requires practice and the slow aggregation of concepts over many projects. If you're new to SQL, I recommend studying the basics and learning through doing. However, if you're on the job hunt and you need to cram, you might find this breakdown useful: [https://iaee.substack.com/p/structured-query-language-intuitively](https://iaee.substack.com/p/structured-query-language-intuitively)",2025-04-12,222,https://www.reddit.com/r/datascience/comments/1jxl18x/ace_the_interview_sql_intuitively_and/
SQL interview,datascience,"Technical Interview - Python, SQL, Problem but NOT Leetcode?","I'm have technical interviews with a fintech company, and they (HR) have specifically told me that the interview will be on Problem Solving, SQL, and Python.

The position is for a Data Scientist, 2+ YOE.

I'm prepping by brushing up all my SQL, running through Ace the Data Science Interview for ML theory (and conceptual questions), and largely ignoring pure statistics/probabilities for now.

In a way, I'm thankful that it's not Leetcode because I suck ass at DS&A, but also I don't really know what to expect?

For the Python piece, I was thinking going over training models with sklearn (full pipeline, train-test-split, normalizatoin, scaling etc.), building some models from scratch (zzzz, linear regression, logistic regression), building some algorithms from scratch (cosine distance, bag of words, count vectorizer), pandas dataframe manipulation, numpy linear algebra.

Just wondering are there any ideas for what else I could expect? Is this list a good idea to prep?

Not sure if ""it WONT be Leetcode"" means, it will be DS&A just not problems from Leetcode, or it means nothing like DS&A at all.

HR interviewer said verbatim: ""if you know how to dev, you will get it"" which was new.

Thanks!

EDIT: title should say \*Problem Solving\* lol",2024-05-07,120,https://www.reddit.com/r/datascience/comments/1cmnf0m/technical_interview_python_sql_problem_but_not/
SQL interview,datascience,MySQL for DS interviews?,"Hi, I currently work as a DS at a AI company, we primarily use SparkSQL, but I believe most DS interviews are in MySQL (?). Any tips/reading material for a smooth transition. 

  
For my work, I use SparkSQL for EDA and featurization ",2025-03-11,11,https://www.reddit.com/r/datascience/comments/1j8g4w9/mysql_for_ds_interviews/
SQL interview,datascience,Just got rejected from meta,"Thought everything went well. Completed all questions for all interviews. Felt strong about all my SQL, A/B testing, metric/goal selection questions. No red flags during behavioral. Interviews provided 0 feedback about the rejection. I was talking through all my answers and reasoning, considering alternatives and explaining why I chose my approach over others. I led the discussions and was very proactive and always thinking 2 steps ahead and about guardrail metrics and stating my assumptions. The only ways I could think of improving was to answer more confidently and structure my thoughts more. Is it just that competitive right now? Even if I don’t make IC5 I thought for sure I’d get IC4. Anyone else interview with Meta recently? 

edit:
MS degree
3.5yoe DS
4.5yoe ChemE

edit2:
I had 2 meta referrals but didn't use them. Should I tell the recruiter or does it not matter at this point?
Meta recruiter reached out to me on LinkedIn.

edit3:
I remember now there was 1 moment I missed a beat, but recovered during a bernoulli distribution hand-calculation question. Maybe thats all it took...

edit4:
Thanks everyone for the copium, words of advice, and support.",2025-09-05,299,https://www.reddit.com/r/datascience/comments/1n8z37l/just_got_rejected_from_meta/
SQL interview,datascience,"GPT-4 can solve most SQL interview questions. In 5 years, do you think Acing a SQL Interview will still be important?",,2023-03-25,0,/r/SQL/comments/121q7nt/gpt4_can_solve_most_sql_interview_questions_in_5/
SQL interview,datascience,Crash course for SQL Interview,,2023-08-02,1,/r/SQL/comments/15fyc0d/crash_course_for_sql_interview/
SQL interview,datascience,Level up SQL Interview Prep with AI Workbooks – ChatGPT + Annotations + Collaboration,"I’m a former data engineer turned Product Manager but I still love querying data and doing analyses for my product decisions. I’ve tried using ChatGPT to try remembering SQL syntax but it’s never organized in these playground environments that I’ve seen. I’m constantly losing information, rerunning the same prompts, and can’t write notes to myself. 

This had me thinking about the many people who probably use ChatGPT to prepare for SQL interviews - I’ve seen it a lot online. If I was prepping for an interview, I would want to stay organized and also write notes to myself on important areas to focus on. Right now, the ChatGPT playground environments just wouldn’t cut it form. 

AI workbooks (free to use) could be a very good option for this. Here’s some of the benefits I see: 

1. **Structured Querying:** Unlike playground environments, workbooks are a structured environment where I can organize my queries. I can easily revise and fine-tune prompts. Also the ChatGPT cells remember context from previous cells so I don’t need to keep mentioning the dataset schema. 
2. **Annotations**: I love the idea of jotting down important insights, and tips in the workbook itself. AI Workbooks offers markdown support so I can have headings, outlines, and even attach images/GIFs. 
3. **Collaboration**: The workbook is easy to share with others - people who might have an interview coming can start with my workbook to get started and I can learn from other people’s workbooks vice-versa. 

I’m really excited about this product because it’s free for personal use and has a lot of potential to change the way we work with ChatGPT. Curious what you all think!  

Link to SQL Interview AI Workbook: [https://lastmileai.dev/workbooks/clkc3biiz004jphsrjddy8j7e](https://lastmileai.dev/workbooks/clkc3biiz004jphsrjddy8j7e) ",2023-07-21,0,https://www.reddit.com/r/datascience/comments/155ypfq/level_up_sql_interview_prep_with_ai_workbooks/
SQL interview,datascience,"Resources for Data Science & Analysis: A curated list of roadmaps, tutorials, Python libraries, SQL, ML/AI, data visualization, statistics, cheatsheets","Hello everyone!

Staying on top of the constantly growing skill requirements in Data Science is quite a challenge. To manage my own learning and growth, I've been curating a list of useful resources and tools that cover the full spectrum of the field — from data analysis and engineering to deep learning and AI.

I'd love to get your professional opinion. Could you please take a look? Have I missed anything crucial? What else would you recommend adding or focusing on?

To give you an immediate sense of the list's scope and structure, I've attached screenshots of the table of contents below.

The full version with all the active links and additional resources is available on GitHub. You can find the link at the end of the post.

https://preview.redd.it/egbe8jmruotf1.png?width=890&format=png&auto=webp&s=0256f4ea30e7843bca8e77545ea46cc5ba25b72c

https://preview.redd.it/3vq4pm8k1evf1.png?width=882&format=png&auto=webp&s=1dcdbb6f9188535ae872bc40b77ede45833a6d4f

I'd be happy if this list is useful to others.

You can view the full list here [View on GitHub](https://github.com/PavelGrigoryevDS/awesome-data-analysis?#awesome-data-analysis-)

Thanks for your time! Your advice is invaluable!",2025-10-07,293,https://www.reddit.com/r/datascience/comments/1o0eed8/resources_for_data_science_analysis_a_curated/
SQL interview,datascience,Absolutely BOMBED Interview,"I landed a position 3 weeks ago, and so far wasn’t what I expected in terms of skills. Basically, look at graphs all day and reboot IT issues. Not ideal, but I guess it’s an ok start. 

Right when I started, I got another interview from a company paying similar, but more aligned to my skill set in a different industry. I decided to do it for practice based on advice from l people on here.

First interview went well, then got a technical interview scheduled for today and ABSOLUTELY BOMBED it. It was BAD BADD. It made me realize how confused I was with some of the basics when it comes to the field and that I was just jumping to more advanced skills, similar to what a lot of people on this group do. It was literally so embarrassing and I know I won’t be moving to the next steps. 

Basically the advice I got from the senior data scientist was to focus on the basics and don’t rush ahead to making complex models and deployments. Know the basics of SQL, Statistics (linear regression, logistic, xgboost) and how you’re getting your coefficients and what they mean, and Python. 

Know the basics!!",2025-04-08,529,https://www.reddit.com/r/datascience/comments/1juo7ue/absolutely_bombed_interview/
SQL interview,datascience,Typical question in the first interview?,"I have a 30minute zoom meeting for a data science job and I'm just wondering what types of questions others have been asked in these interviews?

I had one a couple months ago and they did ask me a SQL question but that was the only technical one I can remember 

Edit: Interview finished and doesn't look like I got it y'all! I'm a fucking idiot! 
There was absolutely no technical questions, just 
""Tell me about yourself""
""What's your experience with python""
""Walk me through a project""
""Do you use Generative AI""

I'm not entirely sure how I messed that up but I guess my charisma stats are that low
",2026-08-13,38,https://www.reddit.com/r/datascience/comments/1vnbj8m/typical_question_in_the_first_interview/
SQL interview,datascience,Senior level DS at FAANG - what coding interviews to expect,"Worked at FAANG up until a month ago as mid level DS and now I'm getting callbacks for senior level roles from similar companies. My stats intuition/case studies are pretty good since that's mostly what my last job relied on. However, my coding is so rusty since I just used AI most of the time to move fast and cleaned it up when there was a mistake.

  
I'm mostly concerned about prepping the coding and data manipulation rounds. What level of prep should I prepare for to feel 'good enough'? Should I be expected to do leetcode mediums or is pandas/sql enough? Is describing the solution and logic with pseudocode enough for tougher problems or do I have to take it from start to end with no help? What has your experience been like for expectations at senior level FAANG interviews?",2026-04-09,54,https://www.reddit.com/r/datascience/comments/1sh3401/senior_level_ds_at_faang_what_coding_interviews/
SQL interview,datascience,"In SQL round, When do you not select a candidate? Especially in high paying DS entry level in tech"," I was curious, how good a candidate need to be in SQL round to get selected for the next round? If its DS role, marketing/product side and candidate does well in other round like product sense round. 

Like do they need to solve hard  sql questions quickly to pass? Or if they show they can but struggle to get correct answer, or take more time to solve then would you still hire them? 

Of course it depends on candidates, but i was curious how much weightage as HM you give to coding round and expectations are, for high paying entry level roles. 

Also, what’s ideal time to solve the answer medium and hard SQL questions

Edit- interested to know when some companies have 5-7 rounds (3-4 interviews in just one super day) as needs to know how much importance do you give to product sense interviews or coding interviews 

Edit -2 i meant while solving Hard level code sql questions. Because i think if you can show you can solve medium questions, and have projects that did use sql, but struggle to do hard ones then what happens

And how can you make HM believe that its just because of anxiety and nerves issue on solving hard questions live, bcz on interviews sometimes you just don’t get idea or get hard time under the question 

Edit -3 seems like post is confusing people, again i was interested to know candidate struggling to solve hard SQL questions but they can solve medium questions and know enough like windows, ctes, joins etc. ",2024-09-11,52,https://www.reddit.com/r/datascience/comments/1feje1i/in_sql_round_when_do_you_not_select_a_candidate/
SQL interview,datascience,What would be the fastest way for me to get from novice to advanced level Python?,"I'm a data scientist with ten years experience. I've always worked at R shops and haven't been forced to learn Python on the job so my knowledge of the language is just from piddling around with it on my own and distinctly novice. If I was prepared to sink 5+ hours a day into it, what would be my best bet in terms of fastest way to hone my skills?",2024-12-30,129,https://www.reddit.com/r/datascience/comments/1hq0s6q/what_would_be_the_fastest_way_for_me_to_get_from/
SQL interview,datascience,Where is Data Science interviews going?,"As a data scientist myself, I’ve been working on a lot of RAG + LLM things and focused mostly on SWE related things. However, when I interview at jobs I notice every single data scientist job is completely different and it makes it hard to prepare for. Sometimes I get SQL questions, other times I could get ML, Leetcode, pandas data frames, probability and Statistics etc and it makes it a bit overwhelming to prepare for every single interview because they all seem very different. 

Has anyone been able to figure out like some sort of data science path to follow? I like how things like Neetcode are very structured to follow, but fail to find a data science equivalent.  ",2025-07-23,188,https://www.reddit.com/r/datascience/comments/1m70fk3/where_is_data_science_interviews_going/
SQL interview,datascience,How’s the job search going?,"I’m considering looking for a new data science job and kinda wanna get some secondhand data on what the market is like from people who are either in the market right now or just recently got hired or gave up. Please share the following info (or as much as you are comfortable sharing):

1. How long have you been looking for work? How many apps?
2. How many interviews/offers have you got?
3. Your background  (degree, years of experience, self taught?)
4. Are you more into the engineering side (deep learning, Hadoop, aws) or the analysis side (power bi, sql)?
5. Any leads/tips?",2024-03-26,92,https://www.reddit.com/r/datascience/comments/1bomevr/hows_the_job_search_going/
SQL interview,datascience,"Weekly Entering & Transitioning - Thread 13 Jul, 2026 - 20 Jul, 2026"," 

Welcome to this week's entering & transitioning thread! This thread is for any questions about getting started, studying, or transitioning into the data science field. Topics include:

* Learning resources (e.g. books, tutorials, videos)
* Traditional education (e.g. schools, degrees, electives)
* Alternative education (e.g. online courses, bootcamps)
* Job search questions (e.g. resumes, applying, career prospects)
* Elementary questions (e.g. where to start, what next)

While you wait for answers from the community, check out the [FAQ](https://www.reddit.com/r/datascience/wiki/frequently-asked-questions) and Resources pages on our wiki. You can also search for answers in [past weekly threads](https://www.reddit.com/r/datascience/search?q=weekly%20thread&restrict_sr=1&sort=new).",2026-07-13,9,https://www.reddit.com/r/datascience/comments/1uv0spu/weekly_entering_transitioning_thread_13_jul_2026/
SQL interview,datascience,What do you think of graduate student applicants?,"
I am a graduate student working on Data Science. The weird thing I notice recently is that graduate schools don't teach SQL or BI tools(which makes sense because those are areas you can pretry much self learn), so a lot of graduate students are lack of those skills (me included) when applying DS or DA jobs.

But they have all the machine learning related cool-looking projects on their portfolios. So their resumes might more fit to DS roles maybe, but their lack of experiences and way less number of DS jobs stop them. Then when applying DA roles, their inadequate SQL or Bi skills stop them.

I noticed this weirdness because my friend who has several cool ML projects just failed SQL interview for DA role. I know there are many data professionals here, so wanted to ask if you have notice this where there are more graduate students applicants recently but bootcamp self learners are more fit? Now I think 6 months of bootcamp heavy focused on SQL with relavent projects could have given me more higher chances to get me DA role.",2024-05-02,118,https://www.reddit.com/r/datascience/comments/1ci5eau/what_do_you_think_of_graduate_student_applicants/
SQL interview,datascience,Feeling Stuck in My Current Data Scientist Role,"Hi everyone,

I’m currently working as a Senior Data Scientist in Germany. I hold a PhD in Physics with a very high GPA, have completed all the relevant Coursera courses, and I’m in my mid-30s.

So far, things have been going well, but my job mainly involves visualizing data in Tableau and writing lengthy SQL queries. Recently, I’ve been lucky to work on some GenAI projects, but that's still new territory for me.

I initially took this job because I was going through a tough time and needed an ""easy"" role. However, I’m now eager to change my job and take on more challenging opportunities. In my region, interesting job positions only become available every few months at most, which makes the search even more competitive and frustrating.

When applying for new positions, I sometimes get invited to interviews for high-skill roles that seem like a good fit. However, I struggle to talk about exciting achievements from my last three years. The GenAI/NLP projects I’ve been involved in are quite recent (only about three months), and our team is limited by resources—small GPU, not enough data—so we can’t do things like training LoRA adapters for different use cases.

I feel stuck in underwhelming roles, and high-skill positions feel out of reach, even though I believe I could contribute effectively.

Additionally, I often find myself being too honest during interviews. When asked questions like what percentage of my daily job involves coding or about my expertise in NLP, I tend to share the full truth, highlighting my limitations.

**Has anyone experienced something similar or have tips on how to better present my skills and experiences during interviews without underselling myself?**

Thanks in advance!",2024-10-04,135,https://www.reddit.com/r/datascience/comments/1fvo28x/feeling_stuck_in_my_current_data_scientist_role/
SQL interview,datascience,What realistically is a good alternative take-home assignments?,"Everyone in this sub seems to absolutely hate take-home assignments. I used to find it stupid as well until I was involved in a hiring process a few months back.

We were hiring for a junior to mid level DS position, it only took a couple of days to gather half a thousand applications. (It’s absolutely insane, maybe due to the job being remote) Even after filtering out those with quantitative degrees or relevant experience, we still had to deal with slightly over 100 candidates. Interview all of them is definitely out of the question here.

The process we had was to get them do a coding test. Easy to medium leetcode questions with some SQL questions. Of the 2/3 that passed, we send them an assignment with one week deadline. Once submitted, they get a zoom interview to present their work. Here’s the thing, **take-home assignments work.** It very effectively cut down the number of applicants to around 10. 

I understand it’s not fun doing these assignments, but given the job market, what’s a good alternative that helps you filter among 100s of qualified candidates on paper, and also help you understand how they do their work and communicate? DS resumes these days all look the same. Everyone claims to know everything with no proof of proficiency. Recruiting is very time consuming and costly, and the cost of hiring a fraud DS costs even more.

Some argue that assignments will deter the best candidates from continuing the application. The reality is that, unless it’s meta or google, employers are not obsessed with finding the best person out of hundreds of candidates. They just want to find someone who is **good enough** to perform certain tasks without adding burden to the team. 

So for those really hates take-home assignments, if you’re in the position of hiring, how will you evaluate your applicants?",2023-12-04,55,https://www.reddit.com/r/datascience/comments/18aif1a/what_realistically_is_a_good_alternative_takehome/
SQL interview,datascience,Senior DS laid off and trying to get out of product analytics. How can I pivot to a more quantitative position?,"**EDIT: I’m ignoring all messages and chat requests not directly related to my question.  If you have a separate question about getting into industry, interview prep, etc., please post it in its own thread or in the appropriate master topic.**

(I figured this is specific enough to warrant its own post instead of posting in the weekly Entering and Transition thread, as I already have a lot of industry experience.)

**TL;DR: How can an unemployed, experienced analytics-focused data scientist get out of analytics and pivot to a more quantitative position?**

I'm a data scientist with a Master's in Statistics and nine years of experience in a tech city.  I've had the title Senior Data Scientist for two of them.  I was laid off from my job of four years in June and have been dealing with what some would call a ""first world problem"" in the current market.

**I get callbacks from many recruiters, but almost all of them are for analytics positions.**  This makes sense because (as I'll explain below) I've been repeatedly pushed into analytics roles at my past jobs.  I have roughly 8 years of analytics experience, and was promoted to a senior position because I did well on a few analytics projects.  My resume that most of my work is analytics, as most of my accomplishments are along the lines of ""designed a big metric"" or ""was the main DS who drove X internal initiative"".  I've been blowing away every A/B testing interview and get feedback indicating that I clearly have a lot of experience in that area.  I've also been told in performance reviews and in interview loops that I write very good code in Python, R, and SQL.

However, **I don't like analytics.**  I don't like that it's almost all very basic A/B testing on product changes.  More importantly, I've found that most companies have a terrible experimentation culture.  When I prod in interviews, they often indicate that their A/B testing platform is underdeveloped to the point where many tests are analyzed offline, or that they only test things that are likely to be a certain win.  They ignore network effects, don't use holdout groups or meta-analysis, and insist that tests designed to answer a very specific question should also be used to answer a ton of other things.  It is - more often than not - [Potemkin Data Science](https://mcorrell.medium.com/potemkin-data-science-fba2b5ba5cc6).  I'm also frustrated because I have a graduate degree in statistics and enjoy heavily quantitative work a lot, but rarely get to do interesting quantitative work in product analytics.

Additionally, I have mild autism, so I would prefer to do something that requires *less* communication with stakeholders.  While I'm aware that every job is going to require stakeholder communication to some degree, the amount of time that I spent politicking to convince stakeholders to do experimentation correctly led to a ton of stress.

**I've been trying to find a job more focused on at least one of causal inference, explanatory statistical modeling, Bayesian statistics, and ML on tabular data (i.e. not LLMs, but like fraud prediction).**  I've never once gotten a callback for an ML Engineer position, which makes sense because I have minimal ML experience and don't have a CS degree.  I've had a few HR calls for companies doing ML in areas like identity validation and fraud prediction, but the initial recruiting call is always followed up with ""we're sorry, but we decided to go with someone with more ML experience.""

**My experience with the above areas is as follows.**  These were approaches that I tried but ended up having no impact, except for the first one, which I didn't get to finish.  Additionally, note that I currently do not have experience working with traditional CS data structures and algorithms, but have worked with scipy sparse matrices and other DS-specific data structures:

* Designed requirements for a regression ML model.  Did a ton of internal research, then learned SparkSQL and wrote code to pull and extract the features.  However, after this, I was told to design experiments for the model rather than writing the actual code to train it.  Another data scientist on my team did the model training with people on another team that claimed ownership.  My manager heavily implied this was due to upper management and had nothing to do with my skills.

* Used a causal inference approach to match treatment group users to control group users for an experiment where we were expecting the two groups to be very different due to selection bias.  However, the selection bias ended up being a non-issue.

* Did clustering on time-dependent data in order to identify potential subgroups of users to target.  Despite it taking about two days to do, I was criticized for not doing something simpler and less statistical.  (Also, in hindsight, the results didn't replicate when I slightly changed the data, which is very much my fault for not checking.)

* Discussed an internal fraud model with stakeholders.  Recognized that a dead simple feature wasn't in it, learned a bit of the internal ML platform, and added it myself.  The feature boosted recall at 99% precision by like 40%.  However, even after my repeated prodding, the production model was never updated due to lack of engineering support and because the author of the proprietary ML framework quit.

* During a particularly dead month, I spent time building a Bayesian model for an internal calculation in Stan.  Unfortunately I wasn't able to get it to scale, and ran into major computational issues that - in hindsight - likely indicated an issue with the model formulation in the paper I tried to implement.

* Rewrote a teammate's prototype recommendation model and built a front end explorer for it.  In a nutshell, I took a bunch of spaghetti code and turned it into a maintainable Python library that used Scipy sparse matrices for calculations, which sped it up considerably.  This model was never productionized because it was tested in prod and didn't do well.

At the time I was laid off I had about six months of expenses saved up, plus fairly generous severance and unemployment.  I can go about another four months without running out of savings. 
 **How should I proceed to get one of these more technical positions?**  Some ideas I have:

* List the above projects on my resume even though they failed.  However, that's inevitably going to come up in an interview.

* I could work on a personal project focused on Bayesian statistics or causal inference.  However, I've noticed that the longer I'm unemployed, the fewer callbacks and LinkedIn messages I get, so I'm worried about being unemployed even longer.

* Take an analytics job and wait for a more quantitative opening at a different company to occur.  Someone fairly big in my city's DS community that knows I can handle more technical work said he'd refer me and probably be able to skip most of the interview process, but his company currently has no open DS positions and he said he doesn't know when more will open up.

* Take a 3 or 6-month contract position focused on my interests from one of the random third party recruiters on LinkedIn.  It'll probably suck, but give me experience I can use for a new job.

* Drill Leetcode and try to get an entry-level software engineer position.  However this would obviously be a huge downgrade in responsibility and pay, preparation would drain my savings, and there’s no guarantee I could pivot back to DS if it doesn’t work out.


Additionally, **here's a summary of my work experience**:

* Company 1 (roughly 200 employees).  First job out of grad school.  I was there for a year and was laid off because there ""wasn't a lot of DS work"".  I had a great manager who constantly advocated for me, but couldn't convince upper management to do anything beyond basic summary statistics.  For example, he pitched a cluster analysis and they said it sounded hard.

* Company 2 (roughly 200 employees).  I was there for two years. 
 **Shortly after joining I started an ML project, but was moved to analytics due to organizational priorities.**  Got a phenomenal performance review, asked if I could take on some ML work, and was given an unambiguous no.  Did various analytics tasks (mostly dashboarding and making demos) and mini-projects on public data sources due to lack of internal data (long story).  Spent a full year searching for a more modeling-focused position because a lot of the DS was smoke and mirrors and we weren't getting any new data.  After that year, I quit and ended up at Company 3.

* Company 3 (roughly 30000 employees).  I was there for six years.  I joined because my future manager (Manager #1) told me I'd get to pick my team and would get to do modeling.  Instead, after I did a trial run on two teams over three months, **I was told that a reorg meant I would no longer get to pick my team and ended up on a team that needed drastic help with experimentation.**  Although my manager (Manager #2) had some modeling work in mind for me, she eventually quit.  Manager #3 repeatedly threw me to the wolves and had me constantly working on analyzing experiments for big initiatives while excluding me from *planning* said experiments, which led to obvious implementation issues.  He also gave me no support when I tried to push back against unrealistic stakeholder demands, and insisted I work on projects that I didn't think would have long-term impact due to organizational factors.  However, I gained a lot of experience with messy data.  I told his skip during a 1:1 that I wanted to do more modeling, and he insisted I keep pushing him for those opportunities, to no avail.

    Manager #3 drove me to transfer to another team, which was a much better experience.  Manager #4 was the best manager I ever had and got me promoted, but also didn't help me find modeling opportunities.  **Manager #5 was generally great and found me a modeling project to work on after I explained that lack of modeling work was causing burnout.  It was a great project at first, but he eventually pushed me to work only on the experimental aspects of that modeling project.**  I never got to do any actual modeling for this project even though I did all the preparation for it (e.g. feature extraction, gathering requirements), and another team took it over.  Shortly after this project completed, I was laid off.",2024-10-25,96,https://www.reddit.com/r/datascience/comments/1gc524p/senior_ds_laid_off_and_trying_to_get_out_of/
SQL interview,datascience,How much DSA for FAANG+ ?,"Hello all, I am going to be graduating in 6 months and have been practicing Leetcode as I believe this to be my weakest point. I have solved 250 LC with 130 Easy and 120 Hard, covering concepts like arrays, hashing, binary trees, SQL, linked list, two pointers, stack, sliding windows majorly. Could anyone guide me on how I can maximise the time I have on hand to prepare better for technical interviews? I have good internship and research experience so I am not that worried about future rounds, but timed coding questions have always been brutal for me. Any advice is appreciated.",2025-07-13,66,https://www.reddit.com/r/datascience/comments/1lywh35/how_much_dsa_for_faang/
SQL interview,datascience,"Those of you who interviewed/working at big tech/finance, how did you prepare for it? Need advice pls.","title. Im a data analyst  with \~3yoe currently work at a bank. lets say i have this golden time period where my work is low stress/pressure and I can put time into preparing for interviews. My goal is to get into FAANG/finance/similar companies in data science roles. How do I prepare for interviews? Did you follow a specific structure for certain companies? How/what did you allocate time into between analytics/sql/python, ML, GenAI(if at all) or other stuff and how did you prepare? Im good w sql, currently practicing ML and GenAI projects on python. I have very basic understanding of data engg from self projects. What metrics you use to determine where you stand?

I get the job market is shit but Im not ready anyway. My aim is to start interviewing by fall, say august/september. I'd highly appreciate any help i can get. thx. ",2025-05-21,75,https://www.reddit.com/r/datascience/comments/1ks5jo6/those_of_you_who_interviewedworking_at_big/
SQL interview,datascience,"Weekly Entering & Transitioning - Thread 29 Jun, 2026 - 06 Jul, 2026"," 

Welcome to this week's entering & transitioning thread! This thread is for any questions about getting started, studying, or transitioning into the data science field. Topics include:

* Learning resources (e.g. books, tutorials, videos)
* Traditional education (e.g. schools, degrees, electives)
* Alternative education (e.g. online courses, bootcamps)
* Job search questions (e.g. resumes, applying, career prospects)
* Elementary questions (e.g. where to start, what next)

While you wait for answers from the community, check out the [FAQ](https://www.reddit.com/r/datascience/wiki/frequently-asked-questions) and Resources pages on our wiki. You can also search for answers in [past weekly threads](https://www.reddit.com/r/datascience/search?q=weekly%20thread&restrict_sr=1&sort=new).",2026-06-29,10,https://www.reddit.com/r/datascience/comments/1uihsma/weekly_entering_transitioning_thread_29_jun_2026/
SQL interview,datascience,How would you categorize this DS skill?,"I am DS with several YOE. My company had a problem with the billing system. Several people tried fixing it for a few months but couldn’t fix it.

I met with a few people and took notes. I wrote a few basic sql queries and threw the data into excel then had the solution after a few hours. This saved the company a lot of money.

I didn’t use ML or AI or any other fancy word that gets you interviews. I just used my brain. Anyone can use their brain but all those other smart people couldn’t figure it out so what is the “thing” I have that I can sell to employers.",2025-06-18,66,https://www.reddit.com/r/datascience/comments/1le3whp/how_would_you_categorize_this_ds_skill/
SQL interview,datascience,Am I not getting interviews because I dont have a data science portfolio?,"Im working on a bs/ms for data science and havent been having too much success finding internships. Zero interviews at all. Ill look at a posting that lists requirements like: ""knows what python is (not the snake)"", ""used excel before"", ""(preferable) has heard of statistics"" and its really demoralizing. So now im just trying to figure out whats wrong with me as an applicant.

I have interesting projects in my resume: im working on a grad school project as part of a team for US army research where im building visualization dashboards and writing SQL for backend. In undergrad, I worked on finetuning a MRI neuroimages CNN for depression diagnosis.

I have previous internship experience: did GenAI/Rag at a start up, building data pipelines, finetuning embedders, making flask webapp, deploying model. Product saving xyz manhours by helping people find and summarize important documents etc.

Problem is i cant really put up these projects in my portfolio because of NDAs and I dont really do side projects. So because of that i dont have a web portfolio/git portfolio. 

Is that the issue? Just really bummed out about the hob search and trying to channel that into improving my profile :/",2024-04-01,77,https://www.reddit.com/r/datascience/comments/1bt0fkm/am_i_not_getting_interviews_because_i_dont_have_a/
SQL interview,datascience,"Applying for a DE role as a current DS, is 3 weeks of prep too optimistic?","A recruiter contacted me about a Senior Data Engineer position at a major streaming service. While I’m interested in the role, I don’t feel adequately prepared. I use Python and SQL in my current job to build basic tools for my team, but not to the level that a true Data Engineer would. My understanding of data structures is limited to everyday use of dictionaries and lists. I'm confident I can prepare for SQL, but I'm less sure about Python.

Should I just apply and probably bomb the interview or not try at all? I’m frustrated with my current job because I haven’t received any raises or annual increments in the last three years. I’ve discovered that I enjoy writing Python code to build things, so this could be a good opportunity to transition into a Data Engineering role.

What do you think?

Edit: The interview timeline is flexible and could be more or less than three weeks, depending on how much I can delay it.",2024-08-01,55,https://www.reddit.com/r/datascience/comments/1ehoumf/applying_for_a_de_role_as_a_current_ds_is_3_weeks/
SQL interview,datascience,Hiring Managers are implementing more Take Home and live Technical Tests (SQL and Python related). Is this unfair?,"I've noticed this recently this trend of people getting by the interview process for these high paying technical roles without doing a single technical test. 

Are hiring managers implementing these tests because they are beginning to realize that having people who are not as proficient as they originally thought could be detrimental to their bottom line?

What are your thoughts?",2023-06-04,27,https://www.reddit.com/r/datascience/comments/14023r7/hiring_managers_are_implementing_more_take_home/
SQL interview,datascience,Meta Data Science Onsite Interview,"Hey everyone, I am studying for the 2nd round interview for the product DS intern position at Meta. Could anyone give me a general expectation for this round? I heard there are no more SQL, but there will be another product case plus some stats questions.

Could you also suggest some resources to study for these stats questions? What type of stats questions will be asked? I'm so in on this, so I'd appreciate any help! Thank you y'all and good luck to all of you!",2024-11-11,30,https://www.reddit.com/r/datascience/comments/1gojatt/meta_data_science_onsite_interview/
SQL interview,datascience,Can someone explain what is mean in simple terms?,"I had an interview and they asked me to explain mean. I told it’s average of the values. It is calculated by sum of the observations divided by total number of observations. The interviewer said I should look into it. Can someone explain it?


Edit 1: I got the update I didn’t clear the interview. Learnt my lesson. Today I have another interview scheduled. Let’s see how it goes.

Edit2: Today’s interview was for the position of DE and questions were related software development. There were no statistics or math questions. There were few SQL questions and we had to code from scratch on how to implement a payment gate away.",2023-06-24,56,https://www.reddit.com/r/datascience/comments/14hlhxy/can_someone_explain_what_is_mean_in_simple_terms/
SQL interview,datascience,Completely Free Courses Oct 20-30 from Maven Analytics,"Maven Analytics is hosting their Open Campus event Oct 20-30.  This means their whole platform is 100% free during that time. If you've been thinking about taking a course on Power BI, SQL, Python, how to approach the job search, etc., it would be a great time to binge and learn something new.

  
There's also live sessions for these two weeks around portfolio projects, interviewing, etc.  And they all have Q&A at the end, so you can ask any of the questions you have around getting into data. ",2025-10-15,39,https://mavenanalytics.io/open-campus
SQL interview,datascience,Reflecting on the Changing Hiring Bar,"I'm curious to hear your experiences on how the hiring bar has changed, especially for those that have been in the field 5+ years.

From a purely anecdotal perspective, it feels that the hiring bar for data scientists has gone up and is all over the place. I might be wrong, but it felt that 5 years ago if you knew A/B testing + jupyter notebooks it was good enough.

Disclaimer: there's no one definitive definition of what a data scientist is, so each company/field will have different criteria. Obviously you can't thoroughly test for everything, sometimes it's just a ""Can you tell me what X is and how it's used?"".

These are the interview elements where I feel the bar has gone up:

* More leetcode medium, DS/ML coding level is moving closer to SWE. Definitely ran into some leetcode hards. 
* MLE leaning roles will ask for knowledge on how to productize DS projects. Knowledge of AWS and containers is sort of expected.
* DS roles expect at least some idea of how neural networks work, sometimes how transformers work.

What has not changed and will probably remain the same:

* SQL still very relevant, not much change in difficulty.
* Classification metrics.
* Ability to translate business problems into DS action items.
* Hypothesis testing.",2023-04-13,147,https://www.reddit.com/r/datascience/comments/12l8o0k/reflecting_on_the_changing_hiring_bar/
SQL interview,datascience,Interview Format Different from What Recruiter Explained – Is This Common?,"I recently interviewed for a data scientist role, and the format of the interview turned out to be quite different from what the recruiter had initially described.

Specifically, I was told that the interview would focus on a live coding test for SQL and Python, but during the actual interview, it included a case study. While I was able to navigate the interview, the difference caught me off guard.

Has anyone else experienced a similar situation? How common is it for interview formats to deviate from what was communicated beforehand? Also, is it appropriate to follow up with the recruiter for clarification or feedback regarding this mismatch?

Would love to hear your thoughts and experiences!",2025-01-30,72,https://www.reddit.com/r/datascience/comments/1idtj2m/interview_format_different_from_what_recruiter/
SQL interview,datascience,How do I make the most of this opportunity,"Hello everyone, I’m a senior studying data science at a large state school. Recently, through some networking, I got to interview with a small real estate and financial data aggregator company with around \~100 employees.

I met with the CEO for my interview. As far as I know, they haven’t had an engineering or science intern before, mainly marketing and business interns. The firm has been primarily a more traditional real estate company for the last 150 years. Many tasks are done through SQL queries and Excel. Much of the product team at the company has been there for over 20 years and is resistant to change.

The ceo wants to make the company more efficient and modern, and implement some statistical and ML models and automated workflows with their large amounts of data. He has given me some of the ideas that he and others at the company have considered. I will list those at the end. But I am starting to feel that I’m a bit in over my head here as he hinted towards using my work as a proof of concept to show the board that these new technologies and techniques r what the company needs to stay relevant and competitive. As someone who is just wrapping up their undergrad, some of it feels beyond my abilities if I’m mainly going to be implementing a lot of these things solo.

  
These are some of the possible projects I would work on:



#  Chatbot Knowledge Base Enhancement

**Background**: The Company is deploying AI-powered chatbots (HubSpot/CoPilot) for customer engagement and internal knowledge access. Current limitations include incomplete coverage of FAQs and inconsistent performance tracking.

**Objective**: Enhance chatbot functionality through improved training, monitoring, and analytics.

**Scope**:

* Automate FAQ training using internal documentation.
* Log and classify failed responses for continuous improvement.
* Develop a performance dashboard.

**Deliverables**:

* Enhanced training process.
* Error classification system.
* Prototype dashboard.

**Value**: Improves customer engagement, reduces staff workload, and provides analytics on chatbot usage.



# Automated Data Quality Scoring

**Background**: Clients demand AI-ready datasets, and the company must ensure high data quality standards.

**Objective**: Prototype an automated scoring system for dataset quality.

**Scope**:

* Metrics: completeness, duplicates, anomalies, missing metadata.
* Script to evaluate any dataset.

**Intern Fit**: Candidate has strong Python/Pandas skills and experience with data cleaning.

**Deliverables**:

* Reusable script for scoring.
* Sample reports for selected datasets.

**Value**: Positions the company as a provider of AI-ready data, improving client trust.

  
Entity Resolution Prototype

**Background**: The company datasets are siloed (deeds, foreclosures, liens, rentals) with no shared key.

**Objective**: Prototype entity resolution methods for cross-dataset linking.

**Scope**:

* Fuzzy matching, probabilistic record linkage, ML-based classifiers.
* Apply to limited dataset subset.

**Intern Fit**: Candidate has ML and data cleaning experience but limited production-scale exposure.

**Deliverables**:

* Prototype matching algorithms.
* Confidence scoring for matches.
* Report on results.

**Value**: Foundation for the company's long-term, unique master identifier initiative.

  
Predictive Micro-Models

**Background**: Predictive analytics represents an untapped revenue stream for the company.

**Objective**: Build small predictive models to demonstrate product potential.

**Scope**:

* Predict foreclosure or lien filing risk.
* Predict churn risk for subscriptions.

**Intern Fit**: Candidate has built credit risk models using XGBoost and regression.

**Deliverables**:

* Trained models with evaluation metrics.
* Prototype reports showcasing predictions.

**Value**: Validates feasibility of predictive analytics as a company product.



# Generative Summaries for Court/Legal Documents

**Background**: Processing court filings is time-intensive, requiring manual metadata extraction.

**Objective**: Automate structured metadata extraction and summary generation using NLP/LLM.

**Scope**:

* Extract entities (names, dates, amounts).
* Generate human-readable summaries.

**Intern Fit**: Candidate has NLP and ML experience through research work.

**Deliverables**:

* Prototype NLP pipeline.
* Example structured outputs.
* Evaluation of accuracy.

**Value**: Reduces operational costs and increases throughput.

  
Automation of Customer Revenue Analysis

**Background**: The company currently runs revenue analysis scripts manually, limiting scale.

**Objective**: Automate revenue forecasting and anomaly detection.

**Scope**:

* Extend existing forecasting models.
* Build anomaly detection.
* Dashboard for finance/sales.

**Intern Fit**: Candidate’s statistical background aligns with forecasting work.

**Deliverables**:

* Automated pipeline.
* Interactive dashboard.

**Value**: Improves financial planning and forecasting accuracy.

  
Data Product Usage Tracking

**Background**: Customer usage patterns are not fully tracked, limiting upsell opportunities.

**Objective**: Prototype a product usage analytics system.

**Scope**:

* Track downloads, API calls, subscriptions.
* Apply clustering/churn prediction models.

**Intern Fit**: Candidate’s experience in clustering and predictive modeling fits well.

**Deliverables**:

* Usage tracking prototype.
* Predictive churn model.

**Value**: Informs sales strategies and identifies upsell/cross-sell opportunities.

  
AI Policy Monitoring Tool

**Background**: The company has implemented an AI Use Policy, requiring compliance monitoring.

**Objective**: Build a prototype tool that flags non-compliant AI usage.

**Scope**:

* Detect unapproved file types or sensitive data.
* Produce compliance dashboards.

**Intern Fit**: Candidate has built automation pipelines before, relevant experience.

**Deliverables**:

* Monitoring scripts.
* Dashboard with flagged activity.

**Value**: Protects the company against compliance and cybersecurity risks.",2025-08-26,5,https://www.reddit.com/r/datascience/comments/1n0ep0g/how_do_i_make_the_most_of_this_opportunity/
SQL interview,datascience,Bored and underutilized - how to prep for the next gig?,"DS/BI team has had 4 different leaders in the past year and our company seems to have lost any sense of analytics strategy. Two years ago we had 16 total, BI devs and data scientists including ML specialists and ML app builders. We are now down to 7 after attrition and I know three more are actively interviewing. Last model put into production was in 2024 and there are no requests for ML work this fiscal year. Our project plans are now less than a sprint ahead and it is not unusual to get an analytical request in the morning only to be told by noon ""that's no longer a priority"".

It's been this way for long enough that I'm questioning whether I want to continue in DS or move to a related field. I have a background in databases and data engineering. i have done some work in Gen AI with prompt engineering and automation but it for my company because there is a zero trust policy on all Gen AI (thanks to an idiot who loaded the transcript from a VPs disciplinary call to chatGPT to get a summary). I am much more interested in probabilistic modeling and forecasting but again no experience outside of online classes. For all intensive purposes I have been a SQL dev with some Python for the last 4 years. The last model I put into production was an unsupervised model of workers by productivity at different roles, which was in 2022. 

Where should I go next? Seriously thinking about enrolling in a masters just to look fresh again.",2025-05-30,32,https://www.reddit.com/r/datascience/comments/1kzgvz0/bored_and_underutilized_how_to_prep_for_the_next/
SQL interview,datascience,Skillset for Data Science," Hi All, I have started applying Data Science roles. I wanted to check with you all if data structures is commonly asked in interviews? I gave a few and no one asked much except SQL. ",2024-01-27,49,https://www.reddit.com/r/datascience/comments/1aclic0/skillset_for_data_science/
SQL interview,datascience,upskilling for ex-academic with skill gaps,"Hey folks, I’m looking for advice on filling in some skill gaps. I’m a social science academic with a highly quantitative background, left academia a couple years ago for a nonprofit role, and am now looking for my next thing.

My job search revealed that I have some noticeable skill gaps that affect interviewing and hiring. But typical data science training options are pitched too low — I’m qualified/have been recruited to teach subjects like causal inference, experiment design, surveys, data viz, and R programming at the grad level. I’d like to upskill on at least the following topics:

* ⁠Python, but the intro stuff is just unbearably boring. Is there a Python transition course for R experts?

* SQL, ditto. I fully understand most concepts around data manipulation …. in R.

 * ⁠Forecasting and predictive analytics. Would be happy to read a book or take a class on this.

* ⁠Product oriented analytics. I’m solid on working with non-technical stakeholders but there seem to be some common issues (churn, pricing, auctions, marketing/attribution, risk, search) where specific knowledge of how people typically approach the problems would be helpful.

* AI/ML basics and assessment. Again, looking for stuff for someone with minimal ML experience but a strong stats/quant background. 



Also interested in anything you think would be a good direction to pursue. I’m not currently in a hurry, plus the market is miserable, so I’d like to set myself up for a big push next year. I have a substantial amount of PD money I can use as long as it’s started in the next 6 months, so, happy to pay for courses if they’re useful. ",2024-04-05,39,https://www.reddit.com/r/datascience/comments/1bwno6f/upskilling_for_exacademic_with_skill_gaps/
SQL interview,datascience,Should I have expected these questions as for a Data Scientist position?,"Just finished an interview for a Data Scientist role that would be on a team to build an early notification system for a university to help improve student success. I was confident in my ability to identify what factors to include in the system, how to validate it, how to create actionable insights and communicate to nontechnical stakeholders. But where I got tripped up were some of the technical questions, mostly because I never had the experience. Should I have been expected to:

1. Answer how to create a new ETL process? That feels more like a Data Engineer/System question which was not stated anywhere in the job description.
2. Optimize SQL statements? I know SQL and how to use it, but the majority of my work is with Tableau and pulling in extra data sources as needed. 
3. Answer how I would create a database? I built a very small database with mySQL back in undergrad, but that's the last time that I personally built a database. I've always relied on whatever vendor the institution had a contract with.

I know the definition of data scientist varies, but I was just curious if I should brush up on things like this should another data scientist role in higher education come my way...

Here were the posted duties/responsibilities for context:

* Collaborate with stakeholders on data management best practices, ethics, privacy, research, and use of data
* Design and implement data processing techniques for large datasets using a future data warehouse in consultation with campus partners
* Coordinate efforts to collect, clean, analyze, and document data and management processes
* Analyze data to generate actionable insights 
* Communicate insights through visualizations/presentations
* Advocate for data privacy, ethics, and equity",2023-01-20,54,https://www.reddit.com/r/datascience/comments/10h7egm/should_i_have_expected_these_questions_as_for_a/
SQL interview,datascience,What/how to prepare for data analyst technical interview?,"Title. I have a 30 min technical assessment interview followed by 45min \*discussion/behavioral\* interview with another person next week for a data analyst position(although during the first interview the principal engineer described the responsibilities as data engineering oriented and i didnt know several tools he mentioned but he said thats ok dont expect you to right now. anyway i did move to second round). the job description is just standard data analyst requirements like sql, python, postgresql, visualization reports, develop/maintain data dictionaries, understanding of data definition and data structure stuff like that. Ive been practicing medium/hard sql queries on leetcode, datalemur, faang interview sql queries etc. but im kinda feeling in the dark as to what should i be ready for. i am going to doing 1-2 eda python projects and brush up on p-bi. I'd really appreciate if any of you can provide some suggestions/tips to help prepare. Thanks.",2024-09-29,49,https://www.reddit.com/r/datascience/comments/1frv96x/whathow_to_prepare_for_data_analyst_technical/
SQL interview,datascience,First job fresh out of Uni and none of my skills can be used,"So I just graduated from University 2 months ago, and focused on building my skills in data science taking the required courses in Statistics, Machine Learning, Biologically Inspired Computations, and am decent in using Python, SQL, R. With the mindset of breaking into the industry as an Analyst, I spent the entire of the last semester and these two months job hunting. Was met with countless rejections and failed interviews and finally landed a role at a startup as a Data Analyst.

The company had actually just started operations 6 months prior, so I did not have much data to work with. Essentially, most of my time was spent in doing data entry, cleaning their excel sheets, updating their CRM with the cleaned data and creating some Power BI reports. I was recently browsing on LinkedIn and came across Data Analyst Job postings with descriptions that talked about skills in building data pipelines, bringing together data in a data warehouse, manipulating datasets in production environments, technologies and dbs such as Snowplow, MongoDB, PostgreSQL and Neo4j, and just felt so inadequate. Not only do I have no idea where to start, I am also losing knowledge of the ML, Statistics and coding skills I had in college. I do not have any senior at work who has done anything remotely in my field to seek advice from, and just answer to the Business Manager.

Are there any books, websites, YouTube channels, or courses I could pursue in my weekends or free time to learn and develop these skills? I am very thankful I even have a job in this environment, but I fear being behind my peers and having no technical skills in the future at this rate. I don't even mind starting from the very beginning (How to be a Data Analyst/ Data Scientist? Learning Statistics from the basics, etc etc.) to polish my knowledge of this field. I just wanna be in a position where I can vouch for myself and my knowledge when leaving this company for a more competitive environment that actually matches DS. I am open to any and all advice and constructive criticism as well.",2023-09-02,57,https://www.reddit.com/r/datascience/comments/1682utu/first_job_fresh_out_of_uni_and_none_of_my_skills/
case study interview,analytics,ZS DAA Direct case study interview,Anyone here can help me out with the kind of case study/puzzle/ question asked in interview for Zs DAA role. I’ve cleared my assessment test and after that got mail for interview. ,2026-04-12,6,https://www.reddit.com/r/analytics/comments/1sjh5o6/zs_daa_direct_case_study_interview/
case study interview,analytics,Data Analyst business case interview help,"Hi, I will have the third interview for Data Analyst at a big tourism company here in Europe and I'm trying to prepare the best I can. From what I know, this interview will focus on the resolution/analysis of a business case study, I think similar to this (which is great btw): [https://www.reddit.com/r/consulting/comments/95j9ux/sample\_case\_and\_commentary/](https://www.reddit.com/r/consulting/comments/95j9ux/sample_case_and_commentary/)

I'm struggling to find out all possible scenarios and causes for a % change or drop, so I'd love to find more examples. How did you prepare, and what else do you think can be expected?  


Thanks a lot!",2026-02-03,5,https://www.reddit.com/r/analytics/comments/1quuihs/data_analyst_business_case_interview_help/
case study interview,analytics,Interview Bar - Product Case Study and Behavioral,"Product case study is usually a hit or miss for me. I've been doing these rounds for several years.

Before ChatGPT, it's difficult to prepare for these rounds because we'll have to research a lot on the internet. But I've cleared companies like Lyft, Expedia etc. 5 years ago.

Over the last year, I've cleared initial rounds at Meta and DoorDash but failed in the final round. In the recent few months, I've been rejected by several companies mostly in the initial rounds.

I followed frameworks, watched YouTube videos, learnt AB testing and experimentation and used ChatGPT to research about the topics, the company and metrics. Whenever I set up a framework for an answer with appropriate metrics and approach, all I hear from the interviewer is the below:

1. That makes sense.

2. What other factors/drivers or what else can you think of?

Behavioral is about maintaining a STAR format that relates to your personal experiences. It's even difficult now that I get rejected here despite providing a clear cut answer. This used to be a bit simpler many years ago with the exception of Amazon.

Not sure how to go about doing this. Do I need to change something in my approach or is the interview bar that high? What are the interviewers expecting these days for Product Data Science role?",2025-12-13,7,https://www.reddit.com/r/analytics/comments/1pla9py/interview_bar_product_case_study_and_behavioral/
case study interview,analytics,Case interview study tips so I can get a job?,"Yo! Any tips on the magic formula for this amazing data science case interview? I seem to be bombing them by the dozen. In my opinion this seems like some backwards way to hire, because yay you want a hypothesis before I have even done any descriptive analysis kind of goes against everything I learned but what do I know! (only few decades of analysis and a whole ass degree in statistics)",2025-11-16,2,https://www.reddit.com/r/analytics/comments/1oyg7ll/case_interview_study_tips_so_i_can_get_a_job/
case study interview,analytics,First case study for a logistics analyst role - How should I prepare?,"Hey everyone, I could really use some guidance.

I’m preparing for my first case study for a Logistics Analyst role, and I’m not exactly sure what to expect or how to best prepare. I have a background in transportation/logistics and some experience using Excel for reporting and performance tracking, but this will be my first time doing a formal analyst case study as part of the interview process.

Here’s some quick context:

About a year ago, I interviewed with this same company for a Management Trainee role. I was offered the position but ended up declining because it wasn’t a hybrid role. The manager, recruiter, and regional team were so kind and supportive that I kept in touch with them. Fast forward to now. I applied for their analyst role and was immediately pushed to the front of the line after reaching out to one of the managers to give a heads up to my application. The recruiter reached out quickly, I had my first interview with the supervisors, and now I’m moving on to the second interview, which is a case study presentation.

They told me I’ll get the case study a couple days in advance and that they’re mainly interested in hearing my thought process, not just the solution itself.

My questions:

	1.	How should I structure and present a logistics-focused case study?
	2.	What key skills or metrics should I highlight (e.g., logistics KPIs, Excel analysis, charts)?
	3.	Since they emphasized thought process how should I frame and explain my approach?
	4.	Any videos, templates, or case study walkthroughs you’d recommend?
	5.	Anything you wish you had known before your first analyst case study?

I’d really appreciate any suggestions, especially from folks who’ve done case interviews in logistics or operations. 

Thanks so much in advance!",2025-07-11,7,https://www.reddit.com/r/analytics/comments/1lx6k6w/first_case_study_for_a_logistics_analyst_role_how/
case study interview,analytics,Question about analytical case study in second interview (Credit Risk Data Analyst RWA),"Hi,

I’ve been invited to a second on-site interview for the *Junior Credit Risk & Data Analyst – Regulatory Reporting & RWA* role. During the first interview, I was told that the second round will include a paper-based analytical case study lasting about an hour. They also mentioned that having some SQL knowledge could be helpful and that I should review the job description carefully.

I wanted to ask if you have any insights into what kind of case study I might expect — for example, what topics it could cover or what the typical format looks like.

Thank you in advance for your help!",2025-10-15,1,https://www.reddit.com/r/analytics/comments/1o7iqaz/question_about_analytical_case_study_in_second/
case study interview,analytics,Case study rounds for service and product based companies (India) and how do they take place?,"Hi I am about to complete my Masters in Business Analytics. Have Accenture(SDET) work ex for 3 years. Currently skilled in SQL, PowerBI(still learning), Python(numpy, pandas, matplotlib, seaborn), basic ML(Regression, Classification, built masters thesis on comparison of models), AB Testing and ofcourse Statistics(types of tests eg t-test, anova, etc hypothesis testing). I have a portfolio of around 2 projects per topic I mentioned above. I have a few questions:

1) What else can I learn? 
2) Types of interview rounds in service based companies(particularly what are asked in case study rounds)
3) same as question 2 for product based. However I am practicing Root cause questions, measuring success(find Kpi), etc. what other case study topics do they ask usually? 

PS: Do feel free to ping personally if anybody feels I need to improve. Also I hope I can msg seniors over here for some guidance. ",2025-08-21,2,https://www.reddit.com/r/analytics/comments/1mw1tu8/case_study_rounds_for_service_and_product_based/
case study interview,analytics,Case Studies During Interview Process,"
I am a Compensation Analyst II working for a FAANG company - been here about 4.5 years and have been promoted once. I’m currently in the job market and have been fortunate enough to land a few interviews, with two of them leading to right before the final round. In both instances, I’ve felt great and have received strong feedback regarding my experience. 

Case study with company A required me to do a live screen share while working on 4 prompts: the first 3 were very straight forward, basically “show me how you would organize X employees according to Y field.” All 3 of these and used pivot tables and solved them in under a minute. The final question revolved around using IMPORTRANGE, which I don’t really use in my current or prior roles so I suppose I failed this one. Hiring manager decided to move forward with other candidates.

Case study with company B was a one hour timed Google Sheets exercise which was primarily moving (VLOOKUP) columns of data from other tabs in to the main dataset. Caveat being I had to concatenate to add an additional character, simple enough. This was followed by some critical thinking questions around said data. Once again, HM has decided to move forward with other candidates.

I know I’m pretty vague in my details here, but does any one have any similar experiences to this? I’m feeling frustrated that I’m getting glowing remarks during and post interview only to be met with “after reviewing the case study, we’ve decided to move forward with others.” It’s wild to me that I wouldn’t be moving forward with company B after nailing 3/4 questions but missing the importrange one. For company A, I still have access to the sheet and I just do not see anything glaringly incorrect. I’ve automated everything and the cell referencing and formulas all check out. ",2025-03-14,9,https://www.reddit.com/r/analytics/comments/1jbdr89/case_studies_during_interview_process/
case study interview,analytics,Case Study Answer Review - Could I Have Done Better?,"I had a case study for a job interview that I unfortunately did not get and wanted to see if there was anything I could have done better. Below I briefly list out the case study scenario, questions and my answers. Is there anything else I could have done for my answers (such as what analysis to do, data to use, etc.)?

The data was an excel spreadsheet with two sheets – one for a years’ sales on a weekly basis and the other for the prior years’ sales. The items sold had category levels that they fall under – Level 1 (the higher category) and Level 2 (the lower category). For example, a bag of potato chips could be under Snacks for Level 1 and Chips for Level 2.

The questions centered around two marketing efforts done during four weeks in August, where two groups of products were marketed separately – ABC Brand Chips (which consists of 6 products) and XYZ Brand Candy (which consists of 4 products).

The first question was which marketing effort was more successful. The second was what effect each marketing effort has on their respective Level 1 and Level 2 cateogories.

For my answer to the first question, I compared the same 4-week timeframe between the two years to have the comparison as equal as possible. I calculated the percent and dollar change in sales for both product groups to identify which one had the greater increase from one year to the next (i.e. more successful).

For the second question, I did ANOVA calculations to determine how much of a statistical effect the program had on the change of sales from one year to the next (if at all). I ran ANOVA calculations for three scenarios: solely the relevant products for each group, all Level 1 sales for each group, and all Level 1 sales minus the group’s sales. I did the same for Level 2.

I used the results to determine whether either product group influenced their respective levels, along with if there might be other factors influencing the change in sales as well.

Thank you for your help.

  
\*\*\*Edit: Thank you everyone for the advice and kind words. This was a good learning experience and I appreciate you all giving your time to help!",2024-10-06,5,https://www.reddit.com/r/analytics/comments/1fxhdo8/case_study_answer_review_could_i_have_done_better/
case study interview,analytics,Case study question ,"Hello, everyone! I’m new to this world and would really appreciate any advice. I’m in an interview process and have made it to the case study round. Basically I was given a very vague task and an excel of raw data. The data looks at one large customer for a marketplace saas company. The marketplace matches open shifts at company’s and temp workers. The data include basic info about shifts- rate, duration, day of week, eligible workers on platform, if the shift was completed, if there was a no show, how many workers accepted the shift, etc. 

the prompt is two fold: 
1. assess how the marketplace is doing in terms of this customer
2. Assess the data integrity- are there any issues with the data

I’ve analyzed a lot of the data already via pivot tables looking at data by shift and by market for the company. I’m wondering though what are the most important metrics that you would put on a presentation for the CEO? 

I’m also wondering what suggestions you have for assessing data integrity? Just looking for blanks, inconsistencies? What are easy ways to do this in excel? I’ve looked at the duplicates already. 

Thank you so much! Still learning and want to do well/be thorough here. 

",2024-10-07,3,https://www.reddit.com/r/analytics/comments/1fyln3v/case_study_question/
case study interview,analytics,How to prepare for a 90 minute Case Study Interview for a Cargo Company,"Hi everyone , I'm preparing for a case study interview with Accenture on their cargo / shipping division . I come from a Data Engineering background and I wanted to swithc to an ""Analyst"" mindset .

What are the strategies and necessary fundamentals when tackling with a case studies interview that spans about 90 minutes ( the length sounds intimidating to me).

My strategy at the moment are :

1. Shadow method of thinking from Alex the Analyst ( very reputable within this community)
2. Read through George Mount - Advancing into Analytics\_ From Excel to Python and R (2021, O'Reilly Media) to get fundamentals going .
3. Understand Business Needs with reading through Helen Winter - The Business Analysis Handbook\_ Techniques and Questions to Deliver Better Business Outcomes .
4. Possiblity in making a dashboard using Tableau. ( if there is enough time , i would mostly use jupyter notebook since i'm more proficient this way )
5. Go through Cargo Shipping datasets and see what other examples from Kaggle that I can see . ( would help if you guys know a good example of a case study in this dataset)

Would like to get a perspective on this ? what are the possible domains that is necessary for this type of work ? What are other resources should i pull to get the methodology and way of thinking of a Analyst .

Any advice and recommendations especially for case studies with this length of time comes in",2024-08-16,3,https://www.reddit.com/r/analytics/comments/1etkleu/how_to_prepare_for_a_90_minute_case_study/
case study interview,analytics,Best case studies for hands-on practice,"Hi Folks, could someone help me with where you can practice analytics with complex problem statements (along with the data) that you might encounter at work. I've seen a few case studies in the internet, but they always far too plain, and are usually meant for an only introduction to the area/for interviews. Any platform/website/channel recommendations?",2024-04-03,3,https://www.reddit.com/r/analytics/comments/1buwr37/best_case_studies_for_handson_practice/
case study interview,analytics,How do you practice game analytics without having a game of your own with real players?,"trying to move into game data analyst roles. I’ve had two interviews recently — one rejected at the case study, the other at the interview itself — and the common thread was that I clearly hadn’t spent enough time with real player data.

Problem is I keep running into the same wall: there’s nothing to practice on. The public datasets are either synthetic, tiny, or from 2016, and none of them look like what Firebase or GameAnalytics actually spits out.

Would appreciate any pointers, thanks",2026-09-04,18,https://www.reddit.com/r/analytics/comments/1w6pnkp/how_do_you_practice_game_analytics_without_having/
case study interview,analytics,Visier job interview,"I recently had a job interview at Visier. I have passed screening, recruiter and senior manager interviews and they said that there are in their early stages of hiring and they will be get back to me for a final round for case studies. My interview was on Friday. It went pretty good and she told me that the recruiter will be in touch with me, but I haven’t heard back from the recruiter and it’s been less than a week. What should I expect? I felt it was pretty good but when do they usually get back or have anyone had any experience the timing from the senior manager interview to the last stage of interview? How long would it usually take?",2026-06-24,3,https://www.reddit.com/r/analytics/comments/1uel1qb/visier_job_interview/
case study interview,analytics,"Practice resources for predictive modeling, forecasting, and data viz","Hey r/analytics,

I’m interviewing for a Media Data Analyst role and the job description is pretty broad. It mentions building predictive models, visualizations, and forecasting tools to support media buying decisions across Linear and Streaming TV. 

They haven’t specified the tools (Excel vs Python, etc.), but they did start me with an Excel assessment, so I’m thinking that Excel will definitely be a part of the role.

I’m looking for practice resources (courses, question banks, projects, case studies, datasets, GitHub repos - anything) focused on forecasting, predictive modeling, and data visualization

Ideally, I'd also want to look at resources for general analysis skills as well like interpreting data, visuals, etc.

If you have any recommendations for study material, please leave them below. If you need more info, please ask. Thanks in advance!",2026-02-26,1,https://www.reddit.com/r/analytics/comments/1rfkvoa/practice_resources_for_predictive_modeling/
case study interview,analytics,Finance in Manufacturing? What concepts are critical to know?,"Hey Guys,  
I really need help in figuring out how to prepare for this interview, it will be a case study focused on the finance side of things in improving Manufacturing processes. I have to present my findings based on a dataset they will provide.  
  
The industry is food mfg, the job desc mentions financial insights and operational knowledge to create reports, develop business models, and provide recommendations. The goal is to drive continuous improvement.  
Report KPI improvement and the financial outcome. 

I am well versed in analyzing mfg data for improvements, but never did financial analysis based on them. So any help would be highly appreciated!

If you could also give me an idea of what features could be in the dataset, (Planned Downtime, defect quantity??)",2024-12-06,4,https://www.reddit.com/r/analytics/comments/1h86m0h/finance_in_manufacturing_what_concepts_are/
case study interview,analytics,Associate Data Science -1 interview at Paypal,"What should I expect in an HR non video(Teams) round for an Associate Data Scientist role?

Hey all,  

I have an HR round coming up on Microsoft Teams for an Associate Data Scientist position. For anyone who’s been through this recently, what kind of questions should I expect? Mostly behavioral, or do they touch on projects too? Do they bring up salary, relocation, or work authorization in this round?



Also, do companies usually have similar Associate Data Scientist roles within IT, or is it mainly under analytics/business teams?



And what do the \*\*next rounds\*\* typically look like, technical screen, SQL/Python test, case study, or a panel?



\*\*If anyone has interviewed for a similar role, feel free to DM me, would love to hear your insights.\*\*



Thanks!



r/datascience  r/DataScientistJobs  r/interviews  r/careeradviceforall  r/InterviewPrep  r/BigDataJobs   r/leetcode  r/Data_Science_ML_Jobs 



",2025-11-14,0,https://www.reddit.com/r/analytics/comments/1owxusv/associate_data_science_1_interview_at_paypal/
case study interview,analytics,Associate Data Scientist -1  Interview at Paypal,"What should I expect in an HR non video(Teams) round for an Associate Data Scientist role?

Hey all,  
I have an HR round coming up on Microsoft Teams for an Associate Data Scientist position. For anyone who’s been through this recently, what kind of questions should I expect? Mostly behavioral, or do they touch on projects too? Do they bring up salary, relocation, or work authorization in this round?

Also, do companies usually have similar Associate Data Scientist roles within IT, or is it mainly under analytics/business teams?

And what do the **next rounds** typically look like, technical screen, SQL/Python test, case study, or a panel?

**If anyone has interviewed for a similar role, feel free to DM me, would love to hear your insights.**

Thanks!

r/datascience  r/DataScientistJobs  r/interviews  r/careeradviceforall  r/InterviewPrep  r/BigDataJobsr/interviews r/leetcode  r/Data_Science_ML_Jobs 

",2025-11-14,8,https://www.reddit.com/r/analytics/comments/1owwnj0/associate_data_scientist_1_interview_at_paypal/
case study interview,analytics,Recommendations for learning/practice Root Cause Analysis,"I'm prepping for an upcoming interview and one of the areas I really want to get better at is **Root Cause Analysis (RCA)**. I’ve done a bit of it here and there, but I’d love to understand how to approach it systematically—especially from a business perspective.

If you’ve got any **go-to resources** (videos, articles, case studies, frameworks, anything really) that helped you crack RCA questions in interviews, I’d be super grateful if you could drop them here.",2025-04-25,8,https://www.reddit.com/r/analytics/comments/1k7n99v/recommendations_for_learningpractice_root_cause/
case study interview,analytics,Looking for Gold Standard Examples of Qualitative Analysis – Any Recommendations?,"Hi everyone!

I’m putting together a training curriculum on qualitative analysis but I'm struggling to find any open-source examples that showcase the entire process, from raw transcripts to a polished final report.

Most of what I’ve found so far either focuses on specific aspects (e.g., coding or theme development) or skips the detailed steps that tie it all together. I've also found some good open-source transcripts at the Harvard Dataverse. Ideally, I’m looking for resources, case studies, or repositories that document the full workflow: **interview transcripts → analysis → final report**.

What are your go-to resources for understanding and teaching the **complete qualitative analysis process**?If you’ve come across any open-source datasets, published studies, or even personal examples you’re willing to share, I’d be hugely grateful!

Feel free to comment below or DM me if you’re interested in collaborating—I’d love to connect.

Looking forward to hearing your thoughts!",2025-01-25,0,https://www.reddit.com/r/analytics/comments/1i9icrs/looking_for_gold_standard_examples_of_qualitative/
case study interview,analytics,Has anyone used an interview coach? For senior positions ,"I have about 8 years of analytics experience, five years at a senior level in tech.  For the last 4 years I’ve been stuck around the 180k band (two jobs).  I got laid off, but some of the big names have reached out to me.  For Meta I was offered a PGA role three years ago but turned it down, door dash I made it to the final round for PDS and didn’t get an offer. 

I do excellent on the tech screen, I need to improve on the case studies.  I’m confident I would excel in a role there, but in that 45 minute block I’m having issues organizing my thoughts and don’t seem to do great on follow ups.  

Has anyone used an interview coach?  Was it worth it, more than the usual YouTube / articles? I usually do practice interviews with companies that aren’t as high on my list, but pretty tough hiring out there and it’s still self reflective vs direct feedback.  Not sure how many shots I get at this and don’t want to make it a yearly thing. ",2024-10-07,9,https://www.reddit.com/r/analytics/comments/1fyga8s/has_anyone_used_an_interview_coach_for_senior/
case study interview,analytics,help prepping for Sales Analyst panels ,"Hi folks, I have panel interviews this week and wanted some advice from anyone who has experience with these. I signed an NDA and while it doesn’t explicitly state it, it seems like we may touch on internal data and potential future strategies/launches. 

These will take place over 3 days, totaling to 4 hours, with 5 different senior members of their team. So far I’ve completed 2 hour-long interviews that focused on my past experience, knowledge of trends in gaming and game analytics, some technical case study questions, and how I would function as part of the team. My main questions for you all are: 

* What types of questions are generally asked in panels for sales analysts or similar roles, especially in gaming? 
* Are there any technical skills I should practice? For example, could they ask me to do something like open excel, evaluate the impact of pricing changes in the game using multiple regression, and watch me do that in real time?",2024-11-04,8,https://www.reddit.com/r/analytics/comments/1gjperj/help_prepping_for_sales_analyst_panels/
case study interview,analytics,Career Change Next Steps,"Hey all, 

So I wanted to get your input on the possible next steps after having just received a rejection from a job I really wanted right before the final interview. I got further than I initially expected especially for my first interview in this field, I passed the initial screening, the SQL assessment, got past the analytics manager, and I thought my interview with the senior analyst went really well but I just got the rejection email today that I'm not moving to the final round. 

I'm also trying to change my career from a customer experience team lead into data analytics. I've been taking any opportunities I can to utilize SQL and tableau in my current role, and have a few projects on my tableau profile. 

My plan going forward is:

1. Practice harder SQL questions within a time limit since I really panicked under the pressure with this one and was surprised I passed. I think this has to do with my logic being correct for all of the questions when the data engineer and I discussed it afterwards. 

2. Continue to take on projects at work and possibly try to ask for a title change to a customer insight analyst (not sure about this since it would show my hand and my company just fired the VP of data). 

3. Possibly post stories about my ""data journey"" on LinkedIn and create a medium article based on a case study I did. 

4. Search for any possible referral opportunities (not sure about this one). 

I know I've got an uphill battle since I don't currently have an analytics role but I do have a lot of domain knowledge from a variety of B2C companies. 

My question is: Is there anything else I can be doing/areas of opportunity that could set me apart to #1 get my resume seen and #2 get me that initial interview? Especially as I am changing careers. 

Thanks for the help!",2025-04-29,9,https://www.reddit.com/r/analytics/comments/1kb1kz3/career_change_next_steps/
case study interview,analytics,Manufacturing Data Reality. What do these datasets typically look like?,"Hey Guys,  
So I have an interview coming up for a food manufacturing company and they are going to give me a case study on Excel to work on. The job desc is focused on continuous improvement on sugar lvl.  


Does anyone here work in manufacturing and help give me an idea of what a typical dataset could look like?

I would love to start practising on some fake datasets, I asked ChatGPT but it isn't giving the most realistic datasets.

Any help us much appreciated!!",2024-12-01,2,https://www.reddit.com/r/analytics/comments/1h3tpvu/manufacturing_data_reality_what_do_these_datasets/
case study interview,analytics,I need to send a dashboard to a company after several interviews!!," Hello guys,

I've been learning how to use Power BI for a few weeks, and analytics theory, coding, statistics for a few months prior to that. I've been interviewing with a company for a mainly BI related role and after a few successful interviews, they wanted me to just have a glimpse of my skills by sending them ""something"" this Friday. ""Something"", because they were fine with me describing my skills and what I can do in Power BI in a mail, but to stand out from other candidates I would like to go a step further send them a dashboard.

Is it doable within a few hours? What should I focus on? I am kinda lost because it's not a proper case study, so I'm not really sure what exactly to focus on to blow them away.

It's a role in the automotive industry: I'll have to follow up on commercial operations in support of the Marketing department and establish monthly reports to management.

I know my post is a bit vague, but I've been struggling with unemployment for a year and I don't want to mess up.

Thanks!!",2023-04-27,21,https://www.reddit.com/r/analytics/comments/1319eqq/i_need_to_send_a_dashboard_to_a_company_after/
case study interview,analytics,Guidance neeeded: leading bank Data scientist interview in 6 days,"Hello Everyone! 

I have an interview schedule for Data scientist at a leading US bank

Job role requirements: SQL, PYTHON , TABLEAU

my skillset: SQL problem solving( writing SQL queries)

To what I have understand and got the information is that 
The first round will be technical 
Consisting of python ,sql and case studies 

Please guide me on 
1.theoretical and hands on problems for python how I can watch yt videos if any and solve python problems 
2. Theoretical question on DBMS 

Any and all suggestions are welcome",2024-11-18,2,https://www.reddit.com/r/analytics/comments/1guftnv/guidance_neeeded_leading_bank_data_scientist/
case study interview,analytics,Analytics Interview @ Affirm,"Has anyone completed the case study round @ Affirm with the hiring manager? Recruiter has provided a vague description, and wanted to understand how exactly does the case round pan out?

Thank you!",2024-05-07,6,https://www.reddit.com/r/analytics/comments/1cmk6b6/analytics_interview_affirm/
case study interview,analytics,Data Modeling Framework for Interviews,"Doing a bit of studying before some interviews and wondering if anyone has any good resources they'd recommend and / or a structured thought framework they've developed for handling data modeling case studies in an interview? 

Already read through the Kimball book and looked at some YT videos (and maybe it's my search queries, but I couldn't find good ones on YT) but want to check in and see if others have any additional recs.  ",2024-09-30,9,https://www.reddit.com/r/analytics/comments/1ft4vsn/data_modeling_framework_for_interviews/
case study interview,analytics,Analytics Engineering Interview,"I've been given a case study as part of my interview for the Analytics Engineer role. At first glance it seems pretty straight forward. It involves data modelling using DBT with the purpose of taking data from raw to a final dataset to be used for BI and reporting.

They've provided 3 csv datasets and have asked me to deliver the .SQL, .yaml and showcase the lineage graph. That is all fine. The kicker is that they asked to also provide the .CSV file of the final output.

How am I supposed to run a DBT model and SQL files without a database connection? This is really halting my progress on this case study and would appreciate any pointers.

Note: I don't have much experience working with raw data. All my experience comes from working with data that is already processed up to a certain point. Feel like that's what data engineers are for.",2024-10-01,6,https://www.reddit.com/r/analytics/comments/1ftxyd9/analytics_engineering_interview/
case study interview,analytics,2nd round of interview help!,"Hi all,

I had my first round of interview for a CX quantitative analyst. Many of you helped me with first round of interview questions, please help me with what kind of case studies could come up in 2nd round. It will be on site statistical modelling :( They did tell me, I will be given raw data and two problem statements.",2024-09-26,0,https://www.reddit.com/r/analytics/comments/1fpy2n5/2nd_round_of_interview_help/
case study interview,analytics,ZS DAA ROLE,"I have applied for ZS DAA role, I wanted to get material to prepare for the role if someone had it.
Case studies, guesstimates, aptitude etc does someone have ? Previously asked questions also would help.",2024-06-13,3,https://www.reddit.com/r/analytics/comments/1df1uko/zs_daa_role/
case study interview,analytics,"went through a bunch of data analyst interviews recently, big gap between what i studied and what they actually asked","did maybe 7-8 DA rounds over the last couple months and what stuck with me is how little of my prep showed up. spent weeks on hard leetcode sql and algo-style python and almost none of it came up

what they actually tested, in order of how often:

sql live in the call, medium at most. joins, group bys, a window function here and there. the difficulty isnt the queries, its doing it in \~20 mins while someone watches and asking the right questions about the schema first. a couple threw deliberately messy tables at me

then the metrics/case round, which honestly separated the offers from the rejections. ""conversion dropped this month, how do you figure out why"". no memorizing your way through that, you need a way to structure the investigation on the spot

they also had me talk through a past project like i was presenting to a non-technical manager, way more about the why than the sql

and behavioral went deeper than expected, lots of ""walk me through a time you were wrong""

looking back id skip most of the leetcode and just do timed realistic reps. for sql i used stratascratch and dataford, and dataford was the one that also had the case and behavioral practice which is what actually decides these. drilled my case framework out loud till it felt natural. also find the exact format per company first, it changes how you spend that last week

can share the case structure i used if anyone wants it",2026-08-02,186,https://www.reddit.com/r/analytics/comments/1vdn5p8/went_through_a_bunch_of_data_analyst_interviews/
case study interview,analytics,Title: How I Used Data Analytics to Audit an Agency Making 187M DZD (~$1.4M) and Uncovered Major Budget Bleeding (Full Case Study Breakdown) !?,"Hey everyone,

I wanted to share a recent marketing audit I conducted for a travel agency here in Algeria. The agency was doing high gross numbers—over 187M DZD (around $1.4M USD) in a single season across roughly 100 trips. On paper, they were crushing it. But behind the scenes, they were suffering from what I call ""operational blindness""—spending heavily on Meta ads without a clear picture of which segments or seasons were actually driving true profitability.

I extracted their raw data, cleaned it up, and built a dynamic dashboard to isolate the variables (segmenting by quarters, age groups, geography, and family vs. individual targets).

Here are the 3 major insights that completely flipped their marketing strategy:

The Seasonality Flip: ""Individuals"" (youth) peak sharply during off-season months (January & October) to catch low-cost travel deals. Meanwhile, ""Families"" strictly travel during official school holiday windows (March, July/August, and December).

The June Black Hole: Family revenue drops to near zero in June. In Algeria, this is high-stakes national exam season (Baccalaureate & BEM), meaning families freeze all non-essential plans. Advertising to families here is a complete waste of budget.

Families = Higher ROI, Less Hassle: Even though the agency ran fewer family trips (46 vs. 54 individual trips), families generated higher total revenue (99M DZD vs. 88M DZD). The average cart value and profit margin per seat are significantly higher because families buy premium, all-inclusive packages.

📊 Full Case Study PDF & Visuals

I’ve put together the entire breakdown, including the data methodology, the exact dashboard visuals (Q1-Q4 filters), and the strategic recommendations into a clean PDF Case Study.

If you want to see exactly how to turn raw agency data into actionable media buying decisions, you can download the full PDF guide send me massage 

💬 Let's Discuss:

For those managing service-based clients or agencies: How often do you deep-dive into client CRM data before setting up your ad sets? Are you seeing similar strict seasonality traps in your local markets?

Drop your thoughts or questions below—happy to talk shop and share analytics insights!

TL;DR: Agency was grossing $1.4M but burning cash on generic ad targeting. Audited the data, found that families spend more on fewer trips and that June is a dead month due to school exams. Rewrote their media buying playbook based on seasonal data. PDF guide attached.",2026-07-03,1,https://www.reddit.com/r/analytics/comments/1umjpw9/title_how_i_used_data_analytics_to_audit_an/
case study interview,analytics,Can you please review my Business Analytics case study and give me some feedback,"Hello, I have no prior experience as a business analyst. I did this project to add it to my resume and to gain some working knowledge. Please review it and give me feedback. 

https://docs.google.com/document/d/1FqiYyICPOBdUhuHWTlp\_IDSUtJEemrIr/edit?usp=drivesdk&ouid=113323797424049282146&rtpof=true&sd=true",2026-04-11,6,https://www.reddit.com/r/analytics/comments/1sijfnd/can_you_please_review_my_business_analytics_case/
case study interview,analytics,Case study insights,,2026-05-24,1,/r/Innovation/comments/1tl5zwb/case_study_insights/
case study interview,analytics,Upcoming Case Interview at CapitalOne for Analyst role,"Hi! I have mini case interview at CapitalOne for Strategy Analyst. It’s a junior role. I have been given some material for preparation. I live in Canada.

I am wondering if anyone has their interview scheduled in this week or done with them? Please help me, I am bit nervous as this is going to be my first case interview. I haven’t had an interview in 2 months, so I really don’t want to mess it up!! I really appreciate any advice or help. Thank you in advance!!",2025-01-30,0,https://www.reddit.com/r/analytics/comments/1idu8gm/upcoming_case_interview_at_capitalone_for_analyst/
case study interview,analytics,How a mobile SaaS grew 40% by fixing GA4 “hidden” leaks – case study,"As a product analytics lead at a small mobile SaaS, we noticed churn creeping up and conversions dipping. Instead of adding more features, we went back to our GA4 data and found that a handful of key events were mislabeled or missing entirely.



After fixing those events, using GA4’s funnel exploration to see where users dropped off, and reworking our onboarding to shorten time-to-value, our conversion rate jumped by 40% and churn fell. We also used Hotjar and Mixpanel for qualitative insights.



It took me so long to clean up the events that I built a simple script to automatically flag misconfigured events and track core metrics. Friends asked for it, so I made it public at askgaai .com (there’s a space so the URL doesn’t get caught by filters). It’s free and not a get-rich-quick scheme—just something that helped us.



The takeaway: before chasing new growth hacks, make sure your analytics are accurate. GA4’s funnel exploration and cohort analysis can surface leaks and opportunities you might miss. Happy to answer questions and hear your experiences!",2025-08-24,0,https://www.reddit.com/r/analytics/comments/1myq7e7/how_a_mobile_saas_grew_40_by_fixing_ga4_hidden/
case study interview,analytics,Case Study Question: Estimating Market Cap/EBIT and Market Cap for Private Companies,"Hi all - doing a consulting-like question for work and thought a professional's approach would be very useful.

In terms of estimation - if you had to, how would you go estimating a private company's market cap, EBIT and P/E?  
Would it be:

1. Private company's revenue/public parent company's revenye for market cap
2. Industry ebit margin \* revenue for EBIT
3. P/E being proxied with market cap/ebit?

Would love some thoughts - thanks!",2025-06-24,2,https://www.reddit.com/r/analytics/comments/1lj9zbg/case_study_question_estimating_market_capebit_and/
case study interview,analytics,Help me approaching this case study which I'm doing as a part of getting into Sales Analytics,"So, I have beein working in Sales, which my role is to generate the revenue for the company. I have worked for almost 10 years and want to move into Analytics. To begin with, I have working on Sales Data Analysis and came across this project which I'm clueless about it on how to begin with?

>The case study outlines the below instruction.  
Analyse the historic sales performance of Umbrella Corp keeping in mind the various parameters at play viz. Region, Industry, Business and Client, across the 3 Partners. Create a narrative from the trends and insights you identify, highlighting the focus areas for the next 5 years.

>Your supervisor has provided suggestions on questions to be evaluated:

>•The current Region categorization is to be reassessed•

>There will be no change in the Industry prioritization

>•Investments the firm makes to drive growth should be split equally between the 3 alliances

>•Understanding performance by Clients, and understanding alliance performance relative to Firm performance will provide further insights

>

>Additionally, your supervisor has learnt that leadership feels large size deals will be the driver of growth going forward, which she is unsure of. She would like to understand this better and wants you to include this is your narrative

I just want to know the idea on how to begin with? what should be my approach and how can I make a breakthrough.

Data Set is given in the comment",2024-12-26,8,https://www.reddit.com/r/analytics/comments/1hmklur/help_me_approaching_this_case_study_which_im/
case study interview,analytics,Where to practice case studies?,"Hi All,

I think I'm, well versed with data analytics tools, however when I encounter any business problems or case study, I get blank. I really need to work on my problem solving abilities. 

I want to know where can I improve my problem solving ability? Is it through solving case studies (I don't know where to practice it from, please advice me where can I find those) or is there any other course of action that I should take.

I'm transitioning from metadata analytics in a SBC to PBC.

Any help would be appreciated",2025-03-22,9,https://www.reddit.com/r/analytics/comments/1jh86g5/where_to_practice_case_studies/
case study interview,analytics,PSA: Data Analytics job market is very poor,"I don’t want to discourage people trying to make a career switch— but, right now is a terrible time for entry level data analytics jobs and tech in general. You’ll be competing with those who were laid off from prestigious big tech companies amongst many others in smaller firms. 

I was recently laid off in January and have 6-8 years of relevant experience in Analytics, Python, SQL, and R. It’s been a struggle… most of the jobs I’m applying for require 2-3 years of experience and I have received 2 callbacks for jobs out of 100+ applications so far. If your degree is outside of statistics, data science, computer science, or some quantitative / analytics program, (🙋‍♂️) it’s going to be difficult. 

I’m posting this so you can set your expectations if you struggle to find a job at first. If you’re in it for the long haul, awesome— keep your current role and apply like no other. But, I wouldn’t expect it to come easily or in the short term. 

A quick tip: focus on one industry and have case studies you can use relevant to that industry (insurance, healthcare, SaaS, finance, etc.). Most of these companies are looking for experience in their industry. A major part of analytics is understanding the environment you’re operating in— far beyond code and charts. 

There are some other factors, too. On-site jobs are easier to get. Remote work is very competitive, and depending on what state you live in they might not consider you off of that alone. 

I hope this helps shed some light on the current market, I’m free to answer any questions you may have. ",2025-03-06,602,https://www.reddit.com/r/analytics/comments/1j54rwc/psa_data_analytics_job_market_is_very_poor/
case study interview,analytics,Advice needed: Failed a couple analytics case study rounds,,2024-08-26,4,/r/cscareerquestions/comments/1f1iqrh/advice_needed_failed_a_couple_analytics_case/
case study interview,analytics,Sales data analyst case study ,"I have been asked to work on a case study for sales data analyst position for a firm which deals with staffing for nursing homes. They have asked me to give five recommendations to sales teams, providing the graphs and tables from the query I would write along with how I achieved it. I have never work with sales data, any recommendations on what I can focus on? 
",2024-12-02,2,https://www.reddit.com/r/analytics/comments/1h4pjs2/sales_data_analyst_case_study/
case study interview,analytics,"Before and After Facebook Ad Account Case Study ($40 Drop In Cpa After New Creative Testing)
","Hello, everyone. Thank you for all the feedback on my Facebook ad account audit series. 

In this post I will DTC brand's case study before and after implementing just two things, simple ad account structure and new creative testing based on research. 

It's a Jewelry brand that generates around $100k a month. Their AOV is $157.21. Let's dive into their Facebook ad account numbers.

May - Reach - 1.05M, Frequency 2.08, Purchases 237, CPP - $114.73 Ad spend - $27,190,94.

The issue was that they ran the same 15 ad creatives across 17 conversion campaigns. Most of them were advantage +. All of the campaigns had mostly US targeting and some outside CA, and Europe.

When you spread the same creatives in 17 different campaigns testing interests, lookalikes, retargeting audiences, and advantage plus audiences, you will run into a high CPA because, at the end of the day, you almost reach the same people. 

Targeting is not defined by the interest  or lookalike it's defined by the creative.

Now let's look what difference can a month make aka June results.

June - Reach - 1.69M, Frequency 1.97, Conversions 252, CPP $75.63, Ad spend - $19,058.06

If you compare to May months results, we reached 600k more people, with less frequency, got 20 more purchases and with $40 lower cost per purchase while  spending $8k less in ad spend than previous month.

P.S will share the screenshots as well.

So what exactly did we do?

1. Went from 17 campaigns to 9 campaigns. Used on campaign for hero offer, 3 campaigns each of the top 3 best selling products. And the other five campaigns where advertising the hero products for each country seperatly.
 
The products that were sold in the US were not particularly selling in Europe. Using Shopify and Triple Whale data, we chose to advertise the best-selling products in each country..

2. We also tested 46 new creatives during the month. As I mentioned previously, the brand was using the same 15 creatives. We kept only the best-performing creatives and added 46 new creatives to the mix.

Not all creatives performed. Out of 46 creatives that we tested, we only got 8 creatives that we hit our CPP goal and spending amount spend. The rest we turned off. 

In the research we found 2 main desires for the brand: Getting compliments from loved ones and people they admired,  boost in confidence and self worth by gifting themselves a unique set.

When you understand your customers desires not want's that's where you can create ads that are engaging to your customer. 

The question is, why didn't we scale? That was not the goal for the first month, the goal was to lower the cpa to a profitable level test ad desires, ad angles, and creatives that we can use to scale the ad account. 

Plus, now is July; for some industries, it's a quieter month due to consumer behavior.

I will create a following post for this one in the next few months. 

Thanks for reading.

See you in the next one.",2024-07-10,4,https://www.reddit.com/r/analytics/comments/1e01zb7/before_and_after_facebook_ad_account_case_study/
case study interview,analytics,"Case Study with single, unhelpful historic data point","They said it's all about how I think, but this last question confuses me. I am estimating customer use of a repeated campaign. I have the customer count from the last (and only other) campaign - 300 customers.  

The issue: the previous campaign offered a 10% discount. This new one offers **50%**! How am I supposed to forecast what the customer use would be if the data points are so different? I thought about doing a ratio (10/300 = 50/X, so 1,500 customers using it). But that's so literal! I planned to put this answer and a sentence about what other data we would need for an accurate forecast, but that feels wrong. 

Thoughts?",2023-10-30,5,https://www.reddit.com/r/analytics/comments/17jgs9x/case_study_with_single_unhelpful_historic_data/
case study interview,analytics,How to prep for a Pricing analyst/ Rev Management Excel Case study,"Hi Guys. I am interviewing for a rev management role for a food distributor. Is there any excel functions or frameworks I should study. I have already brushed up on Xlookups and if and ifs statements, and condtional formating.   


Is there any advanced Pivot table features I should be aware off. Should I learn VBA? (I don't think I have enough time)

&#x200B;

(background is MFG engineering. I desperately want to transition into a finance/ supply chain role)",2024-02-28,1,https://www.reddit.com/r/analytics/comments/1b1u5bj/how_to_prep_for_a_pricing_analyst_rev_management/
case study interview,analytics,Case studies for learning problem solving.,"I (23) am a part of my mid sized organisation's ( new )  analytics team ( freshers ) of about 5-7. Our company has lot of dataset on patients clinical diagnosis. 
We have been a freshers team and I think we struggle with getting the right analytical mindset of problem solving. 
 Being incharge of a freshers team while myself having a less than 6 months of experience is kinda hard. But that is not the point.. the point is I wanna know how do I make sure me and team learn to analyse, solve and measure analytical problems and ther outcomes.
I thought going through few case studies, of other organisations, which covers issues of analytics/ data science team and how they solved them would give a good picture of how analytics problem solving should go .
I looked up online to find such stories but couldn't come with anything really usefull.
I would like to get few resources that's i can share with my team, or have a understanding of how do I go on about starting to solve our organisation's small analytics tasks.
Engineering part is not a issue for us. We have a great and very supportive engineering team. It's just that, we canot identify the right problem to pick, the right way to solve or find right metrics to use.",2023-02-18,4,https://www.reddit.com/r/analytics/comments/115bfir/case_studies_for_learning_problem_solving/
case study interview,analytics,"Beginners, let's learn together!","LAST EDIT:

Thank you everyone for filling up the form. Most of the people have voted for 
13.06.2024 21:00 CEST or 19:00 UTC 

if the time fits you and you wanna participate - please write me in DM.
If you wanna participate but you are not able to join on this meeting you can also write me in DM, i will invite to the next meeting

https://docs.google.com/forms/d/e/1FAIpQLSfR1rwAMQkD3voKNOkb07t2qhoZUbyFwUFxRgzmMpqv309lYQ/viewform?usp=sf_link



EDIT:

So guys, it’s been a long time since I disappeared with my idea, but was thinking about it almost everyday. What can I say now:

I really want to make a community, and not the place where everyone will be just asking questions, because in this case it won’t last for a long time. I also don’t have much time to handle discord channel of 100 people and check whether it’s messy or not. So I suggest the following:

I’m gonna create small community of people who learn PostgreSQL, Excel and Tableau. Also would be great to see more people who are interested in marketing and business analytics. I will create Slack or discord for that. Before it we I’ll arrange a google meet just to get to know each other and to see what we could do together(you will have to talk;) ). Of course a lot of people won’t come to this meeting, so that’s gonna be a good filtering, and at the end we will have high motivated guys.

All levels are welcomed. Even if you are advanced in data analytics you could be a part of community helping beginners, and who knows, maybe later you could do paid mentorship other tutoring 
Then we just gonna communicate, learn together and make meetings 1-2 times per week. I think that’s the best idea. Cos on my opinion better to have community of 5-10 very motivated people with same interests and who also invest into community building, rather then 100 but everyone with their personal needs.

If this goes well, I plan to make community bigger and we can learn other things as well, but for now it’s like thisSo if you are interested, please fill up this form, so we can arrange the best time for meeting. All other instructions will be there. please also note that I live in Germany, that means that it’s gonna be hard to participate if you for example live in Australia, but we will try to find appropriate time, if it’s possible (form is above) have a nice day!






END OF THE EDIT 


this post for people who started to learn recently data analytics, or for professionals who just want to help learners. Learning together is more fun and productive, so that's why I invite you to connect and learn together. We can make project and tasks together, help each other with problems and probably even make just study sessions together. Of course first we should see how it's working and how comfortable everybody feels, but in general I would love to cooperate in the long term perspective to achieve great results together.

Also if I can gain a lot of feedback from this post, I could create a group where we all can connect)

A bit about me - My name is Andrii and I'm that guy who quit university and study new things alone. I'm pretty young (21) so my working experience not so big: math tutoring and a bit in marketing sphere. I want to learn data analytics and then move to marketing/business analytics direction. It's kinda hard to start career without a degree in AI era, but I'm pretty sure that I will handle it) especially with people who has same interests around

https://docs.google.com/forms/d/e/1FAIpQLSfR1rwAMQkD3voKNOkb07t2qhoZUbyFwUFxRgzmMpqv309lYQ/viewform?usp=sf_link

have a nice day!",2024-06-03,148,https://www.reddit.com/r/analytics/comments/1d70ane/beginners_lets_learn_together/
case study interview,analytics,Consider economic consulting as a gateway to analytics,"Some free advice to consider for college students considering a career in data. Don’t worry about learning data in college, instead study economics, finance, business, etc and THEN:

Economic consulting firms like NERA, Cornerstone Research, Analysis Group, Compass Lexacon, etc will all hire analysts straight from undergraduate, no prior coding skills needed. The bar to get in isn’t “can you code” like other industries but rather “can you think critically and logically. And then you learn good data practices on the job while working on high profile commercial litigation work. Basically calculating the numbers you see in the newspaper “X company agrees to pay Y dollars in damages” using big data

Spend 2-4 years sharpening your data chops and then these firms have outstanding brand reputation at places like FAANG etc.

There’s lots of ways to get into data but this is one I don’t see talked about all that much

Edit to add the why tech companies like to hire from these shops

\- data skills: from day 1, daily use of  SQL, Python, R, Stata, Excel, etc. after a couple years, full E2E ownership of analytics products from data import, cleaning, and analysis (including causal regression analysis, optimization, etc)  
\- the clients are attorneys and the audience for your work is a judge or jury: you need to package complex analysis in a way that’s digestible for non-technical people  
\- the quality bar is litigation stakes: your work has to be so good that it’s admissible as scientific evidence in court. It also has to be so good that an analytics team on the the other side of the case can’t poke holes in it. You get really good at poking holes in your own work and understanding what your analysis can actually say or not say  
\- agility: fast paced, deadlines, competing and changing priorities on multiple projects at once. Tech is fast paced but feels chill in comparison  
\- framework for approaching problems: by approaching questions as an economic problem, you get a deeper understanding of incentives and human behavior that are driving metrics and telling the storyi",2026-09-03,14,https://www.reddit.com/r/analytics/comments/1w6jgvb/consider_economic_consulting_as_a_gateway_to/
case study interview,analytics,Looking for websites with real-world Data Analytics / Business Analytics tasks,"&#x200B;

Hey everyone,

I’m currently working on my Data Analytics / Business Analytics portfolio and I’m looking for websites that provide realistic datasets or business-style tasks to practice on.

I already know about platforms like Kaggle, but I’m looking for something closer to actual work scenarios, such as:

\- Business case studies

\- Excel / CSV datasets with specific questions or requirements

\- Power BI dashboard challenges

\- SQL business problems

\- Sales, operations, finance, or customer analysis tasks

\- Messy datasets that require cleaning, modeling, and analysis

\- Projects where you need to define KPIs and provide recommendations

Ideally, I’m looking for websites where the task/problem is provided along with the data, rather than just downloading a random dataset and trying to invent a project around it.

Any recommendations?",2026-09-17,7,https://www.reddit.com/r/analytics/comments/1wioq9m/looking_for_websites_with_realworld_data/
case study interview,analytics,"Solo junior student analyst, 15 hours a week, drowning in scaling and other issues, how do I even approach this?","I'm a junior data analyst working as a student assistant, 10-15 hours a week, at a startup - alongside my master's in data science. I've been in this role for the last eight months and started noticing these issues around the 4-month mark - back then I always found a solution to these, felt manageable but lately they feel like big red blinking lights I'm not sure how to tackle. I'm the only person handling analytics, supporting both customer-facing dashboards and internal company data, so I feel like I have little to no room for trial and error. I took this job because it genuinely seemed right in my alley - I had so much fun and joy so far in this position, but lately I feel like maybe this is not suited for just one part-time junior. (This is my first time EVER working with real life data and customers, not just example datasets from Kaggle or the Pokemon API.) I don't have too much technical support on the team, as I'm the only analyst in the team yet, my boss is rather customer facing, and he's helping me out with positioning analytics within the company.

Sorry, that's going to be a looong post.

**TL;DR:**

Part-time solo student analyst next to her studies seeking advice on handling customer dashboards (100+ customers) without 1 ground truth data model (due to custom data per customer), looking for advice on:

* **Q1, process:** How to build a solid, repeatable analytics process as a junior when you're constantly context-switching between customers with no time to finish anything properly? What should a general analytics workflow look like?
* **Q2, architecture:** Should I stick with Supabase plus MongoDB Analytics Nodes, or look at something like Databricks, for an ETL and analytics setup that can scale past 100k+ rows per customer?
* **Q3, requirements:** Is it okay that I'm not there when the requirements are discussed with the stakeholders? How to get direct access to stakeholders instead of secondhand requirements, and how to gather requirements well when you do?
* **Q4, AI dashboards:** Is pushing back on AI-generated reports the right call when you can't validate the numbers or maintain the tooling yourself?
* **Q5, internal support:** How to raise the bigger picture with the CTO, and how to find a mentor when you're the only data person in the company?

# 1. Process and prioritization

As I'm solo and part time, I would love to hear some words on how to prioritize and build good habits in this scenario. My documentation right now is nearly non-existent due to lack of time - I'm trying my best documenting how my metrics work in Notion, but it's tedious and slow so I often don't get to finish them. I also don't have a solidified process yet for my tasks, as I rarely have tasks which I can finish fully - I always have a new customer to work with, or I'm jumping to another task unrelated to the previous one. I also can't just push the models into Claude for documentation, as there are some sensitive data in the models. (Like API keys etc.) 

Any good advice on that?

# 2. Architecture and data modelling

We don't have any analytics platform yet in production where I could do my transformations. I have two setups currently:

1. **MongoDB database ETL pipeline → Supabase DB** with the necessary analytics data. This works for smaller customers but tends to be weird when I'm trying to query 100k+ rows (all transformation is done in Power BI, or in Python for analytics not related to customer dashboards).
2. **MongoDB Analytics Node** \- and this is where I tend to fail. Loading the Mongo data into Power BI seems really not handleable and I don't know if there's a better way for it.

Right now I'm handling around 10+ dashboards, but we have 100+ customers, most of them eager for more analytics. Each dashboard uses its own data model, as I couldn't standardize one - our customers have similar but custom data. I have stable analytics skills, but I lack the proper modelling approach and architectural knowledge, I think. This is especially weird when I start building a new dashboard for a new customer based on an already existing one and the model seems to break with the new customer - so I'm not sure if it's my modelling skills or I'm missing something.

# 3. Requirements gathering and stakeholder communication

Our customer success team handles the requirements discussion with customers, then loops me in afterward, so I'm working from secondhand information. I'm not sure if I should be part of that discussion directly. I'm also feeling like stakeholder conversations feel more stressful than internal ones, and I'd like advice on communicating with more ease there.

# 4. AI

As my process is not fully cooked, I've gotten some requests and push towards AI-built reports. So far what I've read about AI-generated but beautiful reports is that they're pleasing for the eye, but from a maintainability perspective I'd be in the same endless loop I'm in now with the Power BI setup. (Also I lack HTML knowledge for that too.) I already pushed back on this idea - I'm not sure how to validate those numbers, and I don't have the skillset to maintain an AI agent for that. Is this the correct approach in my case? I'm not comfortable owning a process where I don't do most of the work.

# 5. Escalation and support

I raised these issues in the past 4 months to my manager, but the answer is that currently it's not a priority to extend our data division. As I see it today, not only my inexperience is the bottleneck, but a proper data setup is missing from the picture, where I don't have to start everything from the ground up every time. I'm planning to get some insight on this from our CTO, but I'm not fully sure how to frame it. Any advice on that?

As I don't have room to fail the way a junior normally would (at least that's how I feel) while learning something new, I'm building things from scratch repeatedly with no technical support internally, and I don't know how to find a mentor who could help me grow into this properly. Anyone up for a mentee? :DD

  


I know that's a hefty, long post, but I've been very fearful to write these down. I don't plan to change jobs, as I enjoy many parts of this role - internal analysis is one of my forté. I simply want some direction and advice from more experienced people, as I lack one currently.

Thank you!",2026-09-16,13,https://www.reddit.com/r/analytics/comments/1wi3fjw/solo_junior_student_analyst_15_hours_a_week/
case study interview,analytics,How can I realistically get my first Marketing Analytics job in the UK?,"Background: Bachelor’s in Data Science + Master’s in Business Analytics (Distinction) from a UK uni. Currently working in sales at BT, trying to move into Marketing Analytics or Consumer Analytics.  
I’m specifically interested in the \*\*marketing + consumer side…\*\*consumer behaviour, why people buy, brand perception, market research, campaign analysis etc.

I’ve done projects around sentiment analysis, consumer perception and market research, but I don’t have paid UK experience in analytics yet.  
I’ve started the Google Analytics course and I’m also considering the Meta Marketing Analytics course.

So my first question is do these actually help on a CV, or are they mostly just nice to have like?  
Also, what kind of projects would actually be worth building for my CV? Ideally something that can show I can do the actual job, not just another generic Kaggle project.

My second question is eould you guys recommend me focusing on:  
Marketing analytics projects / portfolio  
GA4 / Meta / SQL / Power BI etc.  
CIM / MRS or other certifications  
Getting a BA/Data Analyst role first and then moving into marketing  
Something else entirely?

Iknow sponsorship can make things harder and companies may be less willing to take a chance on me. That’s unfortunately not something I can control, so I’m just trying to make myself as employable as possible.

I asked something similar here before but didn’t get much useful advice, so trying again

If you were in my position, what would you actually do over the next 3–6 months to land that first Marketing Analytics role? Honest/blunt answers appreciated.",2026-09-01,3,https://www.reddit.com/r/analytics/comments/1w4505i/how_can_i_realistically_get_my_first_marketing/
case study interview,analytics,Need a mentor to step up in analytics career,"Hi fellas  
I am a mid level experienced analyst with 6 years of experience in analytics.i have worked in domains like fintech ,retail and sales analytics.currently working at uber as an external consultant.  
I feel I should be able to get a lead data /business Analyst kind of role with my level of experience but i sometimes get stuck in case study rounds and sometimes in statistics.  
I am willing to give any amount of time to make this career transition but i have not had correct direction neither a mentor.  
Is there anyone who would like to help me in this journey,even a paid mentorship program if that works .  
I really need to prove something to myself in this phase and would really appreciate any guidance.  
Thanks !",2026-07-29,6,https://www.reddit.com/r/analytics/comments/1v9t8gm/need_a_mentor_to_step_up_in_analytics_career/
case study interview,analytics,Statistics Grad with Ops & Data Experience (SQL/Python/Excel) — Seeking Advice on Breaking the Endless Job Application Loop,"Hi everyone!  
  
I’m a Statistics graduate based in Istanbul, Turkey, with a background in operations, data processing, and process automation.

My technical toolkit includes **Python (Pandas, Web Scraping), SQL, Power BI, Advanced Excel, and relational database logic**. Recently, I worked as an Operations Specialist Assistant where I focused on operational data validation, invoice/reconciliation control, cross-departmental reporting, and automating daily data workflows.

I’m currently targeting **Junior / Assistant roles in Data Analysis, Business Intelligence, Operations, or Procurement**.

However, like many here, I’m running into a wall with standard job portals (LinkedIn, etc.). The response rates are extremely low, ATS filters feel brutal, and applying to hundreds of postings feels like screaming into a void.

I’d love to get your advice on a few things:

1. **CV Positioning:** Since my experience spans both Operations/Procurement and Technical Data Analysis/BI, should I strictly split my resume into two different versions, or combine them into an ""Ops-Analytics"" hybrid profile?
2. **Cold Outreach:** Have you had success reaching out directly to Operations Managers or Data Leads on LinkedIn instead of going through HR portal portals? What’s the best way to frame that message without sounding desperate?
3. **Portfolio & Proof of Work:** For entry-level data/ops roles, what kind of project presentation actually catches a hiring manager’s eye? (Interactive Power BI dashboards, GitHub repos, or 1-page case studies?)

Any feedback, harsh truths, or strategies that worked for you in today's job market would be greatly appreciated!

Thanks in advance!",2026-07-27,2,https://www.reddit.com/r/analytics/comments/1v8clw6/statistics_grad_with_ops_data_experience/
case study interview,analytics,"EDGAR's acceptanceDateTime ends in ""Z"" but for 181 of 808 companies the clock is already Eastern, not UTC","This is a data reliability story rather than a finance one, and I doubt the shape of it is unique to this source.

The SEC's submissions JSON at data.sec.gov gives every filing an `acceptanceDateTime` ending in ""Z"". For a large minority of companies that Z is wrong: the clock in the string is already New York time, not UTC. Read as UTC it puts the filing 4 or 5 hours later than it happened, which in my case was enough to move a row across the 16:00 market close and flip it from intraday to after hours.

So I stopped trusting the JSON and re-read the raw SGML header of each submission instead, where the field `ACCEPTANCE-DATETIME` is always Eastern, and compared the two record by record: 64,827 filings, every 8-K item 2.02 I could pull for 808 companies, 2003 to 2026. The gap between the two stamps is always exactly 0, 4 or 5 hours. No partial offsets, no noise, nothing in between.

What surprised me was the grain. It is not per record:

* 624 companies converted in every single one of their filings
* 181 in none of them
* 3 mixed, and each of those three differs in exactly one filing, its most recent

The unit is the entity, not the row. That is the difference between re-ingesting everything and building a small lookup table, because a handful of records per entity classifies it.

I want to flag how I got that wrong first, because the mistake is the reusable part. I had already published the opposite conclusion, per record, off a sample of 120 entities. The sample was internally clean and the rule it produced was false, because the counterexamples were entities I had not drawn. The fix was not a better test on the sample, it was counting how many cases would have to exist to break the rule and then going looking for them on purpose.

Two caveats worth being precise about.

I cannot find this field documented anywhere on the SEC's API or developer pages, so this is undocumented behaviour that is inconsistent with itself, not a broken contract. ""The API lies"" is a stronger claim than the evidence carries.

And the source repairs entries after the fact. Entities that came back unconverted last week come back converted now. Any snapshot is dated, mine is 2026-09-06, and the three mixed entities differing only in their newest filing is that same lag showing up as a fingerprint rather than as a contradiction. It is also why I am not naming a company as an example: a named example expires the moment the source touches that record, and then whoever checks it concludes the rest is wrong too. The method is the part that reproduces.

To check it against whatever you are pulling: take three or four records for one entity, read `ACCEPTANCE-DATETIME` out of the SGML header, and compare the wall clock against the JSON. If they match, the Z is decoration.

One more, independent of timezones, in case anyone is doing an event study off this field. The acceptance stamp is a ceiling, not the event. Allowing 15 minutes between the press release and acceptance, 8,756 of the 27,227 rows that look like they landed after the close were most likely intraday, about a third of them. The error only runs one way, so a correct time based split survives it, but it is not zero.",2026-09-07,1,https://www.reddit.com/r/analytics/comments/1wa1uuj/edgars_acceptancedatetime_ends_in_z_but_for_181/
case study interview,analytics,which to choose? Data engineering or DevOps?,"hi, 25M. Finishing my MSc in CS, I wanted to study because I love studying. now that I'm about to end it I'm seriously looking for something reliable long term. 

After bachelors I did my job as full stack web dev, a little bit of mobile dev in flutter. Since Ai, it doesn't seem like real work. claude can make whole websites and what remains is just deployment. 

anyhow I continued that job, then switched to junior business  developer side, for the sake of survival/exploration.

I enrolled in MSc because I wanted to do research, which I have done. I have built an Ai structured method for dermatology recognition. and I am proud of it. my thesis will be finished in 6-8 months, that's the university policy although I've finished my work on my end. 

2 years of exploring and hopping from one thing to another, I have come down to these choices: 

data analyst/ data engineer/ dev ops/ cloud engineer. 

because they are the only ones which seem like actual coding jobs other than fully or partially vibe coding. Ai has made programmers lousy, which shouldn't have been the case. 

I made an ETL pipeline to see how data engineering works, I built 3 power BI dashboards to check about data analysis. 

I got into computer science because I wanted to become hacker(kinda old school), but that's what got my interest. Fast forward after graduation, ethical hacking job market wasn't there and low-paying. Cloud engineering/dev ops seemed close to hacking so that's why I'm considering it. 

So what does the community suggest me to choose? 

let me know about your thoughts, considering I'll be with it long term. ",2026-07-27,9,https://www.reddit.com/r/analytics/comments/1v7nmey/which_to_choose_data_engineering_or_devops/
case study interview,analytics,Pandas vs Polars for data analysts?,"I'm still early on in my journey of learning python and one thing I'm seeing is that people don't really like pandas at all as its unintuitive as a library and I'm seeing a lot of praise for Polars. personally I also don't really like pandas and want to just focus on polars but the main thing I'm worried about is that a lot of companies probably use pandas, so I might go into an interview for a role and find that they won't move forward with me b/c they use pandas but I use polars.   
anyone have any experiences / thoughts on this? I'm hoping hiring managers can be reasonable when it comes to stuff like this, but experience tells me that might not be the case and I'm better off just sucking it up and getting good at pandas ",2026-02-23,48,https://www.reddit.com/r/analytics/comments/1rcp6py/pandas_vs_polars_for_data_analysts/
case study interview,datascience,ML case study rounds,"I am asking this from context of interview. In almost every company these days, there is an ML case study round where the focus is on solving a real world case study. Idk if this is somewhat similar to ML system design or not (I think ML system design rounds are different or maybe part of case study round). Can anyone help me with resources to prepare from for this round? I am well-versed with ML theories, but never worked on solving an end to end solution from interview context. ",2025-06-21,56,https://www.reddit.com/r/datascience/comments/1lgvh62/ml_case_study_rounds/
case study interview,datascience,Data Science interviews these days,,2024-08-08,1193,https://i.redd.it/qt6114lpcghd1.png
case study interview,datascience,"To Interviewers who ask product metrics  cases study, what makes you say yes or no to a candidate, do you want complex metrics? Or basic works too?","Hi, 
I was curious to know if you are an interviewer, lest say at faang or similar big tech, what makes you feel yes this is good candidate and we can hire, what are the deal breakers or something that impress you or think that a red flag? 

Like you want them to think about out of box metrics, or complex metrics or even basic engagement metrics like DAUs, conversions rates, view rates, etc are good enough? Also, i often see people mention a/b test whenever the questions asked so do you want them to go on deep in it?  Or anything you look them to answer? Also, how long do you want the conversation to happen?

Edit- also anything you think that makes them stands out or topics they mention make them stands out? ",2025-04-23,51,https://www.reddit.com/r/datascience/comments/1k63zii/to_interviewers_who_ask_product_metrics_cases/
case study interview,datascience,Sharpening Up On Case Studies,I have been interviewing a few months but struggling to get past the first or second round. There are a few things I want to focus on sharpening but I suspect I am not wowing them with my case study responses. Do y’all have any suggested references for broadening bow I am thinking about and responding to these?,2024-04-16,22,https://www.reddit.com/r/datascience/comments/1c5t2td/sharpening_up_on_case_studies/
case study interview,datascience,Technical Discussion & Case Study Interviews,"I have an upcoming interview with the leads of a team at CVS/Aetna and am wondering if anyone has gone through these interviews and what gets asked?

  
Or more generally, how do you best prepare for technical discussion and case study interviews, when you only know generally what the team is and not about what methods they use.

",2024-05-08,6,https://www.reddit.com/r/datascience/comments/1cn3sxg/technical_discussion_case_study_interviews/
case study interview,datascience,Interviewing with hedge funds has been the worst experience of my career,"Over the last year, I interviewed with two well-known hedge funds and one investment firm, and the experiences were strangely similar.

The first hedge fund dragged the process out for months, hinted at an offer, never turned the verbal discussions into anything official, and then sent a generic rejection email. If I wrote out the full experience, people would probably think I made it up.

The second hedge fund had me do an LLM case study and an IQ test, then completely ghosted me.

The third company, an investment firm, put me through multiple rounds ranging from hand-solved probability questions to LLM case studies. I do not mind a tough onsite process, but what bothered me was the sheer breadth of the interviews and the fact that they eventually stopped responding to my follow-ups altogether.

It feels weird that I have had such similar experiences across companies in the same space. Does this say something about the industry, or am I doing something wrong?

Edit: Best part is 2 out of these 3, I never even applied. They reached out on LinkedIn.",2026-05-07,227,https://www.reddit.com/r/datascience/comments/1t6fjf6/interviewing_with_hedge_funds_has_been_the_worst/
case study interview,datascience,Resources to practice case studies for Uber data science interview?," Hi everyone! I'm applying for Uber Data Science internship, and the interview has a case study component, where we try to solve an actual problem facing Uber. I'm wondering where can I find resources to practice solving case studies and generally develop my problem solving skills in that context.",2023-01-21,12,https://www.reddit.com/r/datascience/comments/10hf9s2/resources_to_practice_case_studies_for_uber_data/
case study interview,datascience,"Interview with case study, what to expect?","Hi,

I got an invitation to a second interview for a Data Analyst position.
For the interview they want me to present a case study for which they have provided a csv, my question is what is expected of me?

The csv is a customer satisfaction survey with columns regarding: ""How easy was it to handle the matter?"", ""Did you receive the help you expected?"", ""How satisfied are you with the recieved service?"" and ""How likely are you to recommend us to someone you know?""

During the first interview they discussed data visualisation alot so I feel like that is at least expected of me. Any general points of directions what visualisation and analysis that is probably expected would help alot since this is the first time I've gotten this far in the interviewing process.

Thank you!",2023-02-01,4,https://www.reddit.com/r/datascience/comments/10qw11b/interview_with_case_study_what_to_expect/
case study interview,datascience,ML System Design/Case Study Preparation material,"Hi guys, I recently screwed up a couple of interviews because of not doing as well as I should have on ML System Design/Case Study type questions where interviewers generally give very vague broad questions. I would love to know the kind of framework people follow for it and any material you used to prep for that? Any good articles/books/youtube channels with good content around this would be appreciated. thanks!

Edit:
The kind of questions I'm talking about:

1. Consider you have a software and documentation for that software. You want to give your users the opportunity to ask the software to complete tasks or get help. How would you think about this?

2. Consider you are working with a hospital. Their ICU is overloaded with patients and they want to prioritize who the doctors should look at first. How would you go about building an ML system for this?",2023-02-06,14,https://www.reddit.com/r/datascience/comments/10uu1fc/ml_system_designcase_study_preparation_material/
case study interview,datascience,DS interviews (case study),"Hey guys,

Recently I have been interviewing with some companies for DS roles, and there were many case studies involved. When given the case and not much data (just might be a basic graph), how do you come up with the hypotheses and draw conclusions quickly? The tasks are generally interesting given the time and the data, but having to answer on spot throws me off.",2023-02-14,1,https://www.reddit.com/r/datascience/comments/111xlvi/ds_interviews_case_study/
case study interview,datascience,How to prepare for AI Engineering interviews?,"I am a DS with 2 yrs exp. I have worked with both traditional ML and GenAI. I have been seeing different posts regarding AI Engineer interviews which are highly focused towards LLM based case studies. To be honest, I don't have much clue regarding how to answer them. Can anyone suggest how to prepare for LLM based case studies that are coming up in AI Engineer interviews? How to think about LLMs from a system perspective? ",2025-11-12,20,https://www.reddit.com/r/datascience/comments/1ovf9k2/how_to_prepare_for_ai_engineering_interviews/
case study interview,datascience,Causal Inference Tech Screen Structure,"This will be my first time administering a tech screen for this type of role.

The HM and I are thinking about formatting this round as more of a verbal case study on DoE within our domain since LC questions and take homes are stupid. The overarching prompt would be something along the lines of ""marketing thinks they need to spend more in XYZ channel, how would we go about determining whether they're right or not?"", with a series of broad, guided questions diving into DoE specifics, pitfalls, assumptions, and touching on high level domain knowledge.

I'm sure a few of you out there have either conducted or gone through these sort of interviews, are there any specific things we should watch out for when structuring a round this way? If this approach is wrong, do you have any suggestions for better ways to format the tech screen for this sort of role? My biggest concern is having an objective grading scale since there are so many different ways this sort of interview can unfold.",2025-08-19,34,https://www.reddit.com/r/datascience/comments/1mumd4y/causal_inference_tech_screen_structure/
case study interview,datascience,GenAI and LLM preparation for technical rounds,"From technical rounds perspective, can anyone suggest resources or topics to study for GenAI and LLMs? I have had some experience with them, but then in interviews they go into the depth (eg. Attention mechanism, Q-learning, chunking strategies, case studies etc.). Honestly, most of what I can see in YouTube is just in surface level. If it's just about calling an API and feeding your documents, then it's too simple, but that's not how interviews happen. ",2025-04-09,98,https://www.reddit.com/r/datascience/comments/1jvcz3t/genai_and_llm_preparation_for_technical_rounds/
case study interview,datascience,How much of the ML pipeline am I expected to know as DS?,"I'm prepping for an L4 level DS interview at big tech. The interview description is that we'll be doing ML case studies.

Does anyone have a good framework for how to outline how to answer these questions (how much you predict customer LTV?, how would you classify searches on the site?, how would you predict if the ad will be successful?, etc.) similar to the STAR framework for behavioral interviews?

How much of the pipeline am I supposed to know from the start to the end? Some of my interviews in the past have caught me off guard about some part in the pipeline I didn't think was the DS's job.",2025-03-14,69,https://www.reddit.com/r/datascience/comments/1jb0i8y/how_much_of_the_ml_pipeline_am_i_expected_to_know/
case study interview,datascience,looking for a game plan for structuring job search,"8YOE, data science experience with big Canadian banks. Been applying on LinkedIn for the last 2 months, 0 calls. I'm wondering if it is me or the market.

Looking for a structured approach to applying to DS/ DA jobs both in  Canada & US.



My plan looks like this -

Getting an interview -

1.Shortlist 20 companies to study JD & requirements.

2.Tailor 3-4 resume versions for DS, DA, DS manager, DA manager, BI manager roles.

3.Reach out to 5-10 connections at/above my current level in DS roles every week

4.repeat above for 2 months. 40-80 messages. Aiming for 10% response that might lead to coffee chats

5.understand org structure, interview process, expectations at different levels in the hierarchy. hope they agree to refer you in future.

6. review progress once a month



Prep work -

1.SQL leetcode - looking to solve 5 med every week , 40 -50 by end of two months.

2.Python - refresh basics.

3. Og ml/stats - hypothesis testing, regression, decision trees, bagging/boosting, validation, ml lifecycle structure

4. Case study rounds - not sure how to prep here

any feedback on what I could do better?",2024-07-28,41,https://www.reddit.com/r/datascience/comments/1eefpxg/looking_for_a_game_plan_for_structuring_job_search/
case study interview,datascience,DS w/ 2 YOE (4 in Data) - guide for Big Tech?,"Thinking of beginning the learning journey to prepare for big tech interviews and was hoping to get any guidance on where to focus my time for the next 6 - 12 months. I figure I'll have to brush up on leetcode (python/SQL), statistics, and ML/case studies. 

I also do not have a masters, thinking of doing OMSCS but it will take 3+ years to finish as I would want to take things slow. Wondering what are my odds of getting an interview w/ just a STEM bachelors and actual work experience as a DS working on the entire data cycle (data acquisition -> modeling -> production). 

Any help or guidance would be great, thank you in advance!",2024-08-08,25,https://www.reddit.com/r/datascience/comments/1enl2k4/ds_w_2_yoe_4_in_data_guide_for_big_tech/
case study interview,datascience,How common are LeetCode questions in interviews?,"I am in the interview process due to layoffs since a while now. Recently multiple companies have asked me LeetCode type questions. And I have failed them all.

I don’t know why they are a requirement. It shows nothing about my skills. Rest all my interviews go well but due to this one single round, I fail to get an offer. 

Is this the norm now? I actually dislike even practicing LeetCode questions. I would rather do a take home case study instead.",2023-05-10,31,https://www.reddit.com/r/datascience/comments/13du8gm/how_common_are_leetcode_questions_in_interviews/
case study interview,datascience,"Invited to On-Site Interview *after* ""Final"" Round","I'm relatively new to data science and I've been interviewing with a company for about a month. I've been through a coding test, case study, multiple rounds with members of the team, and what I was told would be a final interview with the head of their team.

A few days later, I received an email saying they'd like to fly me out to their offices. And my travel date would be ~2.5 weeks into the future (which is surprisingly far out, I thought).

Has anyone else been asked on site after a final-round interview? I think that they're either interested in me or buying time while another candidate considers their offer. Thoughts?

UPDATE: They did eventually fly me out to their offices for an interview. I received a formal offer soon after.",2023-01-27,7,https://www.reddit.com/r/datascience/comments/10mqbvd/invited_to_onsite_interview_after_final_round/
case study interview,datascience,I want to learn about business metrics or KPIs that can be developed for different use cases,"I have always worked with classification tasks at my job and due to the nature of the task we always aim for maximum recall. But one thing which I really enjoyed from learning is we don’t share recall to our stakeholders. We develop metrics such as Lift, churn rate across deciles etc.

I want to learn more about such different metrics for different use cases. Especially regression types as I never got a chance to work with them on the job. Unfortunately, I couldn’t find something online related to this. So any resources would be appreciated!

I ask this because recently i had a case study as part of an interview and when I concluded my work with metrics such as Lift they were really impressed and appreciated my work.",2023-05-08,19,https://www.reddit.com/r/datascience/comments/13bn8ja/i_want_to_learn_about_business_metrics_or_kpis/
case study interview,datascience,Thinktanks - Thoughts and preparation?,"Hey nerds,

I'm interviewing for some roles at RAND (Technical Analyst) and Institute for Defense Analyses (DS Fellowship). I'm wondering if anyone else has experience with these or similar institutions and has any wisdom. So far it's been chill, but I haven't gotten a good read on what the process is like; how long, tech interviews, case-studies etc. 

If you have experience, I'd love to hear it.

Thanks!",2024-04-16,1,https://www.reddit.com/r/datascience/comments/1c5nx1x/thinktanks_thoughts_and_preparation/
case study interview,datascience,Recent Uber Data Science interviewees (2023)?,"Specifically, has anyone recently done the Jam Session as part of the Uber Data Science interview process? I know the interview is with the hiring manager. My recruiter told me it's a case study, but the prep pack he provided when I started the process says it's just a chat about background, motivation, and experience. I've already done the recruiter screen and live coding interview.

I'm preparing as though both a chat about experience and a case study may happen during the interview, but it's also tough to know how to prepare for the case study. When I google ""jam session uber"" it's almost exclusively talking about product managers' experiences.",2023-08-09,4,https://www.reddit.com/r/datascience/comments/15mqmhv/recent_uber_data_science_interviewees_2023/
case study interview,datascience,Interview Advice: White Board Interview,"Hi Fellow DS',

Just need some input on a upcoming whiteboard interview, I am through 3 rounds already so really wanna ace this. It's for a mid-size app company. They have informed in advance that it is going to be around a Case-study on Text Classification. 

  
Any inputs from people who conduct these on a regular basis and what sort of answers do you expect from the candidates and what makes candidates stand out ? I am going to revise the concepts etc.  


What else can I do to be prepared well ?

&#x200B;",2023-07-28,4,https://www.reddit.com/r/datascience/comments/15c0lov/interview_advice_white_board_interview/
case study interview,datascience,Booking.com data scientist: flights interview - craft interview,I have a craft interview for [booking.com](https://booking.com) for the flights team. What can I expect for the round and especially in the case study round? Would love some insight from someone experienced in this recently!,2023-09-09,1,https://www.reddit.com/r/datascience/comments/16e59sm/bookingcom_data_scientist_flights_interview_craft/
case study interview,datascience,"Hey folks! I am stuck with my interviews, I can definitely use your advise","I come from with a 5+ years of It experience and 2+ years of datascience experience! Now I am planning to make a move to product based companies and here starts the problem..

Though i have 2 years working in datascience role I am not into solving one particular project, i was working on multiple small projects in bits and pieces. HENCE I DON’T POSSESS ANY DOMAIN KNOWLEDGE.

Now whenever I am going through a JD or interviews they mostly asking for domain knowledge.. and also due to lack of this I am sometimes finding it difficult with case study rounds!

Can you please share your experience with any of the domains you have worked!

Or if you were in the exact situation in your career, how did you handled it?",2023-03-30,0,https://www.reddit.com/r/datascience/comments/126vzec/hey_folks_i_am_stuck_with_my_interviews_i_can/
case study interview,datascience,Retail shelf space optimization problem,"Hello!
I am preparing for a case study interview and would appreciate if anyone can share good resources for space optimization case studies with Python. Internet search didn’t help me with helpful resources.

Although I did learn that linear programming approach is used over ML. I personally have never worked with optimization projects. 

If anyone working in this field can guide me for preparation resources, I would really appreciate it.

Thanks.",2023-02-26,3,https://www.reddit.com/r/datascience/comments/11crhdv/retail_shelf_space_optimization_problem/
case study interview,datascience,Fully AI generated data science mock interview,"hey everyone, sharing this fun project around using LLMs to generate mock interviews. 

its not there yet, but trying to simulate a real case study interview as means to help with interview preparation and answering open case study questions  (and also keep up with LLM landscape).  at the least, hope its an engaging lunch-time read. what do you all think? 

i made it a free daily newsletter so please subscribe if you find it interesting. and please do share ideas to improve it.

newsletter- [https://open.substack.com/pub/sangy/p/online-shopping-behavior-prediction?r=1ecjtr&utm\_campaign=post&utm\_medium=web](https://open.substack.com/pub/sangy/p/online-shopping-behavior-prediction?r=1ecjtr&utm_campaign=post&utm_medium=web)

https://preview.redd.it/8djzffaxpcpa1.png?width=964&format=png&auto=webp&s=c4acbc3e7cf02b67ba9c199a0218cee4b9b188a3",2023-03-22,2,https://www.reddit.com/r/datascience/comments/11yvv2h/fully_ai_generated_data_science_mock_interview/
case study interview,datascience,I have run DS interviews and wow!,"Hey all,
I have been responsible for technical interviews for a Data Scientist position and the experience was quite surprising to me. I thought some of you may appreciate some insights.

A few disclaimers: I have no previous experience running interviews and have had no training at all so I have just gone with my intuition and any input from the hiring manager. As for my own competencies, I do hold a Master’s degree that I only just graduated from and have no full-time work experience, so I went into this with severe imposter syndrome as I do just holding a DS title myself. But after all, as the only data scientist, I was the most qualified for the task.

For the interviews I was basically just tasked with getting a feeling of the technical skills of the candidates. I decided to write a simple predictive modeling case with no real requirements besides the solution being a notebook. I expected to see some simple solutions that would focus on well-structured modeling and sound generalization. No crazy accuracy or super sophisticated models.

For all interviews the candidate would run through his/her solution from data being loaded to test accuracy. I would then shoot some questions related to the decisions that were made. This is what stood out to me:

1. Very few candidates really knew of other approaches to sorting out missing values than whatever approach they had taken. They also didn’t really know what the pros/cons are of imputing rather than dropping data. Also, only a single candidate could explain why it is problematic to make the imputation before splitting the data.

2. Very few candidates were familiar with the concept of class imbalance.

3. For encoding of categorical variables, most candidates would either know of label or one-hot and no alternatives, they also didn’t know of any potential drawbacks of either one.

4. Not all candidates were familiar with cross-validation

5. For model training very few candidates could really explain how they made their choice on optimization metric, what exactly it measured, or how different ones could be used for different tasks.

Overall the vast majority of candidates had an extremely superficial understanding of ML fundamentals and didn’t really seem to have any sense for their lack of knowledge.
I am not entirely sure what went wrong. My guesses are that either the recruiter that sent candidates my way did a poor job with the screening. Perhaps my expectations are just too unrealistic, however I really hope that is not the case. My best guess is that the Data Scientist title is rapidly being diluted to a state where it is perfectly fine to not really know any ML.
I am not joking - only two candidates could confidently explain all of their decisions to me and demonstrate knowledge of alternative approaches while not leaking data.

Would love to hear some perspectives. Is this a common experience?
",2025-06-22,840,https://www.reddit.com/r/datascience/comments/1lhuk01/i_have_run_ds_interviews_and_wow/
ChatGPT interview,analytics,Has ChatGPT made the technical interview process obsolete???,"You get penalized for not remembering syntax, but with ChatGPT I can get a whole Python script for a ML model in seconds and complete whatever task I needed to. Should the focus on the interviews now be different? Test logic, problem solving, stats understanding, etc, and not so much excellent coding memory?",2025-03-02,0,https://www.reddit.com/r/analytics/comments/1j1v1my/has_chatgpt_made_the_technical_interview_process/
ChatGPT interview,analytics,Some considerations for those struggling with the job market,"Not claiming to be an expert, but I think there are some trends I've seen in those struggling in the current job market. Not saying it isn't tough, but if you're a qualified candidate sending out 100s of resumes without luck, I think there are a few key ways you can adjust your search strategy. 

1. Resumes. Your resume is one of the first major barriers to the job process. A common trend I've seen in resumes for more technical jobs is that they become inundated with technical jargon, can be too wordy, and can miss the point. The most important thing your resume should do is *concisely* explain to HR (almost certainly non-technical) not just your technical skills, but also that you can apply those for impactful outcomes in an org. Almost all analysts need to be able to work with non-technical stakeholders, so if a non-technical person can't read your resume in <1 min and understand you how impacted an org, then it probably needs work. (If you are careful about editing, chatgpt can be very useful)

2. Social skills. This can be very difficult for a lot of people (and if you aren't a native speaker this is a huge hurdle!), but working on presenting yourself as friendly, confident, and likeable can be a superpower. This also requires a lot of social context which can be another huge barrier for non-native speakers. If this scares you, the good news is that its a skill you can develop. Networking is a fantastic tool for this as painful as it can be. And if you're a desperate job seeker, a customer facing service industry job can give you some income and a lot of exposure to work on talking with strangers you want nothing to do with and have nothing in common with. 

3. Networking. I hate networking but its one of the most valuable ways to spend your time for career advancement. Building relationships with experienced people in roles you are interested in serves you in a few ways. It makes you known as an interested and engaged professional to potential peers, which can lead to opportunities and preferential treatment if a position comes up. It helps you speak in the same language as other professionals in the field, which makes you an insider in their minds. It also gives you the opportunity to have a better understanding of what career paths seem interesting to you, which can narrow your focus which can help improve yourself as a candidate. I think the easiest way to network (especially if you're a student), is to reach out to people who are in roles you are interested in, and set up a zoom call with them, do lots of research and ask good questions (do NOT ask them for an opportunity), send a follow up note thanking them. Seems simple, but I think a lot of people ignore this out of convenience.  

4. Projects. A common piece of advice for those lacking experience is to develop your skills with personal projects, whether through a current non-analytics role, or just finding a dataset and working on this. A very strong piece of advice is to *find something that interests you*. Work on something fun and if you can't find a data project that you think is fun, then your probably wont like the work. I don't want to work with someone who doesn't like what they do, so show that you are truly interested and engaged with something fun. 

5. Consider the quality vs quantity of applications. Don't just spam out low effort genAI applications and don't spend hours on each cover letter/resume adjustments either. I do it on a scale, if I'm a great fit for the role and its something i really want I'll put the effort in, but I will also throw out quick applications for things I'm less interested in or qualified for. Balancing these can make a big difference and give you more interview practice. Focusing on local, in person opportunities can help too. Also in this market stretch jobs are far less likely to work out, so focusing on roles that match your skills and experience can pay off. 


If you can do all of these successfully, it can make you a much more attractive candidate and make you stand out in the market. If you have the relevant experience and aren't getting any responses to applications, I would bet that your resume or your job search strategy needs work. If you are only interested in remote work or a specific industry, or specific companies, you may need to broaden your search. 

And if you are foreign/international, there is a whole other series of barriers which can make mastering the basics far more important. 

If you think I'm missing something/am full of shit/wrong let me know.",2025-04-03,37,https://www.reddit.com/r/analytics/comments/1jqm5p7/some_considerations_for_those_struggling_with_the/
ChatGPT interview,analytics,Preparing for Interview with Leadership,"I've only interviewed with a few companies and most of them haven't had me do leadership interviews. I asked ChatGPT to give me practice questions and I looked at all of their LinkedIn profiles, but I want to make sure I'm prepared and I wasn't sure what else to do.",2025-03-17,2,https://www.reddit.com/r/analytics/comments/1jd2ybh/preparing_for_interview_with_leadership/
ChatGPT interview,analytics,Is it worth learning python for fixing formatting errors??,"I'm good with excel (in my opinion) and comfortable with SQL, aside from needing to work on Joins a bit more.  
  
My only gripe and weak point is that I despise formatting data columns after doing a bit of cleaning. In excel and SQL it can be a bit tedious, buy python offers very applicable and straightforward libraries that will usually standardize information very quickly.  
  
My hesitation in committing comes from the fact that AI (chatgpt/claud) can usually get the job done with my formatting desires.  
  
If I need addresses formatted? Phones formatted?  
  
I can simply use chatgpt or claud to just write a simple script to format it for me. Using self explanatory libraries.  
  
For example: I used chatgpt to format phone numbers for me very quickly just using the phonenumbers python library.  
  
I've worked on learning a few things myself but obviously I'm not nearly as efficient.  
  
Is this a good idea in your opinion? What considerations would I need to take? For example, what could this mean doing interviews? I've also thought about simply saving python scripts and like hosting them on a cloud service I can use to pull them from. I'm not sure if that would fly in every interview/instnace.  
  
Thank you!",2024-03-31,3,https://www.reddit.com/r/analytics/comments/1bsd2x2/is_it_worth_learning_python_for_fixing_formatting/
ChatGPT interview,analytics,Free Data Analysis Tutorials - You Choose the Topic!,"Hey there!

My name is John and over the last few years I worked as a Senior Analyst at Dell, eBay, and some great startups, and now I want to help this amazing community. TBH, I feel a lot of the free video content is a bit outdated, super long, and boring, and saw some posts asking for some great content on topics you want to learn more about. So before I kick off my next adventure in another role, 

**I have some time left and I'd like to do some free tutorial videos to help you level up in your data analysis journey or nail that job interview process.**

**No matter what your skill level is, I'm here to simplify the complex. I promise to keep it short, simple, and fun! Here's the deal - you get to choose the topics, and I'll create the videos. For example:**

🔍 SQL - Group By, Window functions, you name it!

📊 Excel & BI tools (Tableau, Power BI) - how to build those killer charts and use functions effectively.

🤖 ChatGPT + Analytical tools

❓ Anything else - Got a burning question about data or a specific tool? Shoot!

Just drop your suggestions, what you need or feel is missing and I'll pick the top-voted ones. I'll make some videos and release at least one video every day or two. We're in this together, so let's dive into the world of data and make it a breeze!

Can't wait to hear your ideas 🚀",2023-09-28,29,https://www.reddit.com/r/analytics/comments/16u1lr2/free_data_analysis_tutorials_you_choose_the_topic/
ChatGPT interview,analytics,ChatGPT+ Research Study – Earn Up to $120! Seeking Data Analysts and Scientists,"Pulse Labs is looking for Data Analysts or Data Scientists (with coding skills), for an ongoing ChatGPT+ research study. This study is scheduled to start this week and pays up to $120 and will involve you joining a 60-minute in-depth interview, and then a week or two later, we’ll invite you to share feedback on a new digital product.  


* **Users are required to be in the US.**
* Users are required to have a desktop or laptop computer.
* Users need to have work authorization for the US.
* Users should have access to ChatGPT+/ChatGPT4

If interested, please email us at support@pulselabs.ai with your resume.",2024-01-11,0,https://www.reddit.com/r/analytics/comments/1945mej/chatgpt_research_study_earn_up_to_120_seeking/
ChatGPT interview,analytics,We have new Google Analytics Marketing News & other updates:,"#Top 5 Updates of the Week: 


* Instagram launches Channel Broadcasts globally to all users. 
* TikTok Shop is testing Visual Search. 
* Pinterest Introduces Premier Spotlight Ad  & Travel Catalogues. 
* LinkedIn is killing its three long-time features, image carousels, profile video & clicable links. 
* Youtube lowers Youtube partner program requirements but not completely. 


#Google:

* Google’s first two AI-powered Ad formats are here.  
* Major Looker Studio GA4 connector update adds 170 new fields. 
* Generative AI insights from Google Search Central Event.  
* Google releases new search spam report. 
* Google trials new CTA that takes your customers direct to your website. 
* Squarespace to acquire Google Domains. 
* Google Analytics 4 integration with Adsense announced. 

#Tiktok: 

* Tiktok to invest billions in the Southeast Asia to boost e-commerce business. 
* Tiktok launches new AI Ad script generator for advertisers. 
* Tiktok expands partnership with IAS for brand safety measurements. 
* Tiktok launches “Tiktok Truths” a content series to build user trust in the app. 
* Tiktok launches a new site for Agency Partners to learn more about their offerings. 
* TikTok EU Ad awards return, you can vote for your favourite campaign. 


#Instagram

* Instagram launches music for Instagram notes. 
* Worldwide Instagram, Facebook & WhatsApp outages on friday.  

#Meta : 

* Facebook to launch an inspiration hub for reels creators to find new content ideas & trends to post about. 
* Meta also expands reels bonus program to more creators & adds new monetisation rules. 
* Meta reduces age requirements for VR accounts. 
* Meta and Microsoft sign a new pact to responsibly use AI. 
* Meta rolls out new Bot called Metamate for employees. 
* Third-party dev tools get access to more reels publishing features, your social media schedulers will get better. 



#Twitter: 

* Twitter will start focusing on video & commerce more with new business alignment.  
* Twitter’s New CEO sends out first email to all employees. 
* Twitter announces ability to create DM groups with up-to 100 people. 
* Twitter is testing a Job board feature for organisations. 
* Community notes launched in eight new EU countries. 
* Twitter refuses to pay for Google cloud services. 


#YouTube: 

* Vidcon is taking place next week, Here are the brands doing sponsored events.  
* MrBeast’s latest video broke the record for his most viewed video in 24 hours. 
* This week at Youtube: New updates.  (Available on creator insider YT)

#Agency News: 

* Ogilvy is asking agencies to label AI-generated influencer content.  
* Refinery29 launches Twitch’s first third-party live shopping experience. 
* Terey Crew’s newly launched agency gets two major national clients. 
* Pfizer adds Work & Co. To Agency roster. 

#LinkedIn:

* LinkedIn plans streaming video Ad push.  
* LinkedIn is testing a similar Twitter-like post notification structure. (•

#Reddit: 

* Reddit CEO did a new interview about the new issues on The Verge. 
* Reddit kinda threatens moderators to make communities public or lose access. 
* Reddit moderators start polling audiences about opening or closing the community. Most polls are going against making communities public. 
* Reddit suffered major outages on Friday after all the major reddit protests continuing. 


#Brands & Ads: 

* Smirnoff’s new brand strategy is making a huge spark. 
* Tubi & MISCHIEF storm Cannes with fake movie posters. 
* Cava’s IPO was a huge success, their social media played a huge role in this growth.   
* Kate moss comes back to partner with Diet Coke for the season 2 “love what you love” campaign. 
* PPC experts react to recent Google Advertising changes announced. 

#Microsoft  

* Microsoft corporate vice president of Ads shares new insights on AI Ads. 
* Bing chat tests image recognition & visual search. 


#AI: 

* Snapchat shares early insights on My AI Snapbot. 
* Adobe introduced another huge update to its firefly AI product. 
* Supermetrics introduces ChatGPT integration for Google Sheets. 
* Meta introduced “Voicebox” most developed AI speech generation model. 

#Pinterest:

* Pinterest teams up with Westbrook for holiday season. 

#Marketing: 

* Twitch streamers report their payouts were lowered without warnings. 
* Kellogg will no longer require marketers to have a degree to join the company.
* Google Ads introduces new design. 
* Twitch introduces new “Partner Plus”  tier for creators to share more revenue.


**PS: You can follow me to never miss these marketing updates.**",2023-06-21,2,https://www.reddit.com/r/analytics/comments/14fahwu/we_have_new_google_analytics_marketing_news_other/
ChatGPT interview,datascience,Job Hunting Tip: Practice Interviewing with ChatGPT,"One very useful benefit I found with ChatGPT for job seekers is asking it to serve as a Hiring Manager that asks you questions for the specific role you're interested in.

To help it guide you, you need to provide it with some context based on the job description. For example, you list out the job description to ChatGPT and say that you want to be asked questions on causality and experimentation.

Here's the response from ChatGPT based on the following prompt I provided it after sharing the job description:

===**PROMPT BY ME===**

>I would like you to be a hiring manager. I'll be soon interviewing with you for a Data Science role, and you are going to ask me questions related to causality and experimentation. What are the questions you would ask to test my knowledge?

**==RESPONSE BY CHATGPT===**

Sure! As a hiring manager for a data science role, I would like to assess your understanding of causality and experimentation. Here are a few questions I might ask:

1. Can you explain the difference between correlation and causation, and give an example of each?
2. How do you design an experiment to test a causal hypothesis?
3. How do you ensure that the results of an experiment are valid and reliable?
4. Can you explain the concept of confounding variables, and how do you control for them in an experiment?
5. Can you explain the difference between a randomized controlled trial (RCT) and an observational study?
6. How do you measure the impact of a treatment or intervention in an experiment?
7. Have you worked with any causal inference methods such as propensity score matching or instrumental variables? Can you give an example of when you used them?
8. How do you determine which variables to include in an experiment, and how do you avoid overfitting in the modeling process?
9. Can you discuss any challenges or limitations you have encountered in designing and conducting experiments, and how you overcame them?
10. Can you give an example of a real-world scenario in which you applied causal inference or experimentation methods to solve a business problem?

====

You can ask ChatGPT to provide a summary answer for each. However, I would highly recommend you validate the answers by researching as well as ChatGPT can give confident, wrong answers.

Hope this helps others!",2023-02-13,299,https://www.reddit.com/r/datascience/comments/111h9pp/job_hunting_tip_practice_interviewing_with_chatgpt/
ChatGPT interview,datascience,"When hiring, how would you react if a candidate data scientist used ChatGPT heavily throughout a technical interview/coding session, but did a great job communicating what they were doing and why?","It is the stack-overflow of 2023 and beyond, and will only get better.

Would you penalize a candidate for using a resource like ChatGPT?  Specifically if it made them more efficient, and were able to solve more problems in the same amount of time as someone who used more traditional resources (stack-overflow, google, etc.)

EDIT: to clarify, I want to emphasize my point above where in this case, the candidate needs to be able to describe what they are doing, why it works, pros and cons vs other approaches, etc.  I’m also assuming if they have gotten to the point of an in-person coding technical interview, they have already passed prior interview steps where they have demonstrated foundational knowledge of the field.

Additionally, if you are in the role of hiring and you haven’t deeply probed the capacity of ChatGPT to write effective code given an appropriate prompt, I’d say that is step 1.",2023-03-16,0,https://www.reddit.com/r/datascience/comments/11skvpf/when_hiring_how_would_you_react_if_a_candidate/
ChatGPT interview,datascience,"Preparing for DS job interviews, thought to ask ChatGPT for help. I'm impressed!! :)","&#x200B;

&#x200B;

https://preview.redd.it/8vp545tqklca1.png?width=1245&format=png&auto=webp&s=5badb6cd2903e0aabe7fd544444f5ea147dfa7bc",2023-01-17,0,https://www.reddit.com/r/datascience/comments/10eb3h1/preparing_for_ds_job_interviews_thought_to_ask/
ChatGPT interview,datascience,I investigated the Underground Economy of Glassdoor Reviews,"Online company reviews are high stakes.

Top reviews on sites like Glassdoor and Google can get thousands of impressions each month and are major drivers of brand perception.

Employers know this. And when I come across multiple 5 star reviews left with no cons, or a Pulitzer worthy essay from a former intern, I become suspicious.

These reviews start to resemble 30 under 30 lists: so artificially constructed that you begin to question their credibility in the first place.

The scrutiny around company reviews is well documented; some companies file lawsuits worth over a million dollars to reveal anonymous reviewers that complain about their jobs.

Whilst it's the flashy lawsuits that make the headlines, there also exists an underground economy of company reviews operating quietly every single day.

In this underground economy, some companies pay over $150 to freelancers to try and get a negative review removed. If they want “better” results, they go to the plethora of Online Reputation Management services (ORMs) in the United States that can charge retainers worth thousands of dollars.

The supply of positive reviews exists too. My research led me to find companies, including a prominent Y-Combinator backed startup, that solicit fake positive reviews from online freelancers to improve their rating.

Many of these mercenary fake reviewers, often based in South East Asia, make a full time living doing this, netting over $2,000 per month.

Some of these run such sophisticated operations that they’ve even created their own pricing tiers (e.g $35 per original review, $20 to post an already created review from an email address), a la SaaS offering.

Others operate on a contingency fee agreement model, where they only get paid if they’re able to take a negative review down.

The underground economy of company reviews is well and truly alive. And today we’re going to find out how it operates.

***Note***: For more content like this, [*subscribe*](https://www.careerfair.io/subscribe) *to my newsletter. In a couple of weeks, I'll be releasing my guide to writing a killer resume.*

**Adding reviews**

The barriers to entry for adding fake reviews are much lower than for getting reviews removed, so that’s where we’ll start.

To write an employer review, all you really need is the ability to create an email address. For most sites, you don’t need any proof of employment (say like a company specific email address).

I went on a gig marketplace site and posted a pretty vague post related to wanting to find out more on how to improve a company’s online presence.

Within minutes of posting a gig, my inbox was flooded with proposals:

https://preview.redd.it/esx3904qa20b1.png?width=3064&format=png&auto=webp&s=2ff3a2f8528fee99aabb830f27ea71a7569ebb2e

After a bit of chatting, I narrowed the scope of their services and summarized their rates into the table below:

|Channel|Cost|Timeline|Model|
|:-|:-|:-|:-|
|Freelancer #1|$10 per review|Monthly|Unlimited|
|Freelancer #2|$35 per original review, $20 per already created review|Monthly|Unlimited|
|Freelancer #3|$25 per review|Monthly|Unlimited|
|Freelancer #4|$25 per review|Monthly|10 reviews|
|Freelancer #5|$20 per review|Monthly|Unlimited|
|Online Reputation Management Agency|$300 subscription|Monthly|8 reviews|

Let’s dive a bit deeper into the services that Freelancer #5 offered.

Freelancer #5 explained to me he had been writing reviews for one particular company for the past 4 months now. Each month he wrote them 10 reviews.

&#x200B;

https://preview.redd.it/n1ddox6cb20b1.png?width=2684&format=png&auto=webp&s=5c271d0eec4328cb78d7d2cb85dfffa3f9eb72f8

In another message, he tells me he’s offering the same services to 5 other companies. Doing some quick math:

5 companies x 10 reviews per company x $25 per review = $1,250 per month

Considering the average person in Pakistan earns $150 per month, that’s not bad change at all.

One of the companies that he’s offering his services to includes a Y-Combinator backed startup. I won’t name the company, but here’s what its average Glassdoor review rating distribution looks like:

https://preview.redd.it/2np5b6fdb20b1.png?width=2420&format=png&auto=webp&s=f8cafaa85453b0933a18eb5c30f931b3bb893c46

5 star reviews account for over 77% of the company’s total reviews. Obviously, no one is buying fake reviews that make them look bad.

But here’s the thing: freelancers are getting quite smart when it comes to writing reviews that don’t look too fishy. They tend to do this by spacing the reviews out (so that they don’t come in “spikes” – more on this later) and they also make sure that they’re not always leaving the “cons” section blank.

Don’t get me wrong, if you come across this company’s reviews, it’d be pretty easy to tell they’re quite strange. In fact, I can’t even post some screenshots here because it’d give the company away immediately.

But it would be challenging to conclude that the above company is buying reviews just by analyzing review volume and distribution without actually reading some of the reviews.

The same company is also buying reviews on Google Reviews.

Sidenote: I got curious about how he’s been writing 50 reviews from 50 different emails per month. Would he actually create 50 different email addresses? And what about the IP address – doesn’t Glassdoor flag multiple reviews from the same IP?

One of the freelancers answered my question:

&#x200B;

https://preview.redd.it/g4id2yqeb20b1.png?width=2572&format=png&auto=webp&s=c2a77fdea8834a6d90f02b8b3eb67b3a874f3df2

Moving on – another company that seems to buy fake reviews seems to be having some more trouble. Approximately a month after a freelancer linked me to fake reviews he had written for this company, all five reviews that he had linked me to had been removed:

&#x200B;

https://preview.redd.it/99fdvcgfb20b1.png?width=3116&format=png&auto=webp&s=b7e244529fc62b5c824d925feb61fd2cc16cbfd5

Based on this [Glassdoor webinar](https://youtu.be/3iy0JWOS1gs) from 2018, “if it is found that a user has created multiple email accounts to submit reviews, then ALL submissions from that user are deleted” – so likely Glassdoor’s content moderation team flagged one of the initial reviews and the same freelancer who was writing reviews for that company had all the fake reviews deleted.

So far, it looks like the key to an effective fake review creation strategy lies in:

* Spacing the fake reviews out
* Writing each review from a different IP address (i.e benefit of being part of a team)
* Using language that isn’t an obvious giveaway

On that third point: the reality is that many of these freelancers’ first language is not English.

As an experiment, I turned to everybody’s favorite new toy, ChatGPT, and asked it to write me a positive Glassdoor review:

https://preview.redd.it/8w7cal9gb20b1.png?width=3164&format=png&auto=webp&s=860c39b11c5813e8b7fabdbb038d73c565cc98cf

And I’d say that the above answer was better than 95% of the fake reviews I came across.

**Removing reviews**

The process for removing an employer review usually works like this:

1. You identify one or multiple reviews that you want removed
2. You verify whether the review violates the site's Guidelines, or whether there’s something else about the review(s) that could get it removed.
3. You file an appeal to get it removed.

As an example, Glassdoor’s Review guidelines can be found [here](https://help.glassdoor.com/s/article/Community-Guidelines?language=en_US#:~:text=See%20More-,Review%C2%A0Guidelines,-Millions%20of%20job). Mainly, they forbid mentioning anyone by name who’s not an executive and revealing proprietary or confidential information, amongst a host of other things.

Sounds simple enough right? Well, according to one of the freelancers I messaged:

&#x200B;

https://preview.redd.it/x6s8hsyac20b1.png?width=2036&format=png&auto=webp&s=f86c386f864198dc43faeb41faea378090c20107

After some research, I summarized the different vendors and prices in the table below:

&#x200B;

|Channel|Cost|Timeline|Model|Self reported success rate|
|:-|:-|:-|:-|:-|
|Freelancer #1|$100 per review|3 days|Contingency Agreement Model|100%|
|Freelancer #2|$30 per review|7 days|Contingency Agreement Model|100%|
|Reputation management service #2|$450 per review|21 business days|Contingency Agreement Model|Unknown|
|Reputation management service #3|$1000 per review|Undefined|Contingency Agreement Model|100%|
|Reputation management service #4 Plan 1|$550 per review|5-6 weeks|Contingency Agreement Model|50-75%|
|Reputation management service #4 Plan 2|$300 Subscription + $100 per each review removed|Monthly service|Subscription plan|50-75%|
|Freelancer #3|$20|Undefined|Pay regardless|Undefined|
|Freelancer #4|$500|Undefined|Contingency Agreement Model|Undefined|

As you can see, unlike the fake review generation market, the prices vary quite a bit for getting reviews removed.

At one end, you have freelancers on gig marketplaces that will attempt to remove a review for less than $100. And then on the other end, you have ORMs (Online Reputation Management Agencies) that have multiple employees and more comprehensive packages in place. The one constant seems to be that most companies operate on a contingency agreement model (i.e pay only if review gets removed).

**Analyzing reviews**

ReviewMeta is a site that analyzes Amazon reviews and tells you how many are legitimate. The creator of the site, Tommy Noonan, mentions in an [interview with NPR](https://www.npr.org/sections/money/2018/06/27/623990036/episode-850-the-fake-review-hunter) that the main giveaway that a product is soliciting fake reviews is:

* A large, suspicious flood of positive reviews at the exact same time. For example, a 3 day stretch of time constituting 30% of total reviews.
* Phrases and words that are constantly repeated, especially in the section with no cons
* Brand monogamists (only review products from one company)

Whilst the last two bullets are hard to track, the first can be used to analyze different companies’ reviews and to check if there might be some funky business going on.

After a couple of days, I have the ability to track review volume and review ratings over time for any company that I specify:

https://preview.redd.it/ehcbw2oje20b1.png?width=1653&format=png&auto=webp&s=b448ff35eb9878fbb1686de2fa8cf031e4ed3e05

Let the games begin.

## Voluntary Response Bias

One of the biggest challenges that review platforms face is the Voluntary Response bias.

Research shows many of today’s most popular online review platforms (e.g Amazon) have a distribution of opinion that is highly polarized, with many extreme positive and/or negative reviews, and few moderate opinions.

Think about it: have you ever felt moderately satisfied at your job and thought to yourself, now would be a great time to leave a Glassdoor review? Probably not.

On the other hand, if you’ve had a terrible experience or even just had one thing really flip you off, you might be quite likely to leave an angry review.

Consider when a company goes through layoffs. You’re going to have a flood of angry reviews coming your way and are likely going to experience a “spike” in reviews.

**Note:** Just like the Wall Street Journal’s methodology described [here](https://archive.is/20201016094732/https://www.wsj.com/articles/companies-manipulate-glassdoor-by-inflating-rankings-and-pressuring-employees-11548171977#selection-3965.0-3968.0), I considered there to be a spike if the total number of reviews in the month was greater than three standard deviations above the mean of the surrounding months.

Let’s take the company below. Here’s a graph of of their review volume since Jan 2020, including when they announced one of their first round of layoffs in June 2022:

https://preview.redd.it/n6kd9ejle20b1.png?width=3216&format=png&auto=webp&s=9eea2f3836617feca37eb88b1d3f67c8fa1b6fe2

In June 2022, approximately 19% of this company's 52 reviews were 1 star reviews (compared to an overall average of around 10%). This is what we could call a statistically significant spike in reviews. It also illustrates how the employees most likely to leave reviews are the ones that obviously had a bad experience (i.e getting laid off).

Here’s another company that had a similar spike in negative reviews due to layoffs in November 2022:

https://preview.redd.it/4vcnr1ine20b1.png?width=2408&format=png&auto=webp&s=f3877fb315ccc5d9a9294306a9f86616cb0fabd2

This company had an approximate 20% 1 star review rate (compared to an overall average of 12%) in November 2022, as well as an Avg Rating of 2.96 that month (compared to an overall average rating of 3.73).Unless HR is proactive, their reviews page risks succumbing to an echochamber of negative reviews that can really tilt one way.

**Note:** Glassdoor does state (based on [this video](https://www.youtube.com/watch?v=3iy0JWOS1gs) from 2017) that about 75% of the reviews on their platform are neutral. Their “give to get policy” has helped in keeping the platform from becoming too polarized.

I can understand why HR teams, like the ones that Nader talked to me about earlier, take a proactive stance towards managing their reviews. If they don’t try to control their reputation themselves, then their reputation risks getting controlled by the employees that had the worst possible experience.

## Goodhart’s Law

Goodhart’s law states the following:

*""When a measure becomes a target, it ceases to be a good measure""*

Every October, Glassdoor publishes their Best Places To Work ranking.

In a [report](https://www.wsj.com/articles/companies-manipulate-glassdoor-by-inflating-rankings-and-pressuring-employees-11548171977) that the WSJ did a couple of years ago, they found large spikes in the number of reviews that some companies (e.g SpaceX, Bain & Co, etc) got in September. The logic here is that some companies try to artificially inflate their Glassdoor reviews right before the October deadline.

I decided to revisit some of this analysis with Glassdoor’s 2023 Best Places To Work Ranking.

One of the companies I examined is rated as one of the best places to work in 2023. Let’s refer to this company as FunPlaceToWork.

Here is how their review volume looks like for all of 2022:

https://preview.redd.it/4e656zkqe20b1.png?width=2516&format=png&auto=webp&s=07141a66c56be7a6818efb9b1a4d912ee0021c91

FunPlaceToWork got around 50 reviews in September 2022. Of those 50 reviews, 96% were 5 star reviews.

FunPlaceToWork averaged 12 reviews per month up till then in 2022. Also, in the prior six months, the average percent of 5 star reviews received every month was \~75%.

Both the spike in volume of reviews and the spike in percentage of five star reviews are statistically significant.

I find it strange that Glassdoor’s proprietary algorithm and/or Human Content Moderation team did not find a spike of this nature unusual. If we look at Glassdoor’s eligibility criteria for the award, it’s as follows:

https://preview.redd.it/hag04y7se20b1.png?width=2868&format=png&auto=webp&s=ec2b920e126a8ea42b40d35aaa55d5341e69d022

The goal, according to Glassdoor, is to collect “authentic and unbiased reviews”.

Whilst there’s nothing against the rules for asking your employees to leave you reviews, I find the statistically significant spike of reviews at odds with the goal of collecting ""unbiased and authentic"" reviews (which Glassdoor states is the purpose of the awards).

Glassdoor states that an employer is allowed to ask its employees to leave reviews, but that they are not allowed to “coerce” them. Examples of what you can’t do:

* Offer incentives like Gift Cards in exchange for positive reviews.
* Withholding their reference letter unless they leave you a positive review.
* Anything that leads you to require proof for the employee to show you that they wrote a review.

It is possible to play by the rules (i.e not break any of the above rules) and to still in my opinion not collect authentic and unbiased reviews.

They say that you shouldn’t hate the player but the game – I think **FunPlaceToWork** played by the rules, won fair and square, and that this is simply a perfect example of Goodhart’s Law.

I reached out to Glassdoor ([awards@glassdoor.com](mailto:awards@glassdoor.com)) about the above and this is the reply I got:

https://preview.redd.it/x0dqq39ue20b1.png?width=4800&format=png&auto=webp&s=c0102c963be9486370b340f2f473cbc6650fc48a

**Conclusion**

When I was 22, on an [F1 visa with 3 months to find work](https://www.careerfair.io/job-hunt-story), I didn’t give a damn about bad reviews. I needed a job and I’d sign any piece of paper you put in front of me.

Compare that to someone at the peak of their career, someone with optionality and a multitude of job offers; an “A-Player”, as the experts call it, would absolutely have the luxury of choice and discard a job offer based on bad company reviews.

For most people, the impact of online company reviews lies somewhere in the middle. In marketing, there’s a concept of a “marketing touchpoint” - an interaction with the brand over the course of the whole buying journey.

Company reviews are one of the many touchpoints a job seeker experiences over their interview process. And with the technology industry booming the past couple of years, companies couldn’t afford to slack on any touchpoints, including this one.

After all, when others start to game the system, you’re at a disadvantage if you don’t. The rewards can be quite high. Certainly higher than just trying to be as transparent as possible.

HR leaders are often more incentivized to inflate their metrics than to get honest feedback. Fake review writers have bills to pay. ORMs know that companies are desperate. And the platforms, well, aren’t always paying attention.

The result is a potluck of interests that leads to an underground economy.

One that ends up hurting the job seeker.

\*\*\*

Whew. That took a while (about 3 months in fact). Thanks for reading. For more content like this, [subscribe](https://www.careerfair.io/subscribe) to my newsletter. It's my best content delivered to your inbox once every 2 weeks.",2023-05-15,1159,https://www.reddit.com/r/datascience/comments/13ilm03/i_investigated_the_underground_economy_of/
ChatGPT interview,datascience,Data science interviews are giant slogs still I see,"My department is cutting spend, so I decided to venture out and do some DS interviews and man I forgot how much trivia there is.

Like I have been doing this niche job within the DS world (causal inference in the financial space) for 5 years now, and quite successfully I might add. Why do I need to be able to identify a quadratic trend or explain the three gradient descent algorithims ad nauseum? Will I ever need to pull out probability and machine learning vocabulary to do my job? I’ve been doing this (Causal Inference) work for which I’m interviewing for years, and these questions are not exemplary of this kind of work.

It’s just not reflective of the real world. We have copilot, ChatGPT, and google to work with everyday. Just man, not looking forward to re-reading all my grad school statistics and algerbra notes in prep for these over the top interviews.",2024-02-09,323,https://www.reddit.com/r/datascience/comments/1amuopi/data_science_interviews_are_giant_slogs_still_i/
ChatGPT interview,datascience,Meta E5 ML Experience - Cleared,"Learned a lot form this subreddit so sharing my experience so people can learn from it too.

**Coding rounds** \- It is going to be 2 mids or 1 easy and 1 hard. For me biggest shock was the interviewer asked questions to see if I understand what I am saying or just saying it because I saw on leetcode that is the best option. So try to understand why the solution is working the way it is working and how is the space and time complexity calculated for that solution

**Behavioral** \- I created a story for every meta vision and mission. That covers all meta questions. The main difference I found in meta compared to other companies is the depth of follow ups. The questions were very specific and there were follow up questions on my answer to previous follow ups. I don't think one can lie in this round, they would be caught in the follow up questions easily. Also there was no why meta or tell me about yourself.

**MLSD** \- Alex Xu book is all you need for structure and what ML models to read about. The interviewer will ask technical questions including formula and how the particular thing actually work. So my suggest use Alex Xu ML SD book to understand the format, structure and solutions. Then google/chatgpt the technical part of each step in deep.",2025-03-01,194,https://www.reddit.com/r/datascience/comments/1j17yok/meta_e5_ml_experience_cleared/
ChatGPT interview,datascience,Take home problems during interviews still a thing?,"I conducted my first interview for a data scientist, and at the end of it he asked if there are any take home problems before the next round. We're looking for a mid to senior level person. Are take home problems still a common thing at that level? 

In the age of chatgpt, are take home problems even effective or do you feel it is too easy to game? 

If you've recently done take home problems during your interviews, how complex are the problems and did you feel it was a necessary evil or a waste of time?",2024-07-17,40,https://www.reddit.com/r/datascience/comments/1e56aoa/take_home_problems_during_interviews_still_a_thing/
ChatGPT interview,datascience,Did/do you all have great mentors or peers? ,"Because man this is my first role with the data scientist title and I have no one to go to for questions and guidance as the only data science tech resource on my team.

In fact, after pointing out some issues with my manager with the data and him spending time with me to go through data sources, he knocked points off my performance review for needing help signaling to me that I shouldn’t even go to him for advice. 

Honestly wouldn’t go to him for anything anyway he doesn’t know much. 
",2024-03-26,47,https://www.reddit.com/r/datascience/comments/1bocmkr/diddo_you_all_have_great_mentors_or_peers/
ChatGPT interview,datascience,I asked ChatGPT to estimate how long it would take to complete the take-home assessment I got. The answer was 32 hours!,"The company I'm interviewing with sent me a take-home technical assessment instead of a technical interview. I've never had a take-home before, so I didn't know exactly what to expect, but right away it seemed too much. I know it's an employer's market right now, but even so, the assignment looked too long. There were several questions and each would take me a few hours to work through, so we're talking days here. 

Then I thought, maybe the assignment is not that long and I'm just not a very good data scientist. So I pasted the assignment to ChatGPT and asked how long it would take an average data scientist to complete this. The answer was 32 hours, give or take. That's 4 full working days dedicated to this assignment.

That's insane, right? Even in this market. I understand it's only an estimate (a lot of variables to consider) but it sounds about right to me. It would take me about that long to complete this assignment. 

Thankfully I have another offer on the table, so I feel absolutely no pressure to do this. It's actually kind of funny as I'm contemplating what to do next. Part of me is tempted to do it just to see where this goes. Or just give them ChatGPT answers for every question and see if it gets me anywhere, lol. 

Then another part of me wants to send a strongly worded email on why this is a terrible way to recruit quality candidates. 

What would you do in this situation?",2024-10-08,0,https://www.reddit.com/r/datascience/comments/1fyshfh/i_asked_chatgpt_to_estimate_how_long_it_would/
ChatGPT interview,datascience,Am I really a Data Analyst?,"Hello everyone. It is my first post here, but I read this subreddit nearly each day as a way to understand more about this world. So, first of all, nice to contact you, dudes.

My question refers to the exact nature of the rol I am currently playing in a company. So, let me explain (TL;DR at the end of the post, here just the long explanation):

* **My background**: I'm a Psychology Bachelor, with two Ms. in Criminology and a third one in Methodology and Statistics. Contrary to the majority in my country (studying criminology in Spain is interesting, but it's horrible to find a job with that), I was able to enrole with a Computer Science research team from a very famous university in Spain, where I started analyzing online profiles to participate in research (both from a NLP and a bit of SNA perspective). As I was very very interested on Data Analysis and statistics (I'm not a very good statician, but at least I am really interested on it and happy to learn and study new things), they convinced me to do a PhD in Computer Science (which was focused on that topic, classic NLP and SNA to study social data online). With a lot of effort, I finished it and continued working on Academia till a year ago, when I was so burned out of several things of Spanish academia that I decided to start looking for new jobs. My environment always told me that my profile was quite interesting, but I had lot of problems trying to get interviews, as my profile is, as we say in Spain, ""an apprendice of everything, but master of none"" (I think that, in English, is "" Jack of *all trades*, *master of none* "". But, after a few months, I found a company focused on social data analysis projects that interviewed me and gave me an offer.
* **The original interview + offer**: they interviewed me for a Data Analyst position (nor junior, nor senior). The interview was a first one with HR, asking about my general CV, and then with a team manager and a ""senior"" data analyst. The interview was waaaaaaay too easy. They shared their screen and showed me a dataset on Excel, and asked me very simple things about it (e.g. what can you tell me about this pattern, what would you do to extract information from this couple of variables, how would you deal with missing data, etc). For me, it was a relief, as I've been working a lot at academia and wanted to have something easier to do, at least for some time. I guess they were interested on me, as they decided to gave me an offer (data analyst, 32K€, better salary than in academia, and FULL remote work, which was ideal for me since I prefered to go back from Madrid to a little city in the coast of Spain, with family and friends). I accepted without any doubts, and left academia.
* **The problem: I've been working three months for that company. In the beginning, I thought I would work as ""simple"" dat**a analyst on Excel (in, let's say, more or less ""structured"" projects). However, they told me that, due to my profile, they preferred me to be involved in ""innovation"" projects, which sounded interesting. On those projects, I'm working with a single manager, which is in contact with the client and tells me what type of analysis he wants on the pipeline, which I build in Python, translating every idea he tells me into ""regular"" analysis. For the built of that pipeline, I need knowledge on Python (they did not ask me to test my skills on Python during the interview), SQL (same), NLP (same), SNA (same), a little bit of PowerBI (same) and a little bit of Excel (this was the only thing covered). Also, each time I tell the manager that an analysis is too complicated and there is another way to deal with the idea he has, he always discards my idea and tells me to do it they way he wants. Most of the times, this means a lot of hours wasted, and no apologies. Also, another manager told me that he wanted me to ""guide"" the rest of the data analysts of the company, which are more junior than me, and structure a whole ""data analysis"" department. I thought that meant that I would work as a... lead data analyst? But they told me that was just dealing with internal projects with all the data analysts to improve general analysis for future projects. I said that was OK for me (I know is naive, but is my first data analyst job outside academia and, to be honest, I'm interested on leading a team). However, usually data analysts are required to be involved on company projects 110% of the time (most of the time doing extra hours), and this means that, each time I distribute work among us and we meet in 4-5 days, no one was able to advance on it due to other duties of the company (each manager wants their work to be absolute priority). Also, interestingly, the other data analysts do usually work with Excel and PowerBI, using Python just in rare occassions.

TL;DR: Bachelor in Psychology, 2 Ms. in Criminology, 1 Ms. in Statistics, PhD in Computer Science, low-medium knowledge in Python (most of the time using chatGPT and adapting the code), low knowledge SQL, regular skills with Excel and PowerBI, good knowledge of statistics. In the company, they want me to be ""lead"" without saying I am the ""lead"" data analyst (kind of...informal?), with no clear duties regarding that ""lead"" beyond organizing small projects with the other data analysts to improve the general performance of company projects, and usually dealing with programming, NLP and SNA to adapt the ideas of a manager to ""actual"" analysis into a pipeline.

**So, the question is... am I really a Data Analyst?**

Thank you, and sorry for the extremely long post. Thank for your advice!",2024-05-06,13,https://www.reddit.com/r/datascience/comments/1clqh1h/am_i_really_a_data_analyst/
ChatGPT interview,datascience,Interview Advice - Sales and Marketing Predictive Modelling ,"Its hard as an international to get internships in this market but thankfully I had the fortune to interview for a few F250 companies. 

I seem to be missing out for fine margins. One company team technical lead said that i would be a good fit but since there was just 1  opening, I got referred to another team to apply . This happened quite a few times with others except i wasnt referred to other teams. I prepared for wrong things in that interview. I was able to answer all but it was thinking on spot and  beating around the bush which definitely didn't help . Someone who knew it would sound more sure and knowledgeable and will get the edge .I know where i could have improved :( 

This maybe my last opportunity to bag summer internship this year.   I want to give my best and try to leave no  stone unturned.  

It would be great of someone with experience in predictive Modelling in sales and marketing can tell me about some work done and commonly used questions / techniques. I did google and chatgpt but some real world / production level insights and some commonly used models and methods MLOps of this domain would help me a lot. 

Appreciate your support in the above matter ",2024-04-16,6,https://www.reddit.com/r/datascience/comments/1c5b5xz/interview_advice_sales_and_marketing_predictive/
ChatGPT interview,datascience,Curious to hear everyone's approach here: how would you approach a task to analyse a document containing qualitative and quantitative data using data science methods?,Go into as much or as little detail as you like! Interested to see how people's approaches differ.,2023-02-01,0,https://www.reddit.com/r/datascience/comments/10qxqbh/curious_to_hear_everyones_approach_here_how_would/
ChatGPT interview,datascience,Preferred Technical Interview Method,"Whether hiring manager or candidate, which of the following methods do you prefer as means to vet technical experience and potential?

Each of these have a flaw, but I want to get a gauge of what other methods exist for vetting candidates.

Recently, my team have found that a couple of the candidates have been cheating during their technical phone screening using ChatGPT/friend to answer questions. However, when we invited them onsite and asked them the same questions, their response was vastly different and incorrect. What's sad is most of the cheaters that our recruiters vetted were ironically coming from top nearby firms (MANGA), and I cannot believe how they managed to work at those firms if they cannot answer data related questions. This includes a candidate who failed to do a simple aggregate function in SQL (e.g. getting the average number of customers that used the app in a given month).

Our operation is in the SF Bay Area, and we've been receiving around 500 applications per week. Given the competition, the recruiters have been vetting based on years of experience, immediate past company experience and keyword matching. 

Given this scenario, how would you vet candidates effectively given the sheer volume of candidates?

[View Poll](https://www.reddit.com/poll/14xw6ql)",2023-07-12,3,https://www.reddit.com/r/datascience/comments/14xw6ql/preferred_technical_interview_method/
ChatGPT interview,datascience,CodeSignal (DS framework),"Hi all,

I recently received a codesignal assessment and it’s proctored. 

I’m panicking because I suck at live coding interviews and at work I usually google answers. I have good strategy but bad at remember coding. 

Any tips? Are all codesignal assessments proctored? How much can I google? 

Thanks",2024-02-05,0,https://www.reddit.com/r/datascience/comments/1ajirir/codesignal_ds_framework/
ChatGPT interview,datascience,Trying to become an ML engineer,"Hello!  
I'm graduating in 9 months with a bachelor's in mechanical engineering and want to switch over to become an ML engineer.

It's my summer break now (3 months) and I'm want to work on real-world projects to gain experience and to expand my domain knowledge as well as technical skills.

Is there anyone looking for someone like this? And is there any advice you would give me? Any advice is appreciated (:",2023-05-18,2,https://www.reddit.com/r/datascience/comments/13l9bec/trying_to_become_an_ml_engineer/
ChatGPT interview,datascience,Does anyone know any tools that helps people convert their python code into streamlit apps?,"I am a data scientist. I usually build ML models and convert them into streamlit apps. Does anyone know any tools that helps automatically convert my python/ML code into streamlit app so i can save the hassle.

&#x200B;

&#x200B;",2023-10-04,0,https://www.reddit.com/r/datascience/comments/16zgo76/does_anyone_know_any_tools_that_helps_people/
ChatGPT interview,datascience,Big rec sys interview coming up. What topics to prepare?,Applied for an engineering-heavy role. Got an interview that will focus on recommender systems. Don’t know too much about them TBH. What are the critical topics and competencies that I should be familiar with heading into the interview?,2023-09-28,2,https://www.reddit.com/r/datascience/comments/16u6ps0/big_rec_sys_interview_coming_up_what_topics_to/
ChatGPT interview,datascience,What is numerical value supposed to be?,"Hey guys! I had an interview for data analyst position, even though that's not my main branch ( studied statistics long ago ) but now I'd like to learn the stuff I didn't know.  
  
The question was to find unique row values on 3 data sets and to display it as a single numerical value. So I just found unique rows for all 3 columns thinking that's the question since it explicitly says unique values on these 3 columns. That was wrong answer.. and Google and ChatGPT don't show anything useful",2023-08-19,0,https://www.reddit.com/r/datascience/comments/15vktil/what_is_numerical_value_supposed_to_be/
ChatGPT interview,datascience,Skills assessment interview,"So I got to the second part of the interview for a data analysis position that will be analyzing data to see trends and behaviors that have to do with mass incarceration, immigration and other issues. I’ll be taking the assessment using R but I’m a little nervous my R skills aren’t up to par. I’m a bit out of practice and I really want this job. Does anyone have any suggestions or tips. It is a take home assignment",2023-03-09,1,https://www.reddit.com/r/datascience/comments/11mi17b/skills_assessment_interview/
ChatGPT interview,datascience,Help us understand how companies use ChatGPT Code Interpreter (2mins),"We have prepared a short survey about how you use ChatGPT and ChatGPT Code Interpreter with sensitive data. It will only take 2-3 minutes of your time. Please visit the link below to answer 5 questions:

[https://www.ai-interview.co?id=5575382624476](https://www.ai-interview.co/?id=5575382624476)

Your participation would greatly help us understand how to better support this community. Thank you!",2023-07-24,0,https://www.reddit.com/r/datascience/comments/157ukj1/help_us_understand_how_companies_use_chatgpt_code/
AI tools interview,analytics,[Academic] Participants Needed: Research on the Experience and Use of AI in the Workplace,"Participants Needed: Research on the Experience and Use of AI in the Workplace

Are you a knowledge worker whose organisation has integrated AI-powered tools?

As part of my MSc. in Organisational Psychology dissertation at Birkbeck, University of London, I am conducting a qualitative study exploring how the experience and use of AI systems (e.g. generative AI assistants, automated talent screening, or algorithmic productivity analytics) influence employee well-being, productivity, and job satisfaction.

**I am looking to interview individuals who meet the following criteria:**

* Current knowledge worker (e.g. analyst, project manager, consultant, strategist, etc.) within any organisation globally.
* At least 5 years of professional work experience.
* Working in an environment that has adopted AI-powered tools into regular operations.

**What does participation involve?**

Participation is entirely voluntary and involves a single, one-to-one virtual interview via Microsoft Teams lasting approximately 60 minutes. We will discuss your personal experiences of how these technological changes shape your workload, efficiency, and well-being.

All data and shared insights will be kept strictly confidential, completely pseudonymised, and utilised solely for academic purposes.

If you meet these criteria and are interested in participating, or if you have any questions, please contact me directly at mmicha09@student.bbk.ac.uk.

Thank you for your time and for considering contributing to this research field!",2026-06-14,1,https://www.reddit.com/r/analytics/comments/1u5qcgl/academic_participants_needed_research_on_the/
AI tools interview,analytics,Analytics Mentor Idea Feedback,"Hey everyone, I’m working on a new service called **Analytics Mentor** and would love your feedback:

**The Pain Point**  
Lots of people struggle to land their first analytics role—whether you’re just starting out or transitioning from another field, it’s hard to know what to learn and how to position yourself.

**The Proposed Solution**

* **Free Content & Articles** (e.g., “Awesome Analytics Series,” “Top Skills to Land Your First Analytics Job”)
* **Premium Tools** for subscribers (resume/LinkedIn reviewers powered by AI, interactive skill quizzes, AI mock interviewer)
* **Resources** like resume templates and blog templates to help you showcase your work
* **Guides** on everything from SQL basics to choosing the best visualization tools, plus step-by-step advice for landing interviews
* **1:1 Coaching Sessions** (mock interviews, resume reviews, career-path discussions)

Does this sound useful? Would you pay for tools and coaching that help you break into analytics? Any features you’d add or change? Thanks in advance!",2025-06-01,0,https://www.reddit.com/r/analytics/comments/1l0blye/analytics_mentor_idea_feedback/
AI tools interview,analytics,Leetcode tests during interview ,"Dear community, 

I have a question regarding to the interview process? How many of you were asked to do leetcode or some complicated coding tests during an interview? What is the best way to practice for them?

My background is in finance/consulting. I have a good understanding of how to solve business problems. Now I work as a data analyst and ai tools help me enormous how to implement what I want to implement. So, my coding is not that good, still learning. I would like to relocate to the US and how much attention should I put on practicing coding/leedcode practice? Thanks in advance!",2024-09-07,12,https://www.reddit.com/r/analytics/comments/1fb1i5v/leetcode_tests_during_interview/
AI tools interview,analytics,Upcoming Interview for Associate Analyst - Data Governance,"I have my interview scheduled soon for this position. This role is for undergraduate candidate from INDIA. I’ve been doing SQL interview questions on hacker rank and Leetcode but if someone has some insight on what types of questions will be asked, I would really appreciate it!

some point from Job description

* **Data Quality Management**: Conduct data profiling, analysis, and quality assessments using tools like Informatica, SQL, PL/SQL and MSFT Excel analytics. Implement data cleansing, linking strategies, and automate processes using AI/ML.
* **Stakeholder Collaboration**: Engage with Data Stewards and Business Stakeholders to address data quality issues, prioritize resolutions, and ensure compliance with data governance standards.
* **Documentation & Improvement**: Maintain data dictionaries, document business rules, perform root cause analyses, and drive continuous improvement through periodic assessments and gap analyses.",2024-12-28,0,https://www.reddit.com/r/analytics/comments/1ho4bf9/upcoming_interview_for_associate_analyst_data/
AI tools interview,analytics,Analytics Career Progression,"Data science career progression, go for PGD Business Analytics (IIT B or IIITB), or learn on own

Hi. I am a working professional with 8+ years of experience in analytics (expertise in multiple tools). My_qualifications B.Tech from NIT. I am looking for a job switch as my growth and salary have stagnated, but honestly on various job boards, I have been unable to fetch even an interview. I am seeing lot of job profiles asking for ML (and some AI) and statistics. I have never had a certification in statistics. Higher management roles require MBA/ PGDM. Now I am exploring 3 options:

1. IIT B newly launched ePGD in AI and DS. It has got statistics as well in curriculum. It is an extensive 18 months course but the good part that it is online.

2. Similarly IIIT Bangalore with upGrad is offering Executive PGD in AI and DS. 12 month course, seems to have best reviews among other 12 month programs.

3. Learn stuff online on own and get certifications on Edx, coursera or Udemy. Tutort DS program seems legit too.

Now, first 2 options give me a degree (kind of certification) which I am reading online is not considered as an eligible degree by employers.
I can’t do MBA at this point of time, and I feel I won’t be able to do it later as well due family and MBA programs taking 2 years and so much money.

What is the best way to take my career forward?",2024-12-17,3,https://www.reddit.com/r/analytics/comments/1hg58de/analytics_career_progression/
AI tools interview,analytics,What AI tools are you actually using to turn analysis into presentations?,"I’m curious what people are actually using at work to turn analysis into a presentation.  
Not just generating slides from a prompt, but things like turning findings into a story, creating charts/visuals, cleaning up slides, or adapting a deck for stakeholders.  
What tools have actually been useful for you?",2026-09-09,8,https://www.reddit.com/r/analytics/comments/1wbu9i3/what_ai_tools_are_you_actually_using_to_turn/
AI tools interview,analytics,What lesser-known AI tools are actually saving you time at work?,"I’m not referring to mainstream LLMs like ChatGPT, Claude, or Gemini.

I’m genuinely interested in knowing which AI tools you use in your daily workflow that truly optimize time and improve output — especially tools that are not widely discussed.

For context, I work in data/analytics. I’m looking for tools that:

* Automate repetitive workflows
* Improve data cleaning or transformation
* Help with reporting, dashboards, or insights
* Integrate well into existing stacks

Not hype, real tools that you consistently use and would recommend.

What’s in your stack right now and why?",2026-02-18,39,https://www.reddit.com/r/analytics/comments/1r8cjwb/what_lesserknown_ai_tools_are_actually_saving_you/
AI tools interview,analytics,Best ai tools to actually land a job,"Looking for some genuinely useful AI tools that can actually help with landing a job, not just the usual ChatGPT/Gemini stuff 😭 Also open to any advice, certifications, or resources that you guys feel are actually worth doing.",2026-09-05,6,https://www.reddit.com/r/analytics/comments/1w81nbt/best_ai_tools_to_actually_land_a_job/
AI tools interview,analytics,Technical Interviews where AI is allowed,"I recently had a technical interview where I was encouraged to use AI to solve an analytical question. The question was trivial enough that the AI agent I was using could one-shot a solution. Little to no prompt engineering/steering really needed. I felt like there was very little signal I could give and then as we walked through the outputted analysis, I just had the thought of what's even the point of this technical? I don't quite get what's being tested when the use of AI is allowed during technicals? Any opinions on how your company assess candidates for their technical skills when AI is allowed? 

  
This is the first time I've had interviewers encourage me to show how I use AI to solve analytical problems. And I'm just like ya it can essentially do everything I can do, but faster and more exhaustive. I'm just here to vet the input data and the results. Feels bleak",2026-07-13,18,https://www.reddit.com/r/analytics/comments/1uvsiek/technical_interviews_where_ai_is_allowed/
AI tools interview,analytics,Best AI tool currently to analyze data of a small business,"
I run a small business (5 employees) and i need to analyze business data such as revenue streams, largest customers, where revenue is , why costs are rising etc. 

I have been using chatgpt and it's okay. When Gemini 3 came out, I tried it but found it inferior to chatgpt. Lately there have been a lot of model updates so I'm not sure which are the most useful one right now.

Would be great if it can give me recommendations too. Chatgpt for example can give me recommendations of what to do, even based on the info it searches on the internet

",2025-12-30,3,https://www.reddit.com/r/analytics/comments/1pzcd9k/best_ai_tool_currently_to_analyze_data_of_a_small/
AI tools interview,analytics,Are any AI Analytics Tools Actually Good? ,"Like are you using analytics tools with built in AI, or just giving ChatGPT, MS CoPilot, or some other model access to your data? If you are using an AI is it sanctioned by your company? ",2025-01-02,24,https://www.reddit.com/r/analytics/comments/1hs5fp8/are_any_ai_analytics_tools_actually_good/
AI tools interview,analytics,Custom channel groups vs dedicated tools for AI traffic what's your setup?,"I've gone back and forth on this. You can technically build custom channel groupings in GA4 to catch AI referrers, but maintaining the regex as new AI tools emerge is annoying. Started using  instead which handles the mapping and updates automatically. The big win was realizing I had significant Perplexity traffic I wasn't counting at all. For those of you doing serious analytics work  are you handling AI traffic attribution natively in GA4 or using something external? Wondering if the DIY approach is worth the upkeep.",2026-05-14,1,https://www.reddit.com/r/analytics/comments/1tcpgka/custom_channel_groups_vs_dedicated_tools_for_ai/
AI tools interview,analytics,Building an AI tool to free analysts from constant repetitive ad hoc requests — is this a real problem or am I wrong about the market?," am a co-founder who is trying to build in the AI Analytics space from India. I have spoken to many people so far and here's the pattern (of the problem) I am seeing -

`The problem of 'analyst bottleneck' - Companies have several complex dashboards. Even then, business leaders still wait hours to days for data related answers while analysts get buried in adhoc requests.`

`I am working on a way to enable non-technical team members get answers to their repetitive (often simple for technical team members) questions themselves and build their own dashboards. Analysts still own the complex work and can focus on it fully instead of fielding constant repetitive requests.`

The feedback from some leaders has been great (some are even paying for it) but I have not been able to see the pull that I need.

Note: Investors say that this market is crowded but I feel that there's still a lot of potential because its very early and hence there's great opportunity because there isn't a very big market leader yet. That's why I am building here.

**I’d love your honest thoughts:**

1. If you're an analyst, does the idea of ""AI-powered self-serve"" make you excited about solving your problem of ""too many repetitive questions to answer""?
2. If you're an leader, does this idea of ""AI-powered self-serve"" make you excited about your stakeholders having a way to get their data questions answered quickly so your team focuses only on complex analysis?
3. Are you already using a tool that does this perfectly? If not, why hasn't the ""standard tool"" emerged yet?
4. Any other thoughts with what I have written here?",2026-03-30,0,https://www.reddit.com/r/analytics/comments/1s7jdlg/building_an_ai_tool_to_free_analysts_from/
AI tools interview,analytics,What AI tools do you use in your work?,"How are you using the AI in your work? Do you use AI agents, just type questions into ChatGPT/Claude etc? 

Any suggestions where to start to learn about AI agents to use for data analysis? I feel like I am falling behind on this AI usage for my work, reading all the LinkedIn posts how teams automate a lot using agents that pull data, visualize it directly on PowerBooks etc. ",2026-01-27,14,https://www.reddit.com/r/analytics/comments/1qo7ky9/what_ai_tools_do_you_use_in_your_work/
AI tools interview,analytics,marketing’s best ai data analytics tools: my go-to stack,"I work a lot with marketing data across campaigns and funnels. Most of it is performance analysis: CAC, ROAS, conversion, retention, segment comparisons, and spotting changes after tests , and a lot of it ends up being repetitive.

So, lately I’ve been trying to clean up my analytics workflow and reduce how much manual work is involved. I was going through Reddit and came across a comparison table that listed features across tools, where nexos.ai was mentioned, and overall that table inspired me to rethink my setup and start putting together a better tool stack for my workflow, because it made it clear I was missing pieces and relying too much on manual work.

So, heres my stack I ended up using:

**nexos.ai**

this was the first thing I added, and it changed how I approach analytics. the other tools help me pull, store, and look at the data, while nexos.ai helps connect that work into an actual process, so I’m not manually repeating the same analysis and follow-up steps every time.

I use it for things like:

* analyzing campaign performance automatically
* summarizing metric changes (conversion drops, CAC spikes, etc.)
* triggering next steps based on that

So instead of checking data, analyzing it, writing notes, and deciding actions every time. I set up flows that handle a big part of that process

**1. google bigquery**  
this is where most of the raw data sits I use it to:

* pull campaign and product data
* join datasets across sources
* run queries for deeper analysis

**2. looker**  
used as the visibility layer mainly for:

* monitoring KPIs
* tracking funnels and retention
* sharing dashboards with the team

**3. google sheets**  
still part of the workflow mostly for:

* quick checks
* smaller datasets
* manual comparisons

**4. chatgpt**  
used as a helper for:

* summarizing findings
* sense-checking analysis
* drafting insights

together, these tools cover the full workflow: from pulling and analyzing data to actually turning insights into actions, which is what makes them genuinely useful, not just another layer of dashboards , and honestly, that’s what I’d expect from the best ai data analytics tools.

what are you guys using for this right now? anything that actually cuts down the repetitive analysis, or are we all still doing it manually?",2026-03-31,1,https://www.reddit.com/r/analytics/comments/1s8kxf3/marketings_best_ai_data_analytics_tools_my_goto/
AI tools interview,analytics,What are the leading predictive analytics tools in 2025 with AI and visualization integrations?,"Hi everyone, I’m a Business Intelligence consultant at a life insurance company, and I’m working to build skills in predictive analytics to support my career growth — particularly in financial forecasting, automated modeling, and machine learning.

I’ve looked into tools like Anaplan and SAP, but before committing to a certification or deep dive, I’d love to hear from others in the field: • What predictive analytics tools are you using or recommending in 2025? • Which platforms handle large datasets well and are relatively user-friendly? • How do they balance predictive accuracy, AI/ML integration, and visualization exports (e.g., into Tableau)?

Any insight or experience — especially from those in finance or insurance — would be greatly appreciated!

UPDATE:

Thank you all so much for your time and insights!

I really appreciate it. Life has been a little bit of a rollercoaster lately. At the moment, I need to finish a graduate course I started and then work on gaining skills in Python and going from there.

Thank you again! 😊",2025-05-23,15,https://www.reddit.com/r/analytics/comments/1kt807x/what_are_the_leading_predictive_analytics_tools/
AI tools interview,analytics,Need recommendations on HR analytics tools - comparing Included AI Visier Rippling Bob CultureAmp and Compete HR,"We're a mid sized company looking to upgrade our HR software for better analytics and employee insights, and I've been digging into a few options but it's overwhelming with all the features they claim. Right now we use basic spreadsheets which miss a lot on workforce trends and performance data.  
  
I've narrowed it down to Included AI for its AI-driven predictions Visier for deep workforce analytics Rippling which seems all in one for HR and payroll, Bob for people management CultureAmp focused on engagement surveys and Compete HR for competitive benchmarking. Some look strong on integration but others might be overkill for our size.  
  
The main issues I'm stuck on are ease of setup for non-tech teams, cost for a 200 person setup and how well they handle real time data without constant manual tweaks Has anyone switched between these or used a couple? Which ones actually deliver on visibility into turnover or skills gaps without eating up too much admin time?  
  
Any experiences or direct comparisons would help a ton as we evaluate demos next month.",2025-11-20,4,https://www.reddit.com/r/analytics/comments/1p20skh/need_recommendations_on_hr_analytics_tools/
AI tools interview,analytics,Tell me the AI tools related to data analysis. Don't promote.,"Because I’m afraid of the hallucination of LLM, it‘s better to tell me how the data came from, so as to avoid being blamed by the leader.",2025-08-21,0,https://www.reddit.com/r/analytics/comments/1mwk8j0/tell_me_the_ai_tools_related_to_data_analysis/
AI tools interview,analytics,Looking for beta testers: Testing AI Tool to Auto-Generate Tables from Scattered Excel Data,"Hi everyone,

We're developing a product called TableFirst. Ever spent days pulling together a simple report from massive Excel files? For instance, creating a weekly payroll summary by department and region often means hunting through SharePoint folders, merging huge sheets (100k+ rows), and manually filtering data, eating up hours or even weeks for teams without deep tech skills.

With TableFirst in Microsoft Teams, that changes. Our bot connects directly to your SharePoint files, automatically spots the right tables (like employee hours, rates, and locations), and builds the exact report you describe in minutes, no coding needed. It handles the joins, calculations, and even sets up updates so it's always current.

We're going to start testing this with early users who deal with these data headaches in Teams/Excel. If this sounds like your workflow, we'd value your thoughts on how it could help. Please reply or DM to try the beta launching next month.",2025-11-13,0,https://www.reddit.com/r/analytics/comments/1ovyzeo/looking_for_beta_testers_testing_ai_tool_to/
AI tools interview,analytics,Do AI simulation tools actually help forecast long term retention?,"I’m trying to figure out how teams predict what happens 8 to 26 weeks after a product change. Not just week 1 lift, but adoption curves, engagement decay, habit formation, delayed churn, and segment divergence.

I’ve seen “AI simulation” tools like Simile and Aaru mentioned. For anyone who has evaluated them or similar tools, do they actually fill the long-term trajectory gap, or are they mostly better for short-term directional insight?

If you have a different approach that works, what is your playbook (survival/hazard models, cohort curve modeling, causal inference, state space models, etc.) and what data tends to make or break it?

  
Not selling anything, just trying to learn what a real playbook looks like.",2026-03-05,1,https://www.reddit.com/r/analytics/comments/1rlndpe/do_ai_simulation_tools_actually_help_forecast/
AI tools interview,analytics,Anyone else feel AI tools still struggle with missing values?,"[](https://www.reddit.com/r/dataanalyst/?f=flair_name%3A%22Tools%22)I’ve seen many AI-powered data cleaning tools lately, but I’m curious about real usage.

For people who’ve tried AI tools for handling missing values:

If you’re a **data analyst**, could you share:

* Which tools did you use?
* What specific role in these industires (finance, healthcare, marketing, ops, ecommerce, etc.)do you work in?
* What did the AI **get wrong, miss, or oversimplify**?

Sometimes it feels like tools “fill values” without understanding context — curious if others feel the same or if I’m missing something.",2025-12-27,0,https://www.reddit.com/r/analytics/comments/1px43pr/anyone_else_feel_ai_tools_still_struggle_with/
AI tools interview,analytics,What's the most useful AI tool do you use?,I'm looking for options to process 10 year worth of hourly data. The usual automation tools could work. I'm wondering if anyone is using new tools. Looking for suggestions and ideas ,2025-07-23,7,https://www.reddit.com/r/analytics/comments/1m6uuxw/whats_the_most_useful_ai_tool_do_you_use/
AI tools interview,analytics,"What tools are worth your time investing in learning to set yourself up for success in the coming years? E.g. any specific AI tools, other non-AI related tools or programming languages?",I've been working in this space for a little while now as a data analyst. Thinking of how to plan out my career and set myself apart in the job market of the coming few years.,2025-02-08,30,https://www.reddit.com/r/analytics/comments/1iks3je/what_tools_are_worth_your_time_investing_in/
AI tools interview,analytics,Any recs for tooling or articles on AI agents that can support data requests?,"Looking for a platform that can act as a first responder to non technical stakeholder questions like:
* specific cuts of data beyond what basic dashboards provide
* list of users that meet x criteria
* what features have driven most retention impact in last 3 months

I'd expect analytics needing to invest heavily in set up and refinement. And ideally it could receive analysis summaries (exploratory, experiment read outs), user research, Slack threads, and connect with a specific set of tables for ad hoc querying.",2025-12-18,1,https://www.reddit.com/r/analytics/comments/1pq1sji/any_recs_for_tooling_or_articles_on_ai_agents/
AI tools interview,analytics,we have built a tool which can analyse data using AI powered natural language querying. Would appreciate feedback and initial testers,"Hey everyone, As the title says we have built an AI powered data analytics tool which enables you to generate insights using plain English search. You can either upload your data or can connect your database to the tool and work on top of that.

We are currently offering pilot programmes to gather feedback and to iterate on the development. I have attached a video for your reference. Would really appreciate your thoughts. Thanks in advance

https://reddit.com/link/1m86pa1/video/j8mxs5tk6uef1/player",2025-07-24,0,https://www.reddit.com/r/analytics/comments/1m86pa1/we_have_built_a_tool_which_can_analyse_data_using/
AI tools interview,analytics,What are some new tools (may be related to AI or not) you're using in your work to make it easier and faster?,"Hi! Just wondering if some data analysts here use tools other than ChatGPT/Gemini to make their work easier and faster. Not including the primary tools obviously like SQL, BI, R/ Python, etc. ",2025-05-11,1,https://www.reddit.com/r/analytics/comments/1kjto34/what_are_some_new_tools_may_be_related_to_ai_or/
AI tools interview,analytics,"Client pulling the plug, moving it all to Claude","I've run a small analytics agency since 2017. Primarily in the database layer (organizing, cleaning prepping data) and then shipping it to PBI and Tableau for dashboards. 

Met with one of my favorite clients today for our weekly and he said he doesn't want to talk about PowerBI - he wanted to show me everything he's built himself in Claude. 

  
What followed was an hour demo of - more or less - how he was planning on replacing us with this Claude Cowork pipeline. 

Luckily they are good people, and they like us, the conversation was along the lines of 

""How can you support us transitioning in this direction"". 

It just have easily could have been ""bye felicia"". 

But man - what a wakeup call. I spent the next hour on the treadmill, crafting my advice.

Their plan was to have Claude sit directly on top of an ETL tool (won't name names, there are many options for this). They could ask it any question they wanted, AI would go to the tool, pull in the right data and answer the question. They'd even set it up to write to specific google sheets too. It was impressive. 

But risky. Here were my bullets back. 

1. Traceability - when (not if) something goes wrong, how can you find it, and how easy is it to fix. It's a black box you don't have access to. Troubleshooting it is near impossible.

2. Consistency - factoring just human nature aside, asking the exact same question on different days could lead to different results. Based on algorithm changes (infrequent but they happen) or based on existing/new context in a chat. It's really hard to guarantee consistency with AI. Try it yourself ask a question today, interact with the chat and ask the same question tomorrow, is the output identical? 

3. KPI definitions - you ask it for conversions from google ads. Does it know what a conversion is? Does it know how to calculate net sales? And tying to above, will it be the same twice?

A few other things too like privacy and token usage. My suggestion was to do the ETL into BigQuery, then create a curated dbt layer with all the logic, proper naming, agreed kpi definitions, and condensed data in there. And then have Claude sit on top of that instead.

Idk, we'll see where it goes. Eye opening day where, basically what I knew as always coming, came. ",2026-04-01,327,https://www.reddit.com/r/analytics/comments/1s9vluq/client_pulling_the_plug_moving_it_all_to_claude/
AI tools interview,analytics,Entry level roles that we knew of is going to be non-existent,"I work as a Senior/Staff DS at one of the $1T firms, and clocked 15 years in Data Analytics/Science roles. I have mentored hundreds of students who have passion in analytics the past 5 years: including resume checks, doing mock interviews, career guidance, and referrals for the exceptional students.

However, the past year there has been significant top-down pressure to integrate AI into our workflow. This isn't isolated in my firm, it's impacting nearly every large company. Even the recent layoff from Amazon, Meta, and Google showed a lot of shedding of SWE roles, especially junior roles, given advent of AI.

This is specifically translated as the grunt work of drafting dashboards, coding, researching, etc. is all shifting to AI. These activities used to be the primary point for entry level roles. However, as more activities are shifting to AI, hiring will gradually be tighter and tighter as the work of 3-5 people can be done by a single person. It's becoming evident this is a phenomena will gain tremendous amount of momentum. A dramatic shift in how we approach job hunting is needed - especially those who are investing tremendous amount of capital into university programs.

I'm starting an AMA based on what I've experienced so far and what I've noticed worked for students in the field. So I hope I can tackle as many questions as possible

*I'm not taking in any mentees at this time.*",2026-02-04,299,https://www.reddit.com/r/analytics/comments/1qvil25/entry_level_roles_that_we_knew_of_is_going_to_be/
AI tools interview,analytics,AI Cannot Do the Job of a Data Analyst,"Sure, AI tools are helpful for data analysts as far as assisting with coding or helping to research code syntax. And I suppose a well-tested AI tool on top of a pristine data catalog can provide a chat-based tool for data research some may find easier than manually searching through documentation, but I think these use cases are where AI's usefulness to data analysis as a profession ends. Note I'm referring here also to Analytics not Data Science, which as a specialty concerns itself more with bread and butter descriptive reporting. Data Science is a different beast all together built on the foundation of Data Analytics.

Why do I say that AI cannot do the job of a Data Analyst? I say this because the actual front-end creation of data outputs and visualizations or analyses has always been the easy part of the profession that we figured out how to basically automate, simplify, and make self-service many years ago with myriad tools and frameworks (including chat frameworks). If you have a pristine, well-validated dataset that has dealt with the edge cases and business nuance, it's often trivial to ""analyze"" it or slice and dice it to answer business questions (or better yet, find the right questions to ask 😎).

The hard work of being a data analyst is exactly the part AI doesn't do well and maybe can never do well, the validation side and business context side. If we had an organization with truly pristine data and truly stable processes such that you could just hook the data warehouse into AI and replace the jobs of data analysts, you could have already done that before the invention of AI with self-service BI tools from the 2000s.

Now I won't deny AI's usefulness in advanced data-science-y contexts like tagging text and scenarios like that nor will I deny that AI can probably provide useful rough sketches or high-level explorations of data I suppose, but these are just tools added to the toolset of professionals. These hardly generate enough impact to replace data analytics jobs in the way that some are claiming AI will replace other technical jobs.

What do folks think? Agree or disagree or any other thoughts or experiences?",2026-03-29,102,https://www.reddit.com/r/analytics/comments/1s74qda/ai_cannot_do_the_job_of_a_data_analyst/
AI tools interview,analytics,Data Analyst Roles Going Extinct,"It’s no secret that AI is coming for the white collar job market and fast. At my company, people are increasingly using ChatGPT to do what was once core job duties. It’s only a matter of time before the powers at be realise we can do more with fewer people with the assistance of technology. And I suspect this will result in a workforce reductions to improve profitability. This is just the way progress goes.

I have been thinking a lot about how this will affect my own role. I work in HR analytics. I use tools like Excel, SQL, R, and PowerBI to help leadership unlock insights into employee behavior and trends that drive decision making for the company. Nowadays I rarely write code or build dashboards without using ChatGPT to some extent. I frequently use it to get ideas on how to fix errors and display visuals in interesting way. I use it to clean up my talking points and organise my thoughts when talking to stakeholders.

But how long can people in my role do this before this technology makes us useless? 

For now, I will focus less on upskilling on tools and more on understanding my customers and their needs and delivering on that. But what happens when EVERYONE can be a data analyst? What happens when they use something like CoPilot to identify trends and spot anomalies and craft compelling stories? 5 years ago, I was focused on leaning new tools and staying up with the latest technology. Now I question if that’s a good use of time. Why learn a new tool that will be obsolete in a few years? 

Between offshoring and AI I am worried I will become obsolete and no longer have a career. I’m not sure how to keep up. 

Appreciate your thoughts. Proud to say this post was not written using any AI. :)",2025-02-23,202,https://www.reddit.com/r/analytics/comments/1iwda8r/data_analyst_roles_going_extinct/
AI tools interview,analytics,Is AI changing how people actually use analytics?,"It feels like we're in a weird transition. For years the answer to every analytics request was another dashboard. Someone wanted a new metric. We added it. Someone wanted another filter, we added that too. Now I'm seeing more people skip the dashboard and go straight to AI. 
Instead of clicking through five tabs they're asking things like. The dashboard still matters because people want to validate the numbers. But it feels like AI is becoming the first stop and dashboards are becoming the place to verify the answer or dig deeper. If you've made this shift, what tools are you using and what's worked well? If you've made this shift, what tools are you using and what's worked well?",2026-08-05,79,https://www.reddit.com/r/analytics/comments/1vgb695/is_ai_changing_how_people_actually_use_analytics/
AI tools interview,analytics,"After working as a data analyst or data scientist, what skills do you think are actually overrated?","Before starting my career, I thought certain skills would dominate my day-to-day work.

However, after gaining some real-world experience, I’ve realized that some skills seem to be emphasized much more than they’re actually used.  
For those already working in the field, what skills do you think are overrated?  
For example:  
Advanced programming?  
Knowing every machine learning algorithm?  
Advanced mathematics?  
Memorizing statistical methods?  
Something else?  
On the other hand, what skills turned out to be much more important than you expected?

For me, AI tools have made many programming tasks much easier, and I find myself using a relatively small set of statistical methods repeatedly. I’m curious whether others have had similar experiences or completely different ones.",2026-07-02,103,https://www.reddit.com/r/analytics/comments/1ulfpbt/after_working_as_a_data_analyst_or_data_scientist/
AI tools interview,analytics,"After 8 years in product, I think we've been doing analytics wrong","Hot take maybe, but hear me out.

I've been a PM for 8 years. Worked in fintech, SaaS, different stages of companies. Set up analytics stacks dozens of times -> Mixpanel, Amplitude, GA, you name it.

And here's the pattern I keep seeing:

Week 1 -> team is excited, dashboards everywhere, everyone's data-driven now.

Month 2 -> 47 dashboards, 12 saved reports, nobody looks at any of them.

Month 6 -> ""can someone pull the numbers on X?"" in Slack because nobody trusts the dashboards anymore.

I started calling this dashboard paralysis. You have all the data in the world but zero actionable insights. Teams drown in charts and still make decisions based on gut feeling.

The real problem isn't data collection. Every tool does that fine. The problem is the gap between ""here's your data"" and ""here's what you should actually do about it.""

Think about it -> when was the last time your analytics tool actually told you what to do? Not showed you a graph. Not let you build a funnel. Actually said ""hey, this feature is underperforming, here's why, here's what to try.""

I've been thinking a lot about this lately. The next wave of analytics should work more like a smart colleague who watches your data and taps you on the shoulder when something matters. Not another dashboard builder.

Curious if others feel the same way. How do you handle the insight gap on your teams? Anyone found approaches that actually work?

\*This post is not written by AI. I redacted and perfected everything as hard as I could. Thanks.",2026-03-02,123,https://www.reddit.com/r/analytics/comments/1rivdvu/after_8_years_in_product_i_think_weve_been_doing/
AI tools interview,analytics,"8 months into analytics at a FAANG-level company and I feel like I’m drowning ,Is this normal?","I have ~4 yoe, but ~3.5 years of that was in a support role. I recently broke into analytics at a FAANG-level company after a lot of struggle, and honestly… I dont know if I am cut out for this.

Before this role, my skills were mainly SQL (intermediate), basic Python/Pandas, and Power BI. I had almost no real hands-on experience with stakeholders, business problem solving, or large-scale analytics work.

Since day 1, I have felt overwhelmed.

The data is massive, documentation is poor, there was no real data dictionary or proper KT, and I was expected to deliver immediately. Tight deadlines + pressure meant I kept relying on internal AI tools just to survive. Even now, 8 months in, I still do that more than I want to, and it makes me feel guilty.

I am somehow getting work done, but I feel like an imposter every single day.

I am working 10+ hours a day, losing weekends, constantly anxious, and getting burned out just trying to stay afloat. My performance rating was above average, and honestly I am surprised I have made it this far. If not for supportive colleagues, I probably wouldnt have.

The confusing part is: I have learned a lot in these 8 months way more than I did in 3.5 years in support. I have learned about stakeholder communication, business context, ETL, SQL optimization, and how analytics actually works in a real company.

But it still feels like I am always behind.

So I want to ask people here:

- Are analytics roles in big tech generally this intense?
- Does this get better with time, or is this a sign I’m not suited for it?
- Should I consider moving to a mid-size company where I can learn and deliver at a healthier pace?
- How do you stop depending on AI when deadlines are brutal and you just need to ship?

I’m also upskilling on the side (focusing on SQL and slowly moving toward data engineering), but right now I feel directionless and mentally drained.

Would genuinely appreciate advice from people who’ve been through this.",2026-03-12,151,https://www.reddit.com/r/analytics/comments/1rs25j3/8_months_into_analytics_at_a_faanglevel_company/
AI tools interview,analytics,AI Agent boom at work,"I have been a data scientist then analyst for roughly 10+ years, gone through machine learning boom when everyone is trying to build a model when stakeholder is asking just a look up table in excel. 

I always tried to stay relevant to technology and new tools usually first adapting new tools(in a nerd way) for work. However, i never tried to overbuilt for the sake of looking fancy. That has been how i gained my trust from business.

Now, everyone in my org is talking about ai agent. When they demo, it is mostly glorified chatbot running sql query in the backend. Even pulling data from a random sandbox tables. Management believes chatbot can answer any business problem as most demo from my peers are “pre populated samples” hard-coded (many even accidentally revealed it in screen-share..) 

Business side never adapted any llm solution, as they are happy with cube on excel file. The challenge is even stakeholders feel pressure from their management and have to come up with fancy AI agent. So I had to rename all my projects as “xyz agent” as my boss instructed, even ones that are simply an automation of pipeline. My boss told me no agent then no promotion. I am at fortune 10 company. 

I am frustrated almost at the stage of taking depressants to keep afloat. I just wanted to share my feeling somewhere :) hows everyone doing here? Anyone feeling the same way? ",2026-05-01,107,https://www.reddit.com/r/analytics/comments/1t0hvna/ai_agent_boom_at_work/
AI tools interview,analytics,Rant: Companies don’t understand data,"I was hired by a government contractor to do analytics. In the interview, I mentioned I enjoyed coding in Python and was looking to push myself in data science using predictive analytics and machine learning. 
They said that they use R (which I’m fine with R also) and are looking to get into predictive analytics. They sold themselves as we have a data department that is expanding. 
I was made an offer and I accepted the offer thinking it’d be a good fit. 
I joined and the company and there were not best practices with data that were in place. 
Data was saved across multiple folders in a shared network drive. They don’t have all of the data going back to the beginning of their projects, manually updating totals as time goes on. No documentation of anything.
All of this is not the end of the world, but I’ve ran into an issue where someone said “You’re the data analyst that’s your job” because I’m trying to build something off of a foundation that does not exist.
This comment came just after we lost the ability to use Python/R because it is considered restricted software. I am allowed to use Power BI for all of my needs and rely on DAX for ELT, data cleaning, everything. 

I’m pretty frustrated and don’t look forward to coming into work. 
I left my last job because they lived and died by excel. I feel my current job is a step up from my last but still living in the past with the tools they give me to work with. 

Anyone else in data run into this stuff?
How common are these situations where management who don’t understand data are claiming things are better than they really are?",2024-11-22,241,https://www.reddit.com/r/analytics/comments/1gx83uu/rant_companies_dont_understand_data/
AI tools interview,analytics,How are Data Analysts actually integrating AI into their workflow? And how do you handle data privacy?,"I’m preparing for a Data Analyst role and trying to understand how AI is actually being used by analysts in real companies.

It’s easy to say ""use ChatGPT/Copilot/AI to analyze data,"" but I’m more interested in the practical workflow.

For example, could a typical workflow look something like:

**SQL → Excel/Power BI → AI for analysis → validate results → business recommendation**

Or are companies using AI in completely different ways?

I’m particularly interested in things like:

\* Using AI to write/debug SQL  
\* Finding patterns and anomalies in datasets  
\* Automating repetitive Excel/Power BI work  
\* Generating insights or explanations from dashboards  
\* Creating documentation and reports  
\* Automating recurring analysis  
\* Using AI agents to interact with databases or BI tools

But then there’s the **privacy/security problem**.

As an analyst, I obviously can't just upload a company's customer data, financial data, employee data, etc. into a public AI tool.

So how does this work in an actual company?

For example, if I use AI throughout my workflow — even if I don't directly upload the company's files — could information about the company's processes, queries, schemas, business logic, or prompts potentially be retained or used for training?

Do companies typically use:

\* Enterprise versions of AI tools?  
\* Private/self-hosted models?  
\* APIs with data-retention controls?  
\* Anonymized/masked datasets?  
\* AI tools inside their existing data/BI environment?

And for someone entering Data Analytics in 2026, **what is the right way to learn AI-assisted analytics without developing bad habits around confidential data**?

I'd really like to hear from Data Analysts/BI Analysts who are actually using AI at work. What does your real workflow look like, and what privacy rules does your company have?",2026-09-08,22,https://www.reddit.com/r/analytics/comments/1warr0b/how_are_data_analysts_actually_integrating_ai/
AI tools interview,analytics,How are you actually using AI in your daily analytics work?,"I’ve been reading a lot of posts lately about AI adoption in data, and I feel like there’s a gap between the hype and what people are actually doing day to day.

So I’m wondering how people are using AI in their work right now.

Not what leadership wants to hear. What are you actually using it for?

If you’re open to sharing, I’d love specifics:

• What tools are you using? Agents, GPT, Copilot

• What tasks? (SQL, Python, dashboards, documentation, etc.) Nothing too big or too small to share. I feel like I am just scratching the surface and am looking to see what else I can do to actually help me do my job. 

• What works well vs where it falls apart?

• Has it actually saved you time, or just shifted where the effort goes?

",2026-03-21,28,https://www.reddit.com/r/analytics/comments/1rzxdvd/how_are_you_actually_using_ai_in_your_daily/
AI tools interview,analytics,How do you tell if AI call summaries are useful?,"Our managers are looking at how teams measure AI in customer support and keep running into the same issue. A lot of the easy metrics don’t tell you much about whether the tool is helping. I know this just because I have good ties with one of the managers and hes telling me the procedures. Take AI call summaries. You can measure accuracy and generation rate but a summary can be technically correct while still missing the detail the next agent or supervisor needs. Then someone ends up opening the transcript anyway.

Same problem with QA. If managers only review a small sample of calls then it’s hard to know if the patterns they find represent what’s happening across the whole contact center. AI tools that analyze every conversation seem useful here since you can look for trends across AHT transfers resolution and customer sentiment instead of relying on random samples. Real time agent assist is an area I’m reading and hunting since I do want to help them out because I see this workplace long term. Instead of only analyzing what went wrong after a call it can surface answers or flag missed steps while the customer is still on the line. That sounds more useful than adding another dashboard managers check once a week. Are you looking at model accuracy itself or tying AI usage back to things like AHT first contact resolution transfers repeat contacts and CSAT?",2026-08-18,30,https://www.reddit.com/r/analytics/comments/1vrqjtg/how_do_you_tell_if_ai_call_summaries_are_useful/
AI tools interview,analytics,Are we collecting more data than we can use?,"We can track almost everything now. Calls. Chats. CSAT. AHT. Transfers. Agent performance. QA scores. The problem is figuring out what in that pile of data is actually driving an outcome. Looking at conversation analytics and the gap seems pretty obvious. Sampling a small batch of calls gives you something to report on. But it can miss the weird stuff happening across thousands of conversations.

We’ve also been looking more into AI tools that analyze the actual conversations instead of relying on dashboards or sampled calls. In theory they can go through every conversation and find patterns tied to things like CSAT or handle time. Want to know how analytics teams handle this while growing. Are you still working from samples and dashboards or using AI to dig through the full conversation set and find patterns or root causes? My main concern is getting a neat sounding AI answer that falls apart once you check the actual calls. Being able to trace an insight back to the conversations behind it seems pretty important. Has anyone found these tools actually surface things your normal dashboards missed?",2026-08-31,32,https://www.reddit.com/r/analytics/comments/1w3f4rp/are_we_collecting_more_data_than_we_can_use/
AI tools interview,analytics,Experimenting with AI-agent workflows for analytics. The hard part seems to be governance.,"I’ve been experimenting with AI-agent workflows for analytics work, and the part I keep coming back to is that speed is not the hard problem.

Agents can help summarize context, draft analysis pages, inspect files, structure messy inputs, and accelerate repetitive work. But in stakeholder-facing analytics, faster output creates a different set of risks:

* a number without lineage can become “truth”
* a directional estimate can get treated like causal evidence
* a polished draft can overstate what the data supports
* context can get lost when work moves between tools
* agents can sound confident even when the source chain is weak

So I’ve been thinking less about “how do agents do more analytics?” and more about “what operating model makes agent-assisted analytics trustworthy?”

The rough architecture I’ve been testing includes:

* durable context files instead of relying on chat/session memory
* explicit source and validation status for important claims
* bounded agent roles rather than agents owning judgment
* human review gates before stakeholder-facing output
* quality review focused on unsupported claims, caveats, and lineage
* tool routing, where high-context interpretation stays separate from bounded file/code work
* feedback loops where reviewed knowledge can update durable context

The principle I keep coming back to:

Agents are workers, not authorities. Humans still own judgment.

I attached a diagram of the operating model I’m thinking through in a comment since images don't seem to be allowed in the main post. It is not a finished system, and parts may be overbuilt.

Known gaps I’m still thinking through:

* transferability beyond one operator
* how to evaluate output quality without creating a heavyweight review process
* how to keep context files current without making documentation its own job
* how to prevent tool-routing from creating fragmented context
* how to distinguish directional findings from evidence-backed claims in the workflow itself

Curious how others are handling this:

* Are you using agents in analytics workflows?
* How are you preserving source lineage and assumptions?
* Do you use human review gates before outputs go to stakeholders?
* Where have these workflows broken down? 

Not selling anything, just trying to pressure-test the architecture with people doing similar work. Mostly interested in practical failure modes and patterns that have actually worked.

",2026-06-07,12,https://www.reddit.com/r/analytics/comments/1tyxp6z/experimenting_with_aiagent_workflows_for/
AI tools interview,analytics,"QA/QI title, ~7 months in, but want to become data engineer/data analyst/analytics engineer","Looking for honest outside opinions — not trying to hype myself up, genuinely want a reality check on where I actually stand.

**Background:** I work as a QA/QI Associate (quality assurance/quality improvement) at a mid-size nonprofit health & human services organization (\~$9M annual revenue, \~100 employees) in California. My official title has nothing to do with data or engineering. But over the last 7 months, I've ended up building basically the entire data infrastructure for the org, solo, with no formal training, no team, and no one else to review my work.

I'm self-taught through online courses (SQL, Python, Excel, Tableau certs) and lean on AI coding assistants heavily to write and debug scripts — which I know is a real gap in independence I'm actively working on.

**What I've built, roughly in order of impact:**

1. **Core relational database** — designed and built a centralized SQL database from scratch that consolidates data across multiple programs, replacing a mess of disconnected spreadsheets. Includes validation logic to catch/block duplicate records before they hit the database. It's now the backbone that several other automations pull from.
2. **Automated compliance reporting pipeline** — Python + SQL + Power Automate pipeline that turns a \~7-8 hour/month manual data compilation process into a dashboard-driven report with a few clicks.
3. **Central automation orchestration script** — a fault-tolerant Python script for our EHR platform that acts as the hub every other automation routes through (report generation, data extraction, etc.)
4. **Client-list automation** — eliminated 1+ hour/week of manual data compilation.
5. **Billing/insurance data update automation** — SQL/Python pipeline connected to our EHR that updates client billing and insurance information automatically. Saves 5-10 minutes per client versus doing it manually; we process roughly 10-15 clients/week through it, so it's a recurring, volume-driven time save, not a one-off.
6. **E-signature workflow integration** — connects our EHR to an e-signature platform so staff can drop a file + enter a client email and get a signed document back automatically. Saves 5-10 min per transaction, done potentially hundreds of times a month.
7. **Form automation (JavaScript)** — automates form population inside our EHR, currently expanding to more document types.
8. **Bulk file-ingestion tool** — Python tool that replaces manual one-by-one document uploads. Staff now drag-and-drop a file, select the proper document name/type, and the tool auto-uploads it into our EHR — eliminating manual upload work and keeping client documents standardized, which makes audits significantly more efficient and consistent.
9. **BI dashboard for program audits** — first version of a Power BI dashboard, updated weekly.
10. **Org-wide BI rollout (in progress)** — expanding Power BI usage more broadly.
11. **Ad hoc Power Query dashboards** — built several smaller self-service dashboards for specific program requests using Power Query.
12. **Automated staff notification workflow** — a scheduled email flow that notifies staff and supervisors about pending/overdue documentation, pulling status directly from the database.

**Current stack:** SQL, Python, JavaScript (light), Power Automate, Power BI, Excel/Power Query. Currently seeking approval to migrate our deployed/production automations onto a cloud VM — right now everything runs without dedicated cloud infrastructure. Bachelor's degree is in Art (unrelated field) — I've been self-teaching data skills through online courses since 2023 and am still actively learning.

I've shown the majority of what I've built directly to leadership — the CEO seemed genuinely impressed, but not impressed enough to move on a title/salary change immediately. The org is fairly old-school and does want to adapt and integrate this kind of work going forward, but leans toward doing it as cheaply as possible rather than valuing it at market rate.

It's gotten to the point where I've had to create view tables and actually teach my boss basic SQL so he can pull queries himself whenever I'm out of office — there's no backup, no one else who can touch any of this if I'm not around. I also have to build and present a business case myself any time I want to integrate new software (for example, justifying why we should adopt Power BI) — writing up the reasoning, the value, why it matters, all of it. In a normal org/company, I don't think I'd have to do either of these things: there'd be redundancy across a team instead of it all depending on one person, and I'd have a senior engineer or manager who already understands the value of these tools and could just guide/approve rather than me having to sell it from scratch every time.

I've asked for a reclassification to $80-82k based on market research (which, if anything, I think is still a bit below the real floor for this scope of work), with an expected effective date of September 2026.

**My question for you all:** Based on this scope, does this read as legitimate data engineer / analytics engineer work to you, or am I overestimating the significance of what I've built? I'm in the middle of trying to get my org to reclassify my title and pay to reflect this, and I want an unbiased gut check before I go further. Is what I'm describing actually engineer-level work, or is it more junior/analyst-level than I think it is?

Appreciate any honest feedback, including the harsh kind.",2026-07-31,19,https://www.reddit.com/r/analytics/comments/1vbbk19/qaqi_title_7_months_in_but_want_to_become_data/
AI tools interview,analytics,How do you keep context from getting lost in AI-generated data work?,"I am too curious to know that how others are handling this. AI can now generate SQL, cleaned CSVs, analysis reports, charts, and scripts pretty quickly. But the follow-up work often gets messy. 

The useful context usually lives outside the file itself:  
1. why a metric was defined a certain way  
2. which source was considered reliable  
3. what assumptions were made  
4. what validation notes were added  
5. what update logic was used  
6. what a future agent, tool, or teammate should avoid doing with the data

If the work moves between chat-based AI tools, coding agents, notebooks, dashboards, or teammates, how do you keep that context from disappearing? Do you document it manually, use dbt docs, a semantic layer, BI documentation, a data catalog, or just re-explain everything each time?

I’m especially curious about workflows where multiple AI tools or multiple teammates touch the same dataset.",2026-07-09,4,https://www.reddit.com/r/analytics/comments/1uru98s/how_do_you_keep_context_from_getting_lost_in/
AI tools interview,analytics,Is Analytics becoming more important because of AI? Or is AI making Analytics more important?,"A few years ago, knowing Excel, SQL, and Power BI was enough to stand out in many analytics roles.  
Today, AI can generate SQL queries, build dashboards, summarize reports, and even suggest business insights within seconds.

So here's my question:  
**If AI can do the analysis, what will make an analyst valuable in the next 5 years?**

My perspective:  
AI is replacing repetitive work, not analytical thinking.

Companies still need professionals who can ask the right business questions.

Understanding data, validating AI-generated insights, and making strategic decisions will become the real differentiators.

Analysts who know how to leverage AI will likely outperform those who avoid it.

We're moving from **""using tools""** to **""working alongside AI.""**  
What skills do you think will matter most for future analysts?  
Business understanding?

Critical thinking?

Data storytelling?

AI prompting?

Something else?

Curious to hear what this community thinks.",2026-08-03,32,https://www.reddit.com/r/analytics/comments/1ve68kd/is_analytics_becoming_more_important_because_of/
AI tools interview,analytics,is AI changing how much reporting analysts do?,"In my day job, I’ve noticed I’m doing less ad hoc reporting than before.

It seems like most of simple adhoc requests that used to come to me is now answered by AI tools, which is good because now I have less context switching and don't have to go through manual work of building quick graph, screen shotting, sharing, answering followup questions etc. 

Are you seeing fewer reporting work because of AI? What tools are you using these days to share reports or quick insights with stakeholders when requests do come in? ",2026-06-28,11,https://www.reddit.com/r/analytics/comments/1ui4jto/is_ai_changing_how_much_reporting_analysts_do/
AI tools interview,analytics,Starting to learn data analysis,"Hello i am starting to learn data analysis. 

What tools are to learn and is it worth due to the rise of AI",2026-09-16,0,https://www.reddit.com/r/analytics/comments/1whz6p0/starting_to_learn_data_analysis/
AI tools interview,analytics,The Looming Shadow of Generative AI on Data Analysts,"Hello Data Enthusiasts,

I've spent years honing my skills in Python, SQL, Power BI, and Excel. But lately, the rapid advancement of generative AI has left me feeling a mix of awe and unease. Tools like ChatGPT can now generate Python scripts, complex SQL queries, and even intricate Excel formulas. It’s incredible, but it also raises a pressing concern. If someone with no experience can produce such outputs, what does this mean for the future of data analysts? Are we facing a future where our role is diminished?",2025-04-10,71,https://www.reddit.com/r/analytics/comments/1jvt38a/the_looming_shadow_of_generative_ai_on_data/
AI tools interview,analytics,What’s the smallest analytics stack you’d trust for real decisions?,"I keep seeing analytics stacks grow, but more tools don’t necessarily make decisions clearer.

You can track sessions, users, events, heatmaps, Search Console data and server logs, then still struggle to answer a basic question:

Did anything actually improve?

Traffic is an obvious example. Sessions can increase while lead quality, conversion rate or revenue per user falls. A smaller amount of traffic from the right audience may be far more valuable.

I’ve also stopped expecting every tool to agree.

GA4 measures onsite behavior. Search Console reports search performance. Session recordings add context to what people do on a page. Server logs capture requests that browser-based analytics may miss. The backend is usually the better source for actual leads, orders and revenue.

Once consent, ad blockers, attribution rules, time zones and tracking mistakes are involved, some disagreement is inevitable.

For a basic weekly review, I’d probably keep only:

- a quick check that tracking and important events still work
- acquisition and landing-page changes
- conversions, revenue or qualified leads
- segmentation by source, device, country or page when something looks unusual

Anything else should exist because it answers a specific question—not because there’s space for another dashboard.

For me, the goal isn’t one “source of truth” for everything. It’s knowing which source is most trustworthy for each question.

What’s the leanest analytics setup you’ve actually trusted, and which source wins when GA4 and your backend disagree?

Disclosure: AI was used only to edit the wording of this post.",2026-09-13,7,https://www.reddit.com/r/analytics/comments/1wf4i12/whats_the_smallest_analytics_stack_youd_trust_for/
AI tools interview,analytics,Are AI and HB1 killing College Grads?,"I’m a data analyst seeing two trends compressing entry-level roles: large-scale H‑1B hiring that increases competition, and AI tools that automate routine analytics. I’m worried this means fewer junior openings, a higher hiring bar, and a faster need to move from execution to decision-focused work that delivers measurable business impact.

Has anyone successfully navigated this shift? what worked, what didn’t, and what should I prioritize next?

It's so bad, most of this question besides this last line was AI generated. (Sorry I'm at work, I just had to ask this immediately and fast. FORGIVE ME).  

Please no politics",2025-11-13,69,https://www.reddit.com/r/analytics/comments/1owdqms/are_ai_and_hb1_killing_college_grads/
AI tools interview,analytics,"When durable AI context starts working, how do you keep active context from becoming the next problem?","I’ve spent the last several months building out the semantic-continuity side of long-running AI-assisted analytics work: durable context, current-state rollups, decision history, provenance/supersession, schema/query knowledge, and task-conditioned rehydration.

That part is working pretty well.

The next problem is almost a consequence of that success: there can be a lot of useful context available, but I don’t necessarily want all of it active for the rest of a long-running session. I’ve started thinking about this as a separate runtime/context-efficiency layer.

A simple example:

A = stable instructions/scaffold

B = durable project context

C = intermediate exploration, tool output, code, temporary reasoning

D = validated analytical state

During analysis I may need A+B+C+D. Once I move into synthesis/writing, I may only need A+B+D. Semantically, that seems straightforward: C did its job, D preserves what matters, and the deeper evidence remains reconstructable. Operationally, it gets less obvious.

What happens to prompt-cache reuse when I restructure context?

When is selective pruning better than native compaction?

When is it cheaper or safer to keep a long session alive versus reconstruct a cleaner active context?

How much do cache TTL, context ordering, model limits, and runtime behavior change the answer?

And are the economics actually meaningful once you measure the whole workflow rather than theoretical token savings?

That’s what I’m starting to investigate now.

I made a simple visual showing how I’m separating semantic continuity from runtime/context efficiency. I’ll put it in the first comment since I can’t attach it to the post.

For people operating long-running agent workflows at meaningful scale:

* Where are you deliberately restructuring or pruning active context? Are phase/workflow boundaries useful?
* How are you balancing stable-prefix/cache reuse against removing intermediate context that has finished its job?
* What have you learned about restart/cold-cache economics versus simply continuing a growing session?
* Which caching, compaction, state, or runtime behaviors mattered in practice that weren’t obvious at first?
* What am I not asking about that I probably will be six months from now?

I’ve read a fair amount of the published material available. I’m especially interested in the things people learned from running real systems that never made it into the docs or blog posts.",2026-08-31,0,https://www.reddit.com/r/analytics/comments/1w33lvg/when_durable_ai_context_starts_working_how_do_you/
AI tools interview,analytics,What does the future of data analytics look like - should one lean more toward data or business?,"I’ve been thinking a lot about where data analytics is heading in the next 5-10 years. With automation, AI, and tools getting easier to use, it feels like pure technical skills are becoming more common, while strong business understanding is still rare.

For people already in analytics (or hiring for it), what do you think will matter more long-term: going deeper into the data/engineering side, or moving closer to business, strategy, and decision-making? Is one path more future-proof than the other, or is the real answer being strong at both?

Curious to hear perspectives from analysts, data scientists, managers, and business stakeholders.",2026-01-10,58,https://www.reddit.com/r/analytics/comments/1q8v3zr/what_does_the_future_of_data_analytics_look_like/
AI tools interview,analytics,Claude connected to Snowflake via MCP took me hours just for the setup. The AI data analyst is not as close as people think.,"I have been reading a lot of posts on this topic and everyone seems to make it sound straightforward.  
  
The AI data analyst is not coming as fast as the internet wants you to believe. I tried to build one this week using Claude and Snowflake and here is what actually happened.

Permissions alone took forever,Snowflake's role and access model needs a lot of groundwork before MCP will even work. Then creating views, semantic views, setting up the MCP server, defining tools, making sure Claude could call them correctly. Auth issues and half-documented steps at every stage.

Once connected, But what I could not crack was getting real business context into the model. Your revenue definitions, your customer logic, your metric nuances. That stuff does not live in a schema and there is no clean way to encode it yet.

 Genuinely wanted to ask , has anyone gotten this working properly in a production environment with actual business context intact?, Would love to know what iam missing.",2026-04-02,21,https://www.reddit.com/r/analytics/comments/1salm13/claude_connected_to_snowflake_via_mcp_took_me/
AI tools interview,analytics,Am I wasting time trying to get into analytics?,"My_Qualifications: B.Tech Mechanical Engineering (May 2026)

I knew before graduating that I wanted out of mech. It wasn't just the low pay, I genuinely had no interest in manufacturing/core jobs anymore. I also put my master's on hold cause I wanted work ex first. I don't wanna spend another year just learning something and end up with a huge gap on my resume.

At first I thought about support/sys admin/QA kind of IT roles since I'm not into hardcore coding or SDE stuff. Later I switched to analytics cause it looked like it'd have more options. I've learned Excel, learning SQL rn and planning to do Power BI next, but no portfolio or analytics internship yet.

The more I research, the more confused I get. First people say learn tools, then Python, then AI, then AI agents, then domain knowledge. As a fresher, idk how I'm supposed to get domain knowledge without getting my first job.

I'm applying on and off campus but barely getting any calls. So should I keep going with analytics or switch to something else? Should I target IT support/testing roles instead? Or just prepare for CAT/GRE and move on?

I'm not looking for ""the market is bad"" replies. Ik that already. I just wanna hear from people who were in this phase and actually made it out. What would u focus on if u were starting from scratch today?",2026-07-03,24,https://www.reddit.com/r/analytics/comments/1um78ss/am_i_wasting_time_trying_to_get_into_analytics/
AI tools interview,analytics,Claude just generated a full Python data pipeline… are data workflows changing faster than expected?,"Saw Claude generate an entire Python data pipeline today, including validation checks, logging, transformations, and documentation, from a single prompt.

Honestly feels like we’re moving past “AI helps write code” into “AI handles large chunks of analytics engineering workflows.”

But at the same time, I’ve also seen:

* silent logic errors
* incorrect joins that looked perfectly valid
* inefficient transformations at scale
* hallucinated assumptions about schemas

Feels like the bottleneck in data work is shifting from writing code to verifying reasoning.

Curious how professionals here are adapting their workflow around tools like Claude or ChatGPT now.

Are you using them mostly as assistants, or letting them handle end-to-end tasks in production-related work?",2026-05-29,20,https://www.reddit.com/r/analytics/comments/1tr3la3/claude_just_generated_a_full_python_data_pipeline/
AI tools interview,analytics,How we stopped our BI tools from bankrupting our Snowflake account,"Our Snowflake adoption was going great until finance saw last month's compute bill. We realised our BI dashboards were essentially treating our data warehouse like a transactional database. Each time a user tweaked a date filter or loaded a morning report, a warehouse spun up and charged us

The situation was further exacerbated by analysts attempting to circumvent the sluggish dashboard load times by creating their own bespoke SQL extracts within distinct workbooks. We were burning cash on redundant computing power and suddenly had four conflicting formulas for ""Active Users"" floating around the company. Total metric chaos  
Rather than making aggressive tweaks to Snowflake's auto-suspend settings, which only frustrates users, we took a different approach. Instead of migrating BI tools, we changed the architecture. We deployed a headless semantic layer (Cube) between the warehouse and our UI

Here is how it completely changed our setup:

1. Caching killed the compute costs: We moved the heavy lifting to the semantic layer’s pre-aggregations (Cube Store). Now, when 100 people open their dashboards at 9 AM, it hits the cache. The UI loads in milliseconds, and Snowflake literally stays asleep. Our compute costs dropped off a cliff.  
2. Centralized Metric Logic: We stripped all the SQL out of the BI layer. Metrics are now defined exactly once in version-controlled YAML. Whether you look at a sales report or a marketing dashboard, they inherit the exact same math.  
3. BI for Agents (Unexpected Win): We recently started testing LLMs for self-serve analytics. Letting an AI write raw SQL against Snowflake is a recipe for hallucinations and massive query bills. By using our semantic layer as BI for Agents, the LLM doesn't guess the SQL- it just requests the pre-defined metrics via API. It’s safe, cheap, and actually accurate.

How is everyone else surviving the Snowflake + BI cost trap? Are you just managing hundreds of Dynamic Tables/Materialized Views, or relying on application-level caching?",2026-09-21,5,https://www.reddit.com/r/analytics/comments/1wm9f19/how_we_stopped_our_bi_tools_from_bankrupting_our/
AI tools interview,analytics,Projects for data or business analyst,"Hi everyone I'm looking for a job in analytics, before applying for the jobs I want to build a strong resume. So I need to add some good projects which could make my resume shortlisted at least.   Plz tell me what projects need to be added in the resume in today's AI world.

And also where can I find the dataset for the project you have recommended. 

The tools i know are powerbi, Excel, SQL, python, r. 

My qualifications are MBA in analytics.",2026-09-03,9,https://www.reddit.com/r/analytics/comments/1w6brf3/projects_for_data_or_business_analyst/
AI tools interview,analytics,"Career trajectory to AI engineer, yes or no?","Hey guys, so long story short, I’ve been working as a BI Developer/Data Analyst, mostly with Power BI/GBQ and some FabricI’ve also been using Claude Code,have around  3 years of experience.

A new big client came in and they were looking for an AI Engineer, so my company pushed me as one. I basically said, “Whatever, I can give it a try.”

This week was the project kickoff, so I traveled to the client’s location and met them. They’re really nice, and they know that I’m not familiar with the tools they use, but they’re willing to invest in me and give me time to catch up.

The problem is that the tech stack is completely different: Git, Snowflake CLI, Streamlit, etc. The role feels much more like a Software Engineer position, and honestly, I feel completely out of my depth.

I know the client is aware that I don’t have experience with these tools and is willing to wait for me to get up to speed. But the truth is, I’m not sure how realistic it is for me to actually make that transition. The job is interesting and i do believe it's logically the best choice as AI will keep getting only more important from now but completely diverting my career trajectory like that and not knowing whether it's possible to succeed is kinda hard.",2026-09-09,24,https://www.reddit.com/r/analytics/comments/1wbzpqz/career_trajectory_to_ai_engineer_yes_or_no/
AI tools interview,analytics,Creating a semantic layer for event data,"I want to build a semantic layer (i.e. sql code -> metric definition mappings) to provide models with context that will ideally make ai-generated sql more deterministic.

Our data definitions are based on event data that is constantly being updated.

For example, we might define an active user as someone who posts on the site (users with “posted” events). When we do an AB test or just update the site, event names will inevitably change (e.g. definition is now users with “new-post” events), causing my *imaginary* semantic layer to become obsolete.

My question is - what tools do you use to manage definitions for event-heavy data? Ideally something with version history that agents can access via mcp?",2026-09-02,7,https://www.reddit.com/r/analytics/comments/1w5b6cl/creating_a_semantic_layer_for_event_data/
AI tools interview,analytics,Feeling anxious about the future of analytics jobs (AI & market downturn),"Hey everyone,

I’ve been working as a BI Analyst in Europe for about 3.5 years. Most of my work is closely tied to marketing . I’ve built dozens of Power BI dashboards to track campaign performance, and I regularly work with tools like Eloqua, Adobe, and others. I also spend a lot of time writing complex SQL queries and DAX calculations in Power BI.

So far, I’ve felt confident in my technical skills and the value I bring. But lately, things have started to feel repetitive, and I’m getting increasingly anxious about the future of analytics roles in general.

Between the rise of AI and the current market downturn, I keep seeing pessimistic takes online about data and analytics jobs becoming less secure and it’s really getting in my head.

For those of you in the field, how do you feel about where things are headed? And what do you think are the best ways to future-proof a BI/analytics career and stay in demand?

I really don’t want to become obsolete . ",2025-10-08,48,https://www.reddit.com/r/analytics/comments/1o1mgqi/feeling_anxious_about_the_future_of_analytics/
AI tools interview,analytics,Analytics managers: how are you protecting learning opportunities on an AI-first team?,"I manage 3 analysts, two are new in their careers and the other is switching from another career path - so everyone is in the learning stage and building their portfolios.

My boss has been really excited about using AI for automating absolutely everything. It's been great, we can get it to help us do the boring parts of documentation and help us with workflows. It helps us visualise projects ahead of time and get help with coding.

I was speaking with my boss recently, talking about a project they visualised with AI as a proof of concept. It is really cool, I can see it as an incredibly helpful, data-driven, intelligent tool that will be an absolute masterpiece. My boss set a time for us to have a brainstorm-session on how to make it happen. I built out a plan of what pieces of hardware and software would be needed, and showed that to my boss. The conversation started off well, then devolved into ""we can do that with AI can't we"" for most steps of the process. They hadn't prepared anything for the discussion, and their input really was a lot of ""I learnt this about AI"" and ""the future of AI is so great"". I don't think the team was ever part of the plan in their head, just what they could do with their AI.

I understand the business case. If we're optimizing for output we can automate away everything in the end. But in reality I have this really passionate team that's learning and improving, and they should get the opportunity to be part of that project. They should be allowed to do the little tasks and learn about how things work.

I know I can't be alone in this situation, I really do want to stand up for my team and figure out a process where not *everything* is automated away and the work of a junior or mid-level data analyst is still valued. I know it's not just my boss, I know that I also need to figure out a better way of communicating the use of AI and fixing the process. 

So I want to know if anyone else has experience with this and:

* How you framed it to a boss who really is just excited and a little blind to the impact (did you find a way to frame it where it doesn't just sound like you're hating on AI or resistant to change?)
* Anything concrete you put in place, like reserving specific work just for humans, or rules where AI gets used
* Or if you tried it and it went badly, and what happened.

My boss is reasonable and I can see some good discussion about this in our future, but I'd really appreciate the input from other people who have been through it.

",2026-08-16,13,https://www.reddit.com/r/analytics/comments/1vpmvw0/analytics_managers_how_are_you_protecting/
AI tools interview,analytics,"Meeting with IT to move from on-prem SQL to Fabric, question on versioning (git)","We have finally got IT to agree that we need Fabric, previously being locked behind SSRS reports created by ERP admin on uncurated data with no defined metrics.

My N+2 invited me to the meeting ""AI, Fabric and the way forward"", though there won't be any discussion on AI, that's far out of our reach. While Fabric wouldn't be my first pick, I'll take anything that IT agrees to so we move forward. 

My main concern is if I will be sufficiently heard on the requirement to also get GitHub, as I've been informed that IT isn't super positive since git is ""open source"". Needless to say our IT department is small and mainly focused on supporting a small technical organization, modern data tools and software development practices is not something they have a lot of experience with. 

It took me 5 months after date of hire to get view access to the SQL test server, and only from a second desktop computer where they turned off outgoing telemetry so I could set up a proof of concept for using dbt. 

Ownership of data, defined metrics and versioning / approval process is also something we don't have in place currently. 

Only the ERP admin can create SSRS reports, which drives all our data needs, when the requestor is happy with ""Geoffreys Material Report R05"" development stops, and the report is not revisited unless someone complain about the output. R04 and R05 would typically live side by side with no documentation outside of the SQL code, safely tucked away somewhere on someones harddrive. I requested some .sql on email to understand what I was looking at, and I believe I was the first to ever do so. 

While I at some point would want to use dbt with Fabric, I don't want to sidetrack the meeting with topics that will take longer to discuss. As I understand, Fabric itself don't have versioning so my hope is to get everyone to understand that. I will also suggest that code I write is reviewed by the ERP admin, and vice versa.

Git would also be used to document our metrics, sql styleguide and anything else that improves the way we work, which won't be too hard.

Where I need help, is if anyone have experience on how difficult it would be to build something proper in Fabric without GitHub. Also any thoughts on how we can set up a simple system where IT would feel to be in control, while still giving me sufficient access to do my job as an analyst / analytical engineer. 

I haven't used Fabric outside of Power BI as a super user, but my initial thought was two workspaces, one where IT ingest raw source data where I have view access, then an analytics workspace where I'm a member to create staging, intermediate and marts. 

In terms of data in the SQL on-prem database we have around 130 gb reserved, but only 50-100 tables will be required and really only the last 4 of the 12 years available on the fact tables. I'm the only analyst, no data engineers and maybe 40 users of the reports we create, of those 4-5 who use them every day as part of their job.",2026-09-21,7,https://www.reddit.com/r/analytics/comments/1wmoxzg/meeting_with_it_to_move_from_onprem_sql_to_fabric/
AI tools interview,analytics,I asked Claude for career advice,"I’m currently more of a SaaS Product Manager, but yesterday I got stuck thinking about moving toward an analyst-type role: where to start, what skills to focus on, and what the current market actually asks for.

So I did this:

I copied around 70 job posts from a niche job board that posts roles from solid international companies.

Then I gave the posts to Claude and asked it to:

1. Extract all mentioned companies.
2. Find current or recently archived Product Analyst roles at those companies.
3. Build a skills frequency table based on those job descriptions.

Something like:

SQL — mentioned in 100% of roles  
A/B testing — mentioned in 70%  
Python — mentioned in 80%  
BI tools — mentioned in 100%

Then I asked it to break down each skill into subtopics and suggest where to learn them.

For example:

Statistics → confidence intervals, hypothesis testing, statistical significance  
A/B testing → experiment design, sample size, MDE, interpretation  
Python → pandas, notebooks, data cleaning, analysis workflows  
Product analytics → funnels, cohorts, retention, LTV, ARPU

And then for each topic, I asked for practical resources: courses, YouTube videos, simulators, bootcamps, and project ideas.

The output was surprisingly useful. It turned a vague “I should learn analytics” into a very concrete roadmap based on actual job descriptions.

The main takeaway: don’t ask AI “how do I become an analyst?”  
Give it real job posts from companies you actually care about, then ask it to reverse-engineer the skill map.

How do you use AI for career advice? Has it ever changed your plan?",2026-05-04,56,https://www.reddit.com/r/analytics/comments/1t3miym/i_asked_claude_for_career_advice/
AI tools interview,analytics,I trusted AI-generated charts in a report I sent. The totals didn’t match the data.,"I tried to automate part of a reporting workflow and learned a lesson the hard way.

I had an AI tool generate charts from a dataset to save time. The charts looked clean, labeled correctly, and visually believable — honestly nicer than what I usually produce.

So I sent the report.

Later I checked the underlying numbers.

The totals didn’t match the data.

Not wildly wrong — plausibly wrong. The kind of error that passes a visual check because the chart still looks reasonable.

I realized the system optimized for producing a convincing visualization, not a verified calculation. It produced something that looked like a correct chart, not something guaranteed to be mathematically correct.

Excel cares about arithmetic.  
**The AI cared about producing a plausible output.**

The lesson for me wasn’t “AI is useless.” It was about tool boundaries. AI was helpful for drafting summaries and explanations, but treating it as a source of truth instead of a helper was a mistake.

Curious how others are handling this — where do you let AI help in reporting workflows, and where do you require deterministic validation?",2026-02-22,0,https://www.reddit.com/r/analytics/comments/1rb7ffi/i_trusted_aigenerated_charts_in_a_report_i_sent/
AI tools interview,analytics,Data analytics vs other tech avenues?,"Hi! 26F & a single mom who is looking into whether I should go back and get a degree or just get some certifications? As well as trying to figure out what the most lucrative option is.

My top concerns for a new field would be pay obviously ($80k+ range), work life balance (really want to be able to spend more time with my daughter), no micromanagement/ability to get things done at my pace as long as they’re done on time, less meetings & customer interaction. 

I currently work in customer success & actually have an interview tomorrow for a customer success manager position that pays $80k + bonuses. I am good at my job & I love that it is remote but I am SO burnt out working in this industry. It just feels like a never ending carousel of bs & I am exhausted keeping up with the constant volume and irate, nonsensical clients. There are some days where I love solving the problem & enjoy making someone’s day better & seeing my team thrive but most days I am having to force myself to get out of bed & clock in. I feel like my nervous system is in fight or flight 24/7.

I stay because the bar to entry was low to make the money I needed to better my daughter’s life but now that I have the experience under my belt, I really think I need to segue into something that’s going to give me a balance.

I thought data analytics would be good because it seems like a blend of well paying & little interaction (I know presentations etc all that exist. I know every job is going to have interaction, I just mean something that has less constant churning of customers & colleague meetings every couple hours that could’ve been an email). However, my brother said I should look into AI engineering, software development, or cybersecurity instead because data analytics is so saturated.

I get his point but I am not too good at math (I know I can do it if I apply myself) & it seems like data analytics is the least math heavy in comparison to other tech professions & doesn’t have as much on call demand as something like engineering. However, I think the salaries are much higher for those other sectors but I am also willing to make 100k over 150k if it means I get more time with my family.

Regardless of what I choose do you think certifications are enough in this economy or would going for a self paced bachelors at WGU, Capella, etc be smarter?

Any insight is appreciated, thanks/

TLDR; breaking into data analytics, engineering, or cybersecurity for someone who values work life balance, needs to make at least 80-100k, & is burnt out from customer interaction/micromanagement?",2026-06-23,4,https://www.reddit.com/r/analytics/comments/1udk9yb/data_analytics_vs_other_tech_avenues/
AI tools interview,analytics,"How do you all find Agents at generating diagrams and small interactive prototypes from your notes, docs or even hand drawing?","I'm pretty new to integrating AI agents into my workflow, and I've really found value in using it for creating small diagrams and low-fidelity prototyping, something I used to spend a lot of time on across a lot of different programs. Though I still feel the tools are a little underbaked?

Ideally, I just want to feed an agent my confirmed requirements or a snapshot of a hand-drawn sketch and have it directly spit out a functional flowchart or basic interactive wireframe in one go. No context-switching and no rebuilding from scratch.  
Is anyone actually pulling this off successfully right now? What tools, prompts, or custom GPTs/Agents are you using to bridge this gap?",2026-07-21,0,https://www.reddit.com/r/analytics/comments/1v29hc4/how_do_you_all_find_agents_at_generating_diagrams/
AI tools interview,analytics,Advice for transition from design to data analyst without a degree,"hi , i completed my 12th(or PUC) then joined a 6 month diploma in design and currently having a 1.5 years of experience in design field . i tried to get into core 

ai ml but it looks like too much competition for degree holders only, so 



is it possible to get a data analyst job without a formal degree ?  anyone got it before. 



consider the current AI impact also and i going to pursue bootcamp course in Bengaluru Excelr , is it okay or shall i self study ?



or instead of data analyst shall i try something else in technical side . 



( please don't comment to go into design only )



thanks",2026-08-12,2,https://www.reddit.com/r/analytics/comments/1vm9fxu/advice_for_transition_from_design_to_data_analyst/
AI tools interview,analytics,Anyone else tired of GA4 but forced to use it?,"I’ve spent the last two years trying to ""learn"" GA4, and I think I know some stuff, but... I don't understand how a tool this critical can be so confusing, unintuitive, and useless, especially for making quick decisions.

Every time I have to open it, I hate myself and my company even more. .

My company won't let us switch to Plausible or Fathom because ""we need the Google ecosystem for ads."" So now I'm stuck looking at a dashboard that feels like it was designed by data scientists who hate marketers. 

Every time I need to know something simple, like why users are abandoning a specific flow or why we had a massive rush on Sunday, it takes me 5 days to actually dig up the answer.

By the time I find it the opportunity is gone.

How are you guys coping with this?   
  
Is there literally *any* tool that just reads GA4 data and sends actual notifications or actionable tips? I just want someone to tell me what happened without me having to dig for a week.  
",2026-03-22,15,https://www.reddit.com/r/analytics/comments/1s0r7zx/anyone_else_tired_of_ga4_but_forced_to_use_it/
AI tools interview,analytics,Expectations & job scope changing with AI,"I’m on the cusp moving out of this field entirely after years of being considered a high-performer.

Apparently, in our team, the expectation is to now build & maintain apps using a virtual machine server. It’s fine since Claude is doing most of the work. I shouldn’t be complaining even though I understand none of it and have to trust what these tools say. Nothing is going to go wrong…

Apparently, people fancy themselves an analyst and send pages of slop a contextless Claude generated that I have to read through (and disagree with) because it’s all fucking wrong, wasting my time than if they had sent a 1-2 sentence stating the problem and providing specific examples of the issue.

I want off this timeline……",2026-07-27,15,https://www.reddit.com/r/analytics/comments/1v83cf0/expectations_job_scope_changing_with_ai/
AI tools interview,analytics,Possible Celonis Position,"I am currently interviewing for a senior value engineer role at Celonis and have a few questions. I am relatively unfamiliar with the process mining, but I’m finding the tool and its capabilities incredible. What are people’s thoughts about the company? About the industry is a whole? ",2026-09-17,1,https://www.reddit.com/r/analytics/comments/1wj4d1f/possible_celonis_position/
AI tools interview,analytics,Looking for direction and guidance,"I'll cut straight to the chase - 

I'm a 3rd year bba student a tier 2 college.

I recently started building some excel projects which I'll rank as per my assessment and describe as follows - 

1. Inventory forecaster and optimizer (6.5/10) - 

Built on a 50k rows dataset,i used the rand function,and calculated metrics such as a backtest,abs,error rates,overstocked and normal rates,with the key insight being that products that generate highest revenue arent necessarily the ones that sell the highest in quantity,and vice versa certain products sell a lot but don't generate much revenue so the firm should diversify their marketing spend into a few products rather than just one.

2. Automated financial dashboard (6/10) - 

Built on a million rows of data,i used power query to filter out zeroes and anomalies and calculated gross profit,cogs and net sales.

With a basic chart and a small macro that updates anytime a number is changed in the data.

Insight here was similar to the first project in that the customer id with the most purchases,buys a product which isn't the overall highest selling product and once again the firm should distribute revenue across a basket of products.

3. Factory defects analysis (5.5/10) - 

Did this as part of a forage simulation.

Used power query and pivot tables on a 500k row dataset,to create visuals showing the tools causing the most errors across various cities,along with reasons (lack of training,supplier issues, mismanagement/injury) etc.

Since the cutting saw was the highest error causing tool in every city,it shows that the firm needs to further investigate the issue to make a proper decision.

Now,i know that these projects aren't impressive but i also beleive that for my first few these aren't bad.

I have gone beyond the usual style of 'oh hey sales dropped in q3' and tried to build something beyond that.

And i suffer from issues you would expect like,a lot of AI hand holding,not exactly much technical depth right now,like i can't explain why i used a particular approach and why I did what I did,cv and linkedin not optimized etc but then again,i started recently only.

And as i plan to further learn power bi,sql,python i want to build harder projects like okay,customers in one region are reacting completely different than to customers in another,so what unified decision should the firm make etc 

I don't want to hear things like oh it's so competitive,oh you'll struggle with your non tech background,oh this market is cooked.

I know it is.

All i want to hear is simply ' this is what you're doing right,this is what you're doing wrong ' ",2026-08-20,4,https://www.reddit.com/r/analytics/comments/1vtb21k/looking_for_direction_and_guidance/
AI tools interview,analytics,Only have a week to prep for major interview,"Haven’t had a job interview in 4 years and very rusty right now. I’m really hoping to get the job but feeling very unprepared. Like many others I’ve been using AI agents and also doing the same work every day so I do not feel prepared to answer complex coding or stats questions. It’s not been easy to get an interview so really hoping not to drop the ball here. 

I’m cramming leet code and watching YouTube videos on interview techniques but what else should I do?",2026-08-17,8,https://www.reddit.com/r/analytics/comments/1vr8grs/only_have_a_week_to_prep_for_major_interview/
AI tools interview,datascience,"Is a year in a 'less-technical' but very client-relationship focused role a hindrance or a help for future DS roles, and who falls through keyword gaps?","Hi all, I'm re-entering the hiring process after yet another mass layoff and I've been thinking about how my recent work will be perceived by the hiring machine in 2026. My broader question is around whether the stakeholder management type soft skills that people say are valuable, are actually looked for/selected for by hiring managers - did I hurt my chances by taking a less technical role immediately out of PhD?

A bit of context, I finished my PhD in Comp-Neuro in 2024, working primarily on using computer vision focused ML to extract complex information from auditory neural activity. I was applying for DS roles initially and got a couple of interviews, but my first decent job offer was in a consultancy with a less technical focus (in large part AI safety, working out where companies with  data protection obligations can implement AI without it all going pear-shaped or getting sued) - I desperately needed a post-PhD income stream, and the money was decent. 

The work was *not* a DS role, I did a fair bit of data analysis but it was research-focused, not on deployment, and we didn't use the classic tools like databricks, apache spark etc. What I did do was a large amount of stakeholder management with our clients, which included some major US/Canadian corporations/govt departments - working out what their problem was and how we could help them, aligning the exec bluster from what the engineering/product/legal teams thought was actually feasible, etc. This included working directly with the C-suites of a couple of major Canadian banks. 

On a personal level I learned a huge amount in these roles, but I'm concerned that because I was not actively working in a DS role, building technical stuff and coding every day, I've essentially created a gap in my resume that recruiters with a list of nouns to match would see as worthless. ",2026-08-04,38,https://www.reddit.com/r/datascience/comments/1vff975/is_a_year_in_a_lesstechnical_but_very/
AI tools interview,datascience,"Burnout, disillusionment, and imposter syndrome after 1 year in DS. Am I just an API monkey? Reality check needed.","Hey folks,

I am about a year into my first data science job. It took roughly a year and more than 400 applications to land it, so the idea of another long search is scary.

Early on I worked with an internally built causal AI model that captures relationships for further analysis. I did not build the model. I ran experiments to make it more explainable and easier for others to use. I also built data orchestration pipelines using third party tools that are common in industry and cloud providers like AWS and GCP.

The last six months have shifted to LLM and NLP work. A lot of API calls, large text analysis. The next six months look even more LLM heavy since I am leading an internal tool build.

On paper there are wins:
- I have led projects and designed tools from scratch.
- My communication and client skills have improved.


My concerns:

- I am not doing much classical DS or rigorous modeling.
- LLM work often feels like API wrangling rather than technical depth.
- Work life balance is rough with frequent weekends.
- Even with a possible 5 to 10 percent raise (possibly within the next 6 months), the work likely stays the same.

I feel imposter syndrome and worry I am behind my peers on fundamentals and interview depth. I’m so burned out and honestly can’t tell if I’m just being a negative Nancy or if my concerns are legit. Am I shortchanging myself by thinking that I'm just not skilled enough? Idk


What I would love input on:

Am I building valuable skills for the DS market, or am I narrowing myself too much?

What types of companies or industries might value this mix of causal modeling, LLM work, and consulting style analysis?

If I want to keep doors open for more traditional DS or ML roles, what should I focus on learning now?

Portfolio ideas I can ship from my current work that would impress a hiring manager?

Would you ride out six months to finish the tool and try for a promotion, or start looking sooner?

Honest takes are very welcome.

",2025-08-09,116,https://www.reddit.com/r/datascience/comments/1mluc12/burnout_disillusionment_and_imposter_syndrome/
AI tools interview,datascience,Worst Online Assessment Tool I’ve Encountered in 15 Years Career.,"It is Glider.ai

It has features where interviewers can configure to ask the candidate to:

1. Enable Camera
2. Enable Microphone
3. Download Glider Chrome Extension and share the screen

All this for a take home online timed coding assessment. 

It analyzes the camera and microphone data and applies AI to assess whether the candidate is cheating. WTF!

Cannot even reference any documents for syntax (unless the interviewers have explicitly entered those reference links in the config). 

Companies using this tool must be scraping the bottom of the barrel. The interviewers over there must not have heard about the better side of Internet resources where their employees can tap  into and evolve to make better products. 

The psychological assumption with such kind of tests is that the person who passes the test is going to write their code at job only while someone else breathing on their neck. If they make even a single mistake they’re going to be fired. 

Most ridiculous piece of shit I’ve seen exist on the internet.",2024-08-16,207,https://www.reddit.com/r/datascience/comments/1ets28n/worst_online_assessment_tool_ive_encountered_in/
AI tools interview,datascience,Fun Interview with Jason Strimpel about transferable skills from data science to algorithmic trading.,"I had the opportunity to interview Jason Strimpel.  He's been in trading and technology for 25 years as a hedge fund trader, risk quant, machine learning engineering manager, and GenAI specialist at AWS. He is now the Managing Director of AI and Advanced Analytics at a major consulting company. 

I asked him all about the transferable skills, the mindset shifts, tools someone should pick up if they're just getting started, how algo trading is similar to ML, and differences in how you think about/work with the data. He had a lot of great tips if you're a data person thinking about getting into trading.",2025-10-01,20,https://www.datamovesme.com/blog/qfe2cds9h37bdmvi8h4a7p0x785ic9
AI tools interview,datascience,Seeking help in choosing between two offers.,"Hey Y'all,

Needed some inputs in choosing between two offers. I have tried to read similar thread before. 

**Company 1**: Some Fintech

**Position**: Senior Data Scientist

**Role**: Taking care of their models on databricks. Models like ARR modelling. Churn modelling etc.

**Other Important Factors**: Company 1 has 5 days in office. This is a new mandate to prevent previous misuse. You also have to be very social person. They have had rounds of layoffs and had hiring freeze and have started to hiring again. My interview experience was great and I can see myself being successful in this role. However, I havent practiced classic machine learning for a while. I surely can pick it up. I am only worried that this role will have no engineering work at all. No productionsining of models. I am not sure how this will be for my future roles.



**Company 2**: Some company which is actively using LLMs and Agentic approaches

**Position**: Senior Machine Learning Engineer

**Role**: Work with agentic AI and productionise and update LLMs

**My Preference** \- Work with a company with stability and in a position where I can grow long term.


**Other Important Factors**: This role is in line with my last role, my PhD and LLM experience. I have read tonnes of literature so I sort of feel prepared for this role but I feel worthless when I have to spend weeks to improve latency without touching LLMs. My technical round was also okayish in this company. They are doubling the team. They are a well established company too. 


-------------------------------

My last position was of a ML engineer and I think what I disliked is -- the position slowly slipping into too much backend work. I am a stronger data scientist by training but have a PhD in NLP application so know the other bit too. I do struggle a bit when it comes to productinising things but I have improved a lot and in a better place.

I guess what I want to ask is for folks who work at companies that have not yet implemented AI -- do you feel behind the industry or you have satisfied with the current trajectory ?

I honestly don't care about whether I work in NLP / AI or not, All I want is a peaceful job where I can do my best and grow. On one hand the ML engineer position seems to be very on the cutting edge of technology but I know at the end its going to be API call to some LLM with much boiler plate code and many tools. The data scientist position looks like something I have done in the past and now should leave and do progress to ML engineering. 

Advice ?",2025-05-29,18,https://www.reddit.com/r/datascience/comments/1ky9jlz/seeking_help_in_choosing_between_two_offers/
AI tools interview,datascience,(Advice) Data Science Interviews,"Hello!

I am a recent graduate with a master's degree in biomedical engineer with a few university subjects related to AI, databases and a master's thesis related to data science.


I want to find a junior data scientist position and I have recently done some interviews. I feel I fail in these interviews not because of the data science techniques but because of questions related to programming and my knowledge of some tools. For example 1) what is the difference between a Jupyter notebook and a Python script, 2) what do you do to optimise your code, and 3) do you know what Docker is?
 

This is probably trivial for a lot of you, but from my past experiences (internships, university subjects), I've never needed to think about these questions.
 

So, I wanted to know, for someone without a background in CS, how can I learn about these things more related to programming besides applying libraries and exploring data? And what do you think I should learn to fill this gap?
 

Thank you all!",2023-08-31,2,https://www.reddit.com/r/datascience/comments/1666n3b/advice_data_science_interviews/
AI tools interview,datascience,"Feel stuck in my career trajectory, need some help","Hello, all. I (US based) currently feel like I'm stuck without many options given my current resume to stay competitive enough to pass an HR filter if I were to apply for other data science jobs.

I have a bachelor's in statistics, but I have no technical masters degree. So many of the job listings I see say that they want at minimum a master's in CS or a related field. I'm at the stage in my life where going for a CS master's would be too hard because I have a weak CS background and would need to take at least 2 years of full time CS courses to be eligible for a CS masters. I could go for a masters in statistics starting the very next semester (albeit at a local lower ranked state school) and finish it part time in 2-3 years, but I don't know if that makes me even more of a square peg trying to fit in a round hole.

My work experience, entirely in the logistics industry, is data analytics for 2 years with SQL and BI tools and data science for 2 years with a focus on developing and deploying machine learning algorithms from open source libraries in Python. Because of my lack of skills on the CS side, I have been working exclusively on predictive and forecasting models for data with quantitative outputs so that I can leverage my statistics background. The other data scientists on my team handle more CS-heavy projects like recommendation, NLP, and AI algorithms.

All this in mind, I feel like I wouldn't get the time of day on any application I send out to some of the larger companies that are in the tech, finance, healthcare, etc space. Should I go or a technical masters? If not, what would you recommend I focus on to get my foot in the door for interviews? If I should go for a masters, is an MS in statistics good enough or does it have to be CS-related?",2023-09-04,0,https://www.reddit.com/r/datascience/comments/16a58hw/feel_stuck_in_my_career_trajectory_need_some_help/
AI tools interview,datascience,I’ve advanced to the second interview and I may have asked for too little. What’s your suggestion?,"Hi, all. 

I’m am heading out of graduate school with a Masters in Earth System Science. I recently interviewed for a data science role that will be focused on building the next gen water model. I have experience in ground validation of models, but I never really learned machine learning or AI. I just did straight statistics, and built some software relating to research using python and C++. I built some useful tools for getting big data and learned a lot about how to clean datasets and prepare them for other people to analyze. 

That said, I asked for 65-75. When I was on the interview, I asked what the director thought would get. He said he thought I was worth about 85-105. I was kind of dumbfounded, but I’m worried they may cut back as they start looking at what I actually wrote on the application. 

What would you do in this situation? Should I amend that number in the second interview and just say I’m interested in that range now? Otherwise, I’m a bit worried they may just offer what I wrote on the paper and I’ll undercut myself on what I’m worth. 

Thanks for any input.",2023-01-25,0,https://www.reddit.com/r/datascience/comments/10lcp8r/ive_advanced_to_the_second_interview_and_i_may/
AI tools interview,datascience,Data Science ppl - Interview/focus group,"Our team is looking for participants to provide feedback on AI data analysis tools. Share your experiences, challenges, and innovative ideas in exchange for an incentive!

Requirements:

* Based in United States
* 51-1000 person company
* CXO, VP, Director, Manager in data science, rev ops, or marketing analytics

Participate in a 30-minute interview and be part of shaping the future of data.

Sign up here: [https://forms.gle/411ZqcvNfT54Rkuk9](https://forms.gle/411ZqcvNfT54Rkuk9)",2023-05-25,0,https://www.reddit.com/r/datascience/comments/13rpvsl/data_science_ppl_interviewfocus_group/
AI tools interview,datascience,Career advice needed,"Hi everyone! I’m looking for some career advice because I’m fairly new to the workforce and want to make sure I’m setting myself up for success later down the line. 

For background, I’m in my mid 20’s and I got my bachelors in Econ and then immediately got a masters in statistics during COVID. I lucked out when I finished because I live in an extremely remote area and was able to land the only DS job within a 100 mile radius. I was also shocked that I was even able to pass the interview because I had NO real experience going into it (I really fooled around in college and had no idea what I wanted to do until I got my masters). 

The gig is pretty good; I work as a gov’t contractor as the only DS in the area and probably get paid more than I deserve. However, I do very little real DS work. I started as a glorified IT/Systems admin manager and have only started doing any analysis and research in the last few months. I work in a relatively new department with limited capabilities and totally new and changing data collection tools. 

My biggest worry is that I’m not practicing or gaining enough skills to move on to a better DS role. I’ve volunteered myself as a consultant and run analyses for some new teams that have been stood up at my job but I really don’t get much opportunity to do anything “data” related in my day to day job. I mostly do admin work. 

My big question is whether I should jump ship (I’ve just passed the 1.5 year mark) and find new remote opportunities or if it looks better to stay with this job and work on helping to establish a working database that will later to be used for some cool analysis (it’s the gov so this will probably take a LONG time) even if it means I won’t be coming out of this job with all the advanced ML/AI/Python/general programming skills all y’all have?",2023-03-14,1,https://www.reddit.com/r/datascience/comments/11rct2h/career_advice_needed/
AI tools interview,datascience,Trying to get into a data analyst field,"As a background I study business administration (major in finance) then studied a master in international business and economics (useless masters tbh haha) but before my master I worked for a while as business operations analyst and basically was doing data analysis but in excel, and I really enjoyed it. Now I’m doing some courses on data science, and have gained knowledge in the essential tools (Python, Ml, AI, R, SQL, BI, Tableau).
I already started applying to positions for data analyst or business analyst, but I’m struggling to get interviews (have had like 3, for 1 had like 3 interviews, for the other 2 just with HR). 

Any tips or recommendation to get a job in this field? 

How important is the portfolio? (In the course I’m taking we’ve just made 2 small projects on ML so far, there’s one big project we’re going to make but I don’t know when exactly)",2023-01-20,0,https://www.reddit.com/r/datascience/comments/10gs5nz/trying_to_get_into_a_data_analyst_field/
AI tools interview,datascience,What’s your 2026 data science coding stack + AI tools workflow?,"Last year, there was a thread on the same question but for [2025](https://www.reddit.com/r/datascience/comments/1k26kp3/whats_your_2025_data_science_coding_stack_ai/)

* At the time, my workflow was scattered across many tools, and AI was helping to speed up a few things. However, since then, Opus 4.5 was launched, and I have almost exclusively been using Cursor in combination with Claude Code.

* I've been focusing a lot on prompts, skills, subagents, MCP, and slash commands to speed up and improve workflows [similar to this](https://www.youtube.com/watch?v=X2ciJedw2vU).

* Recently, I have been experimenting with [Claudish](https://github.com/MadAppGang/claudish), which allows for plugging any model into Claude Code. Also, I have been transitioning to use [Marimo](https://github.com/marimo-team/marimo) instead of Jupyter Notebooks.

I've roughly tripled my productivity since October, maybe even 5x in some workflows.

I'm curious to know what has changed for you since last year.",2026-01-09,86,https://www.reddit.com/r/datascience/comments/1q85xuw/whats_your_2026_data_science_coding_stack_ai/
AI tools interview,datascience,Whats your favourite AI tool so far?,Its hard for me too keep up - please enlighten me on what I am currently missing out on :),2025-03-04,121,https://www.reddit.com/r/datascience/comments/1j3hq4r/whats_your_favourite_ai_tool_so_far/
AI tools interview,datascience,What’s your 2025 data science coding stack + AI tools workflow?,"Curious how others are working these days. What’s your current setup?

IDE / notebook tools? (VS Code, Cursor, Jupyter, etc.)

Are you using AI tools like Cursor, Windsurf, Copilot, Cline, Roo?

How do they fit into your workflow? (e.g., prompting style, tasks they’re best at)

Any wins, limitations, or tips?",2025-04-18,185,https://www.reddit.com/r/datascience/comments/1k26kp3/whats_your_2025_data_science_coding_stack_ai/
AI tools interview,datascience,why is all dev tool innovation in the AI/ML space focused on the least time consuming stuff?,"Every DS, DE, and MLE I speak to (including myself) spends a majority of their time focused on data prep. Even though this is taking up 70-90% of everyone's time all the investment and innovation focus seems to be on training, fine-tuning, and on-demand inference. Why? Is data prep not sexy?

It is imperative that high quality samples are being used for training, shit data is going to create a shit model. I feel like there should be more focus on making feature selection, data cleansing, and preprocessing less cumbersome, any thoughts?",2024-04-10,117,https://www.reddit.com/r/datascience/comments/1c0bof0/why_is_all_dev_tool_innovation_in_the_aiml_space/
AI tools interview,datascience,What is your opinion on Julius and other ai first data science tools?,"I’m wondering what people’s opinions are on Julius and similar tools (https://julius.ai/)

Have people tried them? Are they useful or end up causing more work?",2025-06-20,7,https://www.reddit.com/r/datascience/comments/1lggtm2/what_is_your_opinion_on_julius_and_other_ai_first/
AI tools interview,datascience,[AI Tools] What AI Tools do you use as a copilot when working on your data science coding?,There are coding platforms like v0 and cursor that are very helpful for doing frontend/backend related coding work. What's the one you use for data science?,2025-02-02,70,https://www.reddit.com/r/datascience/comments/1ifub7j/ai_tools_what_ai_tools_do_you_use_as_a_copilot/
AI tools interview,datascience,"My AI tool to writes SQL queries for me now, so I don't have to. Thoughts?","Here's how I started using AI for Data Analysis: I often write SQL queries for my Data Science job, but it can be really tedious and time-consuming. First I have to think about how to even approach the query, and then I have to google stuff to fix issues and refresh my memory.

I started using ChatGPT for help, but it was annoying to have to explain the tables/views every time.

To fix this, I built a tool that remembers your whole schema. It gives you a query to extract all the necessary info in one go and then you just copy-paste it once (it's saved with encryption). Then, all you have to do is write what you need in plain English, Ex. ""Users who have been online over 5 days this week"", and it writes the SQL query for you.

I showed it to my colleagues and they went crazy and are obsessed with it, as are my ex-colleagues from my last company.

What do you think? Would love to get your feedback. It's 100% free, you couldn't pay me even if you wanted to: [www.blazesql.com](http://www.blazesql.com)",2023-03-07,126,https://www.reddit.com/r/datascience/comments/11l5jqm/my_ai_tool_to_writes_sql_queries_for_me_now_so_i/
AI tools interview,datascience,Created list of AI tools and resources specifically for data scientists (Github repo),"For the past year, I’ve been working on integrating AI into my data science workflows to automate and optimise parts of it

One of the things I noticed early on was that it was hard to find tools and resources that are truly aimed at data scientists and the ways we work.

So I decided to put together this “AI data scientists handbook” gathering everything I’ve found along the way: AI-native tools, foundation models, learning resources, etc., that can actually help data scientists.

Here is the link:

[https://github.com/andresvourakis/ai-data-scientist-handbook](https://github.com/andresvourakis/ai-data-scientist-handbook)

Let me know if there is anything else you’d like me to include (or make a PR). I’ll vet it and add it if it’s valuable

Hope you find it valuable 🙏",2025-12-16,26,https://www.reddit.com/r/datascience/comments/1po2tmr/created_list_of_ai_tools_and_resources/
AI tools interview,datascience,"Interview experience: AI Engineer, entry/mid level","[link to Resource repo](https://github.com/xandie985/data-scientist-roadmap2024/tree/main?tab=readme-ov-file#interviews).

**Round 1: Introduction \[30min\]**

The initial round was focused on discussing my resume and aligning it with the job description.

**Round 2: Technical Round \[60min\]**

This round delved into various technical topics:

* **Statistics**: Covered random variables, convergence of series, hypothesis testing, and types of errors in hypothesis testing.
* **Machine Learning**: Explored machine learning basics, statistical implementation of linear regression, multivariate linear regression, decision trees, random forests, and their differences.
* **Neural Networks**: Discussed fully convolutional neural networks, dense neural networks, recurrent neural networks, their benefits, drawbacks, and alternatives like LSTM and Transformer models.
* **Portfolio Management**: Covered concepts such as correlated and independent assets, portfolio management strategies for different scenarios, asset allocation, hedging, and portfolio optimization.

*Round 3: Live coding round.(pending)*  
*Round 4: Managerial round. (pending)*",2024-04-29,68,https://www.reddit.com/r/datascience/comments/1cg7b3g/interview_experience_ai_engineer_entrymid_level/
AI tools interview,datascience,Would you volunteer to join the team building AI tooling? If you have what has been your experience?,"I just learned a colleague that was part of the AI tooling team is leaving and I am considering whether to ask to be added to their old project team. 

I am a data scientist and while I have not had too many ML projects recently, I have some lined up for next quarter. 

Their team was building the tooling to build agents for use internally and customer facing. That team has obviously gotten a lot of shout out from the CEO. Their early products are well received. 

I prefer ML over AI tooling but also feel there is a new reality for my next job in that I should be above average in AI usage and development. And thus I feel that being part of the AI team would be beneficial for my career. 

So my question is. Should I ask to join the AI team? Have others done this - what has been experienced? Anything to look out for/any ways to shape the my potential journey in that team? ",2025-09-04,0,https://www.reddit.com/r/datascience/comments/1n83iok/would_you_volunteer_to_join_the_team_building_ai/
AI tools interview,datascience,"Update: Interview experience: AI Engineer, entry/mid level (Have updated the questions too.)",,2024-06-26,36,/r/datascience/comments/1cg7b3g/interview_experience_ai_engineer_entrymid_level/
AI tools interview,datascience,Anyone else struggling to balance coding yourself vs. letting AI do it?,"Since I got access to Claude at work, I haven’t really written much code from scratch, especially for ad hoc analyses or quick charts. I still review the code and make sure I understand everything, but it’s honestly a little scary how much better Claude’s code often is than mine. At that point, it’s hard not to wonder what the value is in writing it yourself.

On top of that, management is encouraging us to use AI to be more productive and deliver results faster, so there’s that pressure as well.

To keep my interviewing skills sharp, I still practice on LeetCode or StrataScratch from time to time. But at work, I’ve been relying on Claude pretty heavily.  
Is anyone else dealing with the same dilemma?",2026-08-06,245,https://www.reddit.com/r/datascience/comments/1vh806z/anyone_else_struggling_to_balance_coding_yourself/
AI tools interview,datascience,Saved $100k per year by explaining how AI/LLM work.,"I work in a data science field, and I bring this up because I think it's data science related.

We have an internal website that is very bare bones. It's made to be simplistic, because it's the reference document for our end-users (1000 of them) use.

Executives heard about a software that would be completely AI driven, build detailed statistical insights, and change the world as they know it.

I had a demo with the company and they explained its RAG capabilities, but mentioned it doesn't really ""learn"" like the assumption AI does. Our repo is so small and not at all needed for AI. We have used a fuzzy search that has worked for the past three years. Additionally, I have already built out dashboards that retrieve all the information executives have asked for via API (who's viewing pages, what are they searching, etc.)

I showed the c-suite executives our current dashboards in Tableau, and how the actual search works. I also explained what RAG is, and how AI/LLMs work at a high level. I explained to them that AI is a fantastic tool, but I'm not sure if we should be spending 100k a year on it. They also asked if I have built any predictive models. I don't think they quite understood what that was as well, because we don't have the amount of data or need to predict anything.

Needless to say, they decided it was best not to move forward ""for now"". I am shocked, but also not, that executives want to change the structure of how my team and end-users digest information just because they heard ""AI is awesome!"" They had zero idea how anything works in our shop.

Oh yeah, our company has already laid of 250 people this year due to ""financial turbulence"", and now they're wanting to spend 100k on this?!

It just goes to show you how deep the AI train runs. Did I handle this correctly and can I put this on my resume? LOL",2025-07-08,1184,https://www.reddit.com/r/datascience/comments/1lux7bt/saved_100k_per_year_by_explaining_how_aillm_work/
AI tools interview,datascience,Check out our AI data science tool,"Demo video: [https://youtu.be/wmbg7wH\_yUs](https://youtu.be/wmbg7wH_yUs)

Try out our beta here: [datasci.pro](https://datasci.pro/) (Note: The site isn’t optimized for mobile yet)

Our tool lets you upload datasets and interact with your data using conversational AI. You can prompt the AI to clean and preprocess data, generate visualizations, run analysis models, and create pdf reports—all while seeing the python scripts running under the hood.

We’re shipping updates daily so your feedback is greatly appreciated!",2025-02-28,0,https://www.reddit.com/r/datascience/comments/1j0ikva/check_out_our_ai_data_science_tool/
AI tools interview,datascience,Does a Data Scientist need to learn all these skills?,"* Strong knowledge of Machine Learning, Deep Learning, NLP, and LLMs.
* Experience with Python, PyTorch, TensorFlow.
* Familiarity with Generative AI frameworks: Hugging Face, LangChain, MLFlow, LangGraph, LangFlow.
* Cloud platforms: AWS (SageMaker, Bedrock), Azure AI, and GCP
* Databases: MongoDB, PostgreSQL, Pinecone, ChromaDB.
* MLOps tools, Kubernetes, Docker, MLflow.

I have been browsing many jobs and noticed they all are asking for all these skills.. is it the new norm? Looks like I need to download everything and subscribe to a platform that teaches all these lol (cries in pain).",2025-07-29,360,https://www.reddit.com/r/datascience/comments/1mc2zaz/does_a_data_scientist_need_to_learn_all_these/
AI tools interview,datascience,"Hi guys, has anyone used SQL AI tools like Draxlr?","I do not know if I should make a purchase or not for an AI SQL Query generator.

 I know that many people use OpenAI API for their tools but I do not want to assume that everybody does it. ChatGPT isn't so accurate either with its code. I just wanted to know if anybody has used an AI tool to generate SQL queries and how accurate it has been?

Thanks in advance!",2023-06-06,1,https://www.reddit.com/r/datascience/comments/1429lwp/hi_guys_has_anyone_used_sql_ai_tools_like_draxlr/
AI tools interview,datascience,[OC] Some basic plots created using Generative AI for a random housing dataset. Has anyone else been using any generative AI tools to create their plots (for your own datasets)?,,2023-06-26,28,https://i.redd.it/kvq8i6qp808b1.png
AI tools interview,datascience,What’s the best AI tool for statistical coding?,"Is git copilot going to be a major asset for stats coding, in R for instance?",2023-10-15,0,https://www.reddit.com/r/datascience/comments/178744m/whats_the_best_ai_tool_for_statistical_coding/
AI tools interview,datascience,"Is there a tool like pandas-ai, but for R?","Hi all, PandasAI came out lately. For those who don't know, it's a python AI tool that is similar to ChatGPT except it generates figures and dataframes. I don't know if it also can run statistical tests or build regression models.

I was wondering if there is a similar tool for R or if anyone is developing one for R.

Thank you!

Here's the link to the repo for PandasAI if anyone's interested:  [gventuri/pandas-ai: Pandas AI is a Python library that integrates generative artificial intelligence capabilities into Pandas, making dataframes conversational (github.com)](https://github.com/gventuri/pandas-ai) ",2023-05-29,0,https://www.reddit.com/r/datascience/comments/13uljnn/is_there_a_tool_like_pandasai_but_for_r/
AI tools interview,datascience,AI-based Research tool to help brainstorm novel ideas,"Hey folks,

I developed a research tool [https://demo-idea-factory.ngrok.dev/](https://demo-idea-factory.ngrok.dev/) to identify novel research problems grounded in the scientific literature. Given an idea that intrigues you, the tool identifies the most relevant pieces of literature, creates a brief summary, and provides three possible extensions of your idea.

I would be happy to get your feedback on its usefulness for data science related research problems.

Thank you in advance!",2023-10-15,2,https://www.reddit.com/r/datascience/comments/1788uk9/aibased_research_tool_to_help_brainstorm_novel/
AI tools interview,datascience,"Those who have gotten a new job in the last 6 months - 1 year, how’s it going?","Getting a little bored in my current role where I’ve been for a few years (work at a large financial institution). Role feels very stable even with AI disruption, have access to many of the tools although for my specific job they’re not as helpful outside of research.

I’m able to do all my work quickly and efficiently, don’t have any career growth opportunities as I’ve topped out the IC track here but my raises every year have beaten inflation as I’ve performed pretty well. 

Those who have changed roles, how has it gone for you? Interested in hearing from folks who’ve moved into the tech industry specifically. 

I figure it’ll take me a year+ to find a new job that I want more than my current one given the market and difficulty others have described. ",2026-09-18,97,https://www.reddit.com/r/datascience/comments/1wjtzew/those_who_have_gotten_a_new_job_in_the_last_6/
AI tools interview,datascience,"Job seekers, help trial a AI mock interview app for your upcoming interviews","Hi fellow data scientists, I am looking for a few users for an AI mock interview app i'm building and happy to help you all with your job hunt in return for feedback (I am a mid career DS professional, so i can help with interview tips etc).

Please DM me.",2023-05-19,1,https://www.reddit.com/r/datascience/comments/13lrjag/job_seekers_help_trial_a_ai_mock_interview_app/
AI tools interview,datascience,What are the best SQL AI Code Tools you have used?,"I've been using visual studio copilot for a while, but it seems more like an auto-suggest/fill feature that saves me almost 5 minutes!! a day.      
/s

Also, I've had some..... success with chatgpt, but I'm sure you all know there are definite limitations for its use cases.

Now I've seen these sort of list online:

[https://ai-powered.com/s/tools?q=sql](https://ai-powered.com/s/tools?q=sql)

[https://paxi.ai/categories/sql](https://paxi.ai/categories/sql)

&#x200B;

Anyone tried one of these?  Opinions?",2023-09-14,5,https://www.reddit.com/r/datascience/comments/16i3evd/what_are_the_best_sql_ai_code_tools_you_have_used/
AI tools interview,datascience,Interview questions ML/AI Data Scientist,"I am interviewing for a promotion from a Data Scientist into a Data Scientist with ML/AI expertise. 

I am spending time brushing up on my knowledge, do you have any interview questions you wish you were better prepared for?",2023-06-30,5,https://www.reddit.com/r/datascience/comments/14n7ti1/interview_questions_mlai_data_scientist/
AI tools interview,datascience,Five Reasons Why ChatGPT and Other AI Tools Will Never Fully Replace Developers,"Hello everyone, 
This is my opinion about the drama ""We are going to be Replaced by ChatGPT"" 🤪 
You will see I have valid reasons here! 
https://link.medium.com/yo3WJX7aVyb",2023-04-11,0,https://www.reddit.com/r/datascience/comments/12iz8n5/five_reasons_why_chatgpt_and_other_ai_tools_will/
AI tools interview,datascience,Free Database Of Every AI Tool Ever Made,,2023-07-26,7,https://gpte.ai
AI tools interview,datascience,"What are the must-know topics, skills, and tools in AI right now and for the next few years?","It's a fast moving train but what do you think are the more important topics/models/methods right now and beyond? Not just ""problem description"" and other foundations but skills you'd want candidates to bring to the table in 2025 for example?",2023-08-17,0,https://www.reddit.com/r/datascience/comments/15tcb3y/what_are_the_mustknow_topics_skills_and_tools_in/
AI tools interview,datascience,2026 Tech Stack at your Job,"What is your current tech stack at your job?

Here is a template for your answer

Title:

Industry:

Domain:

Programming Languages:

AI tools:

Others:",2026-06-17,98,https://www.reddit.com/r/datascience/comments/1u7upnm/2026_tech_stack_at_your_job/
AI tools interview,datascience,How does the one create interesting visualizations with the dataset? Are there AI tools that help with this process?,,2023-03-04,0,https://www.reddit.com/r/datascience/comments/11i73ko/how_does_the_one_create_interesting/
AI tools interview,datascience,AI tools for Excel/Google Sheets,,2023-06-10,0,/r/ChatGPT/comments/1459tt1/tools_to_use_gpt_with_excelgoogle_sheets/
AI tools interview,datascience,"[SEEKING FEEDBACK] I built a Chrome Extension AI tool that brings ChatGPT directly to any website. It's powered by GPT4 with access to the web, email reply, auto-suggest prompt, summarize and read screen features.",,2023-06-28,0,https://www.joinmano.ai/
AI tools interview,datascience,AI to automate SQL generation and data workflow tools,"Hey everyone,

I used to work as a data analyst and writing and fixing SQL queries was a huge time-consuming part of my job. The latest generative AI releases had some really cool examples around SQL generation and I thought it would be a very useful tool for data analysts like myself to be able to use AI to write, debug, and optimize data queries. I'm currently working on a project to allow you to use AI assistance to auto-generate SQL queries on your data schema. [You can check it out here](https://www.logicloop.com/ai-sql-query-generator). Let me know if you have any feedback or if you think something like this would be useful to you.

Thanks!",2023-03-27,2,https://www.reddit.com/r/datascience/comments/123ufs7/ai_to_automate_sql_generation_and_data_workflow/
AI tools interview,datascience,"Are there any small, quick things I can do everyday to keep my skills sharp?","I’m sure everyone knows about the dilemma of AI at this point. We want to work faster but our skills are atrophying yada yada…as a junior data scientist, I feel like I barely had any skills to begin with. Now with my company forcing us to use AI, I feel like I’m not learning much. Now I’ve been doing leetcode, but I just don’t think it’s that applicable to my real job. I don’t have the bandwidth outside of work to do a project yet, since my company is working us to the bone. What are some quick habits/tools/websites/apps you recommend to keep your skills sharp?

Edit: so many great tips in the comment section, thank you all!!! I will save this post for future reference ",2026-05-19,133,https://www.reddit.com/r/datascience/comments/1th87u4/are_there_any_small_quick_things_i_can_do/
AI tools interview,datascience,AI Overuse Follow-up,"[Original post](https://www.reddit.com/r/datascience/comments/1rwppwz/dealing_with_genai_overuse/?utm_source=share&utm_medium=web3x&utm_name=web3xcss&utm_term=1&utm_content=share_button)

**Update**

This ended up spiraling out of control in ways that I could have never imagined. The individual admitted to defaulting their doc writing to AI and re-wrote everything, but in th background they doubled down on their AI coding workflow instead. It took me a while to catch wind of things because I would only see a mention of a project here or there and I had no insight as to their day-to-day.

Fast forward a month and I am seeing their projects everywhere, all the way up to the C-suite level. The scale was incredible. In a a matter of days this individual had done everything from financial modeling, LTV modeling, customer lifecycle analysis at a large scale, built large scale data ingestion and processing pipelines, even Marketing and product experiments. At first I was impressed, but as I pulled back the covers the mess was worse than I ever expected.

The clues were subtle but consistent: no comments in the code aside from headers, data was read in and cleaned, but never visualized or inspected in any way, there were lots of custom functions when there were packages loaded that had the same function, convoluted helper files with basic functions, and oddly there were many instances where forecasting error was actually just the CV error and there was never an evaluation of the test set. Their SQL had numerous join issues, metrics were mislabeled, and their pipelines often had relationships and processing steps such as dropping a table but then writing a new table with no error handling so if there was a bug no new table would be written and we would lose the data. Basic analyses were off by weird margins because Claude seemed to have been querying staging tables rather than filtered reporting tables. Docs started to be written entirely in the first person like ""...and then I will use a log1p transformation"" in a way that no DS would actually ever write a tech doc.

Unfortunately this meant that many things that were produced were simply wrong. The individual had promised work to a lot of decision-makers and nearly all of it was misleading, incorrect, or didn't pass a simple sniff test. These inaccuracies were immediately escalated to our team leader, who brought me in to audit all of their code and documentation and I was unable to find a single file that I was convinced that was human written or even human edited. The worst part was that despite heavy use of AI there also wasn't a single file without some sort of glaring technical error. I turned in a pretty lengthy review and the individual was put on a PIP and their account access to AI tools was severely constrained. They were told to have all their work peer reviewed and in one instance were caught lying about passing review when no review had been conducted.

As you can imagine their productivity tanked and they had numerous excuses as to why. They also started taking a lot of days off and in a weird twist of fate they actually left before getting fired and now work at a large AI-centric industry-leading company. Part of me is glad that they are gone, but the other part finds it infuriating that people like this can be so good at bullshitting that they can consistently fail and somehow remain in industry due to their network and clever use of their few decent references. Their total comp at our company was \~$245K and they bragged to a co-worker that this new role has $265K base with $465K total comp. They basically got 2 promos out of this series of events (Senior to Senior Staff at our company, Senior Staff to Principal at the new role.",2026-06-10,98,https://www.reddit.com/r/datascience/comments/1u1rmj1/ai_overuse_followup/
AI tools interview,datascience,How does one prepare for such interviews?,"https://preview.redd.it/99irhgolmzjh1.png?width=622&format=png&auto=webp&s=99a2c4b9cec59a17af5ff650cb38720f373095d0

  
I see posts like these on my Linkedin feed every day. At this juncture, I am not sure if this is true or just one of those AI Slops - I am assuming there's a grain of truth in them. 

But now, when I am preparing for interviews and job hunting, I don't think I could have ever imagined answering it in this way, unless I have worked on specific/adjacent use cases.

How does one prepare for such questions?",2026-08-17,65,https://www.reddit.com/r/datascience/comments/1vr2gxc/how_does_one_prepare_for_such_interviews/
AI tools interview,datascience,"WTF with ""Online Assesments"" recently.","Today, I was contacted by a ""well-known"" car company regarding a Data Science AI position. I fulfilled all the requirements, and the HR representative sent me a HackerRank assessment. Since my current job involves checking coding games and conducting interviews, I was very confident about this coding assessment.

I entered the HackerRank page and saw it was a 1-hour long Python coding test. I thought to myself, ""Well, if it's 60 minutes long, there are going to be at least 3-4 questions,"" since the assessments we do are 2.5 hours long and still nobody takes all that time.

Oh boy, was I wrong. It was just one exercise where you were supposed to prepare the data for analysis, clean it, modify it for feature engineering, encode categorical features, etc., and also design a modeling pipeline to predict the outcome, aaaand finally assess the model. WHAT THE ACTUAL FUCK. That wasn't a ""1-hour"" assessment. I would have believed it if it were a ""take-home assessment,"" where you might not have 24 hours, but at least 2 or 3. It took me 10-15 minutes to read the whole explanation, see what was asked, and assess the data presented (including schemas).

Are coding assessments like this nowadays? Again, my current job also includes evaluating assessments from coding challenges for interviews. I interview candidates for upper junior to associate positions. I consider myself an Associate Data Scientist, and maybe I could have finished this assessment, but not in 1 hour. Do they expect people who practice constantly on HackerRank, LeetCode, and Strata? When I joined the company I work for, my assessment was a mix of theoretical coding/statistics questions and 3 Python exercises that took me 25-30 minutes. 

Has anyone experienced this? Should I really prepare more (time-wise) for future interviews? I thought must of them were like the one I did/the ones I assess.",2024-10-16,293,https://www.reddit.com/r/datascience/comments/1g4mbzy/wtf_with_online_assesments_recently/
AI tools interview,datascience,Should I Practice Pandas for New Grad Data Science Interviews?,"Hi, I’m a student about to graduate with a degree in Stats (minor in CS), and I’m targeting Data Scientist as well as ML/AI Engineer roles.

Currently, I’m spending a lot of time practicing LeetCode for ML/AI interviews.

My question is: during interviews for entry level DS but also MLE roles, is it common to be asked to code using Pandas? I’m comfortable using Pandas for data cleaning and analysis, but I don’t have the syntax memorized, I usually rely on a cheat sheet I built during my projects.

Would you recommend  practicing Pandas for interviews as well? Are live coding sessions in Pandas common for new grad roles and do they require you to know the syntax?

Thanks in advance!",2026-03-27,83,https://www.reddit.com/r/datascience/comments/1s4v4ad/should_i_practice_pandas_for_new_grad_data/
AI tools interview,datascience,Do you still use notebooks in DS?,"I work as a data scientist and I usually build models in a notebook and then create them into a python script for deployment. Lately, I’ve been wondering if this is the most efficient approach and I’m curious to learn about any hacks, workflows or processes you use to speed things up or stay organized.

Especially now that AI tools are everywhere and GenAI still not great at working with notebooks.",2026-01-22,91,https://www.reddit.com/r/datascience/comments/1qjoqu2/do_you_still_use_notebooks_in_ds/
AI tools interview,datascience,AI startup debuts “hallucination-free” and causal AI for enterprise data analysis and decision support,"https://venturebeat.com/ai/exclusive-alembic-debuts-hallucination-free-ai-for-enterprise-data-analysis-and-decision-support/

Artificial intelligence startup Alembic announced today it has developed a new AI system that it claims completely eliminates the generation of false information that plagues other AI technologies, a problem known as “hallucinations.” In an exclusive interview with VentureBeat, Alembic co-founder and CEO Tomás Puig revealed that the company is introducing the new AI today in a keynote presentation at the Forrester B2B Summit and will present again next week at the Gartner CMO Symposium in London.

The key breakthrough, according to Puig, is the startup’s ability to use AI to identify causal relationships, not just correlations, across massive enterprise datasets over time. “We basically immunized our GenAI from ever hallucinating,” Puig told VentureBeat. “It is deterministic output. It can actually talk about cause and effect.”",2024-05-06,225,https://www.reddit.com/r/datascience/comments/1clkibc/ai_startup_debuts_hallucinationfree_and_causal_ai/
AI tools interview,datascience,How common is this interview process for a Data Science+Data Engineer position?,,2023-04-20,345,https://i.redd.it/jkvabahil2va1.png
AI tools interview,datascience,How do you convince the management that they don't need ML when a simple IF-ELSE logic would work?,"So my org has hired a couple of data scientists recently. We've been inviting them regularly to our project meetings. It has been only a couple of weeks into the meetings and they have already started proposing ideas to the management about how the team should be using ML, DL and even LLMs. 

The management, clearly influenced by these fanc & fad terms, is now looking down upon my team for not having thought about these ideas before, and wants us to redesign a simple IF-ELSE business logic using ML.

It seems futile to workout an RoI calculation for this new initiative and present it to the management when they are hell-bent on having that sweet  AI tag in their list of accomplishments. Doing so would also show my team in bad light for resisting change and not being collaborative enough with the new guys.

But it is interesting how some new-age data scientists prematurely propose solutions, without even understanding the business problem and the tradeoffs. It is not the first time I am seeing this perennial itch to disrupt among newer professionals, even outside of data science. I've seen some very naive explanations given by these new data scientists, such as, ""Oh, its a standard algorithm. It just needs more data. It will get better over time."" Well, it does not get better. And it is my team that needs to do the clean up after all this POC mess. Why can't they spend time understanding what the business requirements are and if you really need to bring the big guns to a stick fight?

I'm not saying there aren't any ML problems that need solving in my org, but this one is not a problem that needs ML. It is just not worth the effort and resources. My current data science team is quite mature in business understanding and dissecting the problem to its bone before coming up with an analytical solution, either ML or otherwise; but now it is under pressure to spit out predictive models whose outputs are as good as flukes in production, only because management wants to ride the AI ML bandwagon.

Edit: They do not directly report to me, the VP level has interviewed them and hired them under their tutelage to make them data-smart. And since they give proposals to the VPs and SVPs directly, it is often they jumping down our throats to experiment and execute.",2023-08-19,296,https://www.reddit.com/r/datascience/comments/15vbkkn/how_do_you_convince_the_management_that_they_dont/
AI tools interview,datascience,Be careful with AI influencers marketing themself as data scientists or data experts,"On LinkedIn I see more and more people labeling them as data scientists, AI experts and what-not offering paid courses, interview training and resume review. Often, they have a non-data-science background and very little experience working as a professional. Quite common to show a previous job as a data scientist with a tenure less than 1 year (or multiple).

I know it can be appealing, as their message is often, everyone can be a data scientist, machine learning engineer or AI expert. Academic and professional degrees are overrated and it’s enough to take a Udemy or Coursera course to become a data scientist (affiliate link included). Simply follow them and buy their resources (which is usually very general advice, you can google in a few minutes).

But the reality is: They are usually not the experts they pretend to be. They typically don’t talk about expert topics, they talk about career, current hypes, and about very high-level projects. Sometimes they have a GitHub account, but they have no commits of just copy-pasted repositories from other people and some very basic entry-level stuff. They are usually on LinkedIn, Instagram, and YouTube and in podcasts, but never talking about expert topics.

Don’t trust these people and don’t buy courses there. Everything you need is either free of charge or it’s a professional degree. There is no easy-going way to become an expert in any topic. The only good advice these people can give is how to become a fake AI influencer. 

If you are looking for good advice, look for experts with a clear professional track record (several years), academic publications or talks at industry conferences and articles/blogposts about specific expert topics.",2023-02-06,510,https://www.reddit.com/r/datascience/comments/10v75gc/be_careful_with_ai_influencers_marketing_themself/
AI tools interview,datascience,Just spent the afternoon chatting with ChatGPT about a work problem. Now I am a convert. ,"
I have to build an optimization algorithm on a domain I have not worked in before (price sensitivity based, revenue optimization) 

Well, instead of googling around, I asked ChatGPT which we do have available at work. And it was eye opening. 

I am sure tomorrow when I review all my notes I’ll find errors. However, I have key concepts and definitions outlined with formulas. I have SQL/Jinja/ DBT and Python code examples to get me started on writing my solution - one that fits my data structure and complexities of my use case. 

Again. Tomorrow is about cross checking the output vs more reliable sources. But I got so much knowledge transfered to me. I am within a day so far in defining the problem. 

Unless every single thing in that output is completely wrong, I am definitely a convert. This is probably very old news to many but I really struggled to see how to use the new AI tools for anything useful. Until today. ",2024-11-26,276,https://www.reddit.com/r/datascience/comments/1h0intv/just_spent_the_afternoon_chatting_with_chatgpt/
AI tools interview,datascience,"“Good at practical ML, weak on theory” — getting the same feedback everywhere. How do I fix this?","Recently got this feedback after a machine learning engineer interview:

“You clearly understand how to make ML algorithms work in practice and have solid experience with real-world projects. But your explanations of the theoretical concepts behind the algorithms were vague or imprecise. We recommend taking a few months to review the fundamentals before reapplying.”

This isn’t the first time I’ve heard this — in fact, it’s a pattern I’m seeing across multiple interviews with tech-focused companies. And it’s getting in the way of landing the kinds of roles I’m really interested in.

Some context:
I’ve been working for 2–3 years as an ML engineer at a large non-tech company. My experience is pretty diverse — from traditional supervised learning to computer vision, with a recent shift toward GenAI (LLMs, embeddings, prompting, RAG, etc.). I’ve built end-to-end pipelines, deployed models, and shipped ML to production. But because the work is so applied — and lately very GenAI-oriented — I’ve honestly drifted away from the theoretical side of ML.

Now I’m trying to move into roles at more ML-mature companies, and I’m getting stuck at the theory part of the interviews.

My question is: how would you recommend brushing up on ML theory in a structured, deep way — after being in the field for a while?
I’m not starting from zero, but I clearly need to tighten up my understanding and explanations.

Would love any advice, resources, or even personal stories from others who made the leap from applied/practical ML to more theory-heavy roles.

Thanks in advance!
",2025-03-28,173,https://www.reddit.com/r/datascience/comments/1jlnhg1/good_at_practical_ml_weak_on_theory_getting_the/
AI tools interview,datascience,I’m not ready,"Three years ago I was able to pivot from engineering (no coding) to data science. I’ve been working here at a job I love, with an awesome team & boss and with a great pay. I’m 47, so not the youngest.

Now for family reasons I must leave and move back to my country of origin.

The thing is that, although I love the field and I keep reading books and trying to learn every day, this is such a vast field that I don’t think I’m ready at all. In these 3 years I’ve done basic ML projects, lots of xgboost, random forests, anomaly detection, dealing with pySpark with PB -sized dataframes, etc. But putting those models to production was made by my more experienced colleagues.

So, while I can say I’ve learnt on each project, I also see how MUCH I lack compared with my teammates, with 10+ years exp. on the field.

Today I just started looking for DS jobs and I just felt so depressed. Many ask for a DS who can do the whole thing from cleaning data to taking the models to production. I have no idea of that and it sounds extremely intimidating. I also dread the interview because while I can code, I often use LLMs for things that due to the pace of work, I simply decided to do with AI, i.e.: I understand and can read window functions but I’d need an AI to write them because I can never keep the sintaxis in mind. If an interviewer sees me struggling with the syntax, the interview is done

I feel very “green” to compete out there with other “proper” data scientists who have a well defined experience and knowledge. I wouldn’t mind applying to junior jobs but due to my age, most companies here wouldn’t hire a 47yr old “junior”.

I’m not able to work my old job in the location we’re moving to because it’s very niche and only a certain sector and a certain company size hires for that, and that isn’t there in our new area.

I don’t know what to do, or if this is normal and everybody feels like that. Or maybe you guys have any advice… Anything you can come up with will be highly appreciated because I need to provide for two kids and I just don’t know how. I’m beginning to feel desperate",2026-07-15,88,https://www.reddit.com/r/datascience/comments/1uxgqqz/im_not_ready/
Copilot interview,analytics,Current interview situation inquiry,"Given that all the big orgs now mostly has co-pilot to assist their workers from what I understand almost everyone is relying on co-pilot when coding. Especially when it comes to data analysis/cleaning, as long as the person understands the domain and knows what outcome to expect, they simply out in their inquiry in the co-pilot and let it do the heavy lifting for writing the python code and then the employee is running it. 

Now my question is, when applying for analytics position, can the candidate expect that interviewer will not ask coding question like writing it or verbal questions about how to run a certain query etcs? Cause at the end of the day I think the candidate would end up using the co-pilot to do the coding. 

Should the candidate be prepared to show coding skills when essentially from my experience understanding the outcome and knowing wha question to ask the copilot and then having the ability to check the outcome have become more important and reasonable? Want to know the view of of fellow forum members.",2026-07-23,2,https://www.reddit.com/r/analytics/comments/1v4rqqx/current_interview_situation_inquiry/
GPT interview,analytics,Job Hunt Guidance ,"Hello!!

I am a recent Masters graduate from a Canadian university with 1.5 years internship experience in Power BI and Power Platform. (2 years old experience in SAP ABAP). I cleared my PL-300 certification and have some projects.

I am searching for data analyst jobs for the last 2+ months but no luck for interviews. My resume should be fine as I am using the FAANG path LaTex format and GPT 4 for increasing ATS chances.

I am a bit down on the networking game and I would appreciate any feedback you guys might have if I am doing anything wrong.

Thanks <3",2024-11-06,0,https://www.reddit.com/r/analytics/comments/1glamma/job_hunt_guidance/
GPT interview,datascience,Created an app for practicing for your interviews with GPT,,2025-01-28,97,https://i.redd.it/vxjuxi5plqfe1.gif
GPT interview,datascience,Rejected after 3rd round live coding OA round,"As the title says, I made it to the 3rd round interview for a Staff DS role. Thought I was doing well, but I bombed the coding portion, I only managed to outline my approach instead of producing actual code. That’s on me, mostly because I’ve gotten used to relying on GPT to crank out code for me over the last two years. Most of what I do is build POCs, check hypotheses, then have GPT generate small snippets that I review for logic before applying it. I honestly haven’t done “live coding” in a while.

Before the interview, I prepped with DataLemur for the pandas related questions and brushed up on building simple NNs and GNNs from scratch to cover the conceptual/simple DS side. A little bit on the transformer module as well to have my bases cover if they ask for it. I didn’t expect a LeetCode-style live coding question. I ended up pseudo-coding it, then stumbling hard when I tried to actually implement it.

Got the rejection email today. Super heartbreaking to see. Do I go back to live-coding and memorizing syntax and practicing leetcodes for upcoming future DS interview?",2025-08-27,97,https://www.reddit.com/r/datascience/comments/1n1tk23/rejected_after_3rd_round_live_coding_oa_round/
GPT interview,datascience,Virtual Interviewer using gpt3.5-turbo,"I was working on an idea regarding taking job interviews using gpt 3.5-turbo. Does anyone have any ideas or suggestions regarding this? 

My idea is to pass the summarized JD as prompt woth instruction that ask question and the candidate will now answer.
But the problem comes when candidate's answers are transcribed and passed to gpt api... candidate's emotions (like getting stuck etc) during answering are not captured. Also the 4000 token limit of the gpt api.

Any suggestions regarding how to overcome these.",2023-06-07,0,https://www.reddit.com/r/datascience/comments/143dmh7/virtual_interviewer_using_gpt35turbo/
GPT interview,datascience,"GPT-4, my best study buddy!"," 

Today I find several prompts which could be very helpful for active learning.

**1. Generate Multiple Choice Question**

*Topic: { }*

*Write 3 multiple choice question with 1 correct answer and 3 incorrect distractor answers and let me choose an answer. Later you should let me know if I got it right or wrong and provide me with explanation.*

**2. Generate General Question**

>*Topic: { }*  
*Write 2* *data scientist interview questions* *about this topic and let me answer them. Later you should let me know if I got it right or wrong and provide me with explanation.*

**3. Learning by Teaching**

>*Please act as a data scientist. I will tell you what I l*  
*earn today and you can point out if I miss any step or made any mistake.*  
*Today I learn { }*

You can check my original post with example image here! Thank you!

[https://www.kaggle.com/code/kuixizhu/gpt-4-my-best-study-buddy](https://www.kaggle.com/code/kuixizhu/gpt-4-my-best-study-buddy)",2023-04-19,3,https://www.reddit.com/r/datascience/comments/12rgc2w/gpt4_my_best_study_buddy/
LLM interview,datascience,Are LLMs necessary to get a job?,"For someone laid off in 2023 before the LLM/Agent craze went mainstream, do you think I need to learn LLM architecture? Are certs or github projects worth anything as far as getting through the filters and/or landing a job?  

I have 10 YOE. I specialized in machine learning at the start, but the last 5 years of employment, I was at a FAANG company and didnt directly own any ML stuff. It seems ""traditional"" ML demand, especially without LLM knowledge, is almost zero. I've had some interviews for roles focused on experimentation, but no offers.    
I can't tell whether my previous experience is irrelevant now. I deployed ""deep"" learning pipelines with basic MLOps. I did a lot of predictive analytics, segmentation, and data exploration with ML.  

I understand the landscape and tech OK, but it seems like every job description now says you need direct experience with agentic frameworks, developing/optimizing/tuning LLMs, and using orchestration frameworks or advanced MLOps. I don't see how DS could have changed enough in two years that every candidate has on-the-job experience with this now.  

It seems like actually getting confident with the full stack/architecture would take a 6 month course or cert. Ive tried shorter trainings and free content... and it seems like everyone is just learning ""prompt engineering,"" basic RAG with agents, and building chatbots without investigating the underlying architecture at all.  

Are the job descriptions misrepresenting the level of skill needed or am I just out of the loop?",2025-10-02,86,https://www.reddit.com/r/datascience/comments/1nwh00i/are_llms_necessary_to_get_a_job/
LLM interview,datascience,Seeking Advice: How to Effectively Develop advanced ML skills,"**About me** \- I am a DS with currently 3.5 YoE under my belt with experience in BFSI and FMCG.

In the past couple of months, I’ve spoken with several mid-level data scientists working at my target companies. After reviewing my resume, they all pointed out the same gaps:

1. I lack NLP, Deep Learning, and LLM experience.
2. I don’t have any projects demonstrating these skills.
3. Feedback on my resume format varied from person to person.

Given this, I’d like advice on the following:

* How can I develop an intermediate-level understanding of NLP, DL, and LLMs enough to score a new job?
* Courses provide a high-level overview, but they often lack depth—what’s the best way to go deeper?
* I feel like **I’m being stretched too thin** by trying to learn these topics in different ways (courses, projects etc.). How would you approach this to stay focused and maximize learning?
* How do you gauge depth of your knowledge for interview?

Would appreciate any insights or strategies that worked for you!",2025-03-16,178,https://www.reddit.com/r/datascience/comments/1jclsn8/seeking_advice_how_to_effectively_develop/
LLM interview,datascience,What's it like building models in the Fraud space? Is it a growing domain? ,"I'm interviewing for a Fraud DS role in a smaller bank that's in the F100. At each step of the process, they've mentioned that they're building a Fraud DS team and that there's a lot of opportunity in the space, but also that banks are being paralyzed by fraud losses.

I'm not too interested in classification models. But it pays more than what I currently make. I'm a little worried that there'll be a lot of compliance/MRM things compared to other industries - is that true?

Only reason why I'm hesitant is that I've been focusing on LLM work for a while and it doesn't seem like that's what the Fraud space does.

To sum it up:

1. Is there a ton of red tape/compliance/MRM work with Fraud models?
2. With an increase of Fraud losses every year, is this an area that'll be a hot commodity/good to get experience with?
3. Can you really do LLM work in this space? The VP I interviewed with said that the space was going to do GenAI in a few years, but when I asked him questions on what that meant to him, he had no clue but wanted to get into it
4. Is real-time data used to decline transactions instead of just detection?

EDIT: Definitely came to the conclusion that I want to apply to other banking companies. And that there's  a lot to learn in regards to 3 and 4. ",2024-12-18,62,https://www.reddit.com/r/datascience/comments/1hguh6u/whats_it_like_building_models_in_the_fraud_space/
LLM interview,datascience,ML Engineer GenAI @ Amazon,"UP: Check my comment about how it went [here](https://www.reddit.com/r/datascience/comments/1jrdrpx/comment/mz4wmq0/)  
  
I'll be having technical ML Engineer interview @ Amazon on Thursday and was researching what can I expect to be asked about. All online resources talk about ML concepts, system design and leadership rules, but they seem to omit job description.

IMO it doesn't make any sense for interviewer to ask about PCA, K-means, linear regression, etc. when the role is mostly relating to applying GenAI solutions, LLM customization and fine tuning. Also data structures & algos seem to me close to irrelevant in that context.

Does anyone have any prior experience applying to this department and know if it's better to focus on prioritizing more on GenAI related concepts or keep it broad? Or maybe you've been interviewing to different department and can tell how closely the questions were relating to job description?",2025-04-04,112,https://www.reddit.com/r/datascience/comments/1jrdrpx/ml_engineer_genai_amazon/
LLM interview,datascience,Transition to SDE,"Is there anyone here who has transitioned to SDE from DS? I have been working as a data scientist for over 2 years now, so my CV comprises of DS related experience only. I want to explore opportunities in SDE (as well as DS/MLE) since I am not enjoying the kind of work I am doing now. My background is CS. 

If someone has done it, can you suggest how to prepare for it given that I have worked as DS? Should I include SDE related self projects? Btw there's no opportunity in my current organization to internally transition to SDE. And I am more inclined towards product related companies.",2025-04-29,26,https://www.reddit.com/r/datascience/comments/1kapuvz/transition_to_sde/
LLM interview,datascience,Looking for career advice,"Hi folks,
I am a data scientist with 3 years of Experience.  I have bachelor's degree in Computer Engineering from a tier 1 college in India. 


I have worked at 2 companies and have experience in time series forecasting, pattern recognition with residual neural network and fine-tuning LLM's.
During my bachelor's I published a paper on Reinforcement Learning and NLP in IEEE Xplore. 

Currently I am working as the lone data scientist at a health tech startup company. Even though I am a data scientist by title, I am being handed projects which are more related to backend engineering. I am developing APIs in Python, and the ""intelligent automated"" solutions I am working on are just basic filtering algorithms with a bunch of if-else statements, I have been strictly told to stick to if else statements otherwise the project won't get delivered on time if I try to implement a model for the same task. I don't like my work and the senior management/leadership expects me to work at the same speed as other experienced backend developers, even though I am doing backend development for the first time, I have also communicated this to them that I would need time to first learn and then implement, but the leadership still fails to comprehend this and asks me to complete my projects in a shorter time frame. On top of this whenever there is a real data science or AI related project, the leadership decides to get it done by a third party as the data scientist(me) is busy completing backend projects and hence does not  have bandwidth. I really don't like the work I am doing here and looking for a switch. 

I have started applying to big tech companies such as Google, Amazon, Microsoft, Uber, etc for entry or mid level data science roles, and I am getting rejected from everywhere without even getting an interview even after being referred for the role , I have been only applying to roles where Master's/PhD is not the minimum qualification required. 

So now should I keep applying to companies or should I go for an MS. 


TLDR- Data Scientist 3 YOE; Working at health tech startup and only being handed over backend projects and don't like it; looking for jobs but getting rejected by big tech companies; should go for MS or keep looking for jobs?",2023-09-09,0,https://www.reddit.com/r/datascience/comments/16efcgd/looking_for_career_advice/
LLM interview,datascience,LLM-related newsletter sharing concepts and projects from a freelancers perspective,"Thought this might interest a few of you, ive been writing on LLMs for a few days now at [https://llmentary.substack.com/](https://llmentary.substack.com/) , so please subscribe if interested :)

I am (now) a freelancer building LLM based applications, so plant o share my learnigns with LLMs, the market for LLM apps and hope to also interview other freelancers in this space. 

If you have any questions about freelancing, happy to share some info.",2023-08-09,2,https://www.reddit.com/r/datascience/comments/15m8wjf/llmrelated_newsletter_sharing_concepts_and/
